--
-- PostgreSQL database dump
--

-- Dumped from database version 17.1
-- Dumped by pg_dump version 17.1

-- Started on 2025-01-15 13:22:05

SET statement_timeout = 0;
SET lock_timeout = 0;
SET idle_in_transaction_session_timeout = 0;
SET transaction_timeout = 0;
SET client_encoding = 'UTF8';
SET standard_conforming_strings = on;
SELECT pg_catalog.set_config('search_path', '', false);
SET check_function_bodies = false;
SET xmloption = content;
SET client_min_messages = warning;
SET row_security = off;

SET default_tablespace = '';

SET default_table_access_method = heap;

--
-- TOC entry 224 (class 1259 OID 16960)
-- Name: auth_group; Type: TABLE; Schema: public; Owner: michpi
--

CREATE TABLE public.auth_group (
    id integer NOT NULL,
    name character varying(150) NOT NULL
);


ALTER TABLE public.auth_group OWNER TO michpi;

--
-- TOC entry 223 (class 1259 OID 16959)
-- Name: auth_group_id_seq; Type: SEQUENCE; Schema: public; Owner: michpi
--

ALTER TABLE public.auth_group ALTER COLUMN id ADD GENERATED BY DEFAULT AS IDENTITY (
    SEQUENCE NAME public.auth_group_id_seq
    START WITH 1
    INCREMENT BY 1
    NO MINVALUE
    NO MAXVALUE
    CACHE 1
);


--
-- TOC entry 226 (class 1259 OID 16968)
-- Name: auth_group_permissions; Type: TABLE; Schema: public; Owner: michpi
--

CREATE TABLE public.auth_group_permissions (
    id bigint NOT NULL,
    group_id integer NOT NULL,
    permission_id integer NOT NULL
);


ALTER TABLE public.auth_group_permissions OWNER TO michpi;

--
-- TOC entry 225 (class 1259 OID 16967)
-- Name: auth_group_permissions_id_seq; Type: SEQUENCE; Schema: public; Owner: michpi
--

ALTER TABLE public.auth_group_permissions ALTER COLUMN id ADD GENERATED BY DEFAULT AS IDENTITY (
    SEQUENCE NAME public.auth_group_permissions_id_seq
    START WITH 1
    INCREMENT BY 1
    NO MINVALUE
    NO MAXVALUE
    CACHE 1
);


--
-- TOC entry 222 (class 1259 OID 16954)
-- Name: auth_permission; Type: TABLE; Schema: public; Owner: michpi
--

CREATE TABLE public.auth_permission (
    id integer NOT NULL,
    name character varying(255) NOT NULL,
    content_type_id integer NOT NULL,
    codename character varying(100) NOT NULL
);


ALTER TABLE public.auth_permission OWNER TO michpi;

--
-- TOC entry 221 (class 1259 OID 16953)
-- Name: auth_permission_id_seq; Type: SEQUENCE; Schema: public; Owner: michpi
--

ALTER TABLE public.auth_permission ALTER COLUMN id ADD GENERATED BY DEFAULT AS IDENTITY (
    SEQUENCE NAME public.auth_permission_id_seq
    START WITH 1
    INCREMENT BY 1
    NO MINVALUE
    NO MAXVALUE
    CACHE 1
);


--
-- TOC entry 228 (class 1259 OID 16974)
-- Name: auth_user; Type: TABLE; Schema: public; Owner: michpi
--

CREATE TABLE public.auth_user (
    id integer NOT NULL,
    password character varying(128) NOT NULL,
    last_login timestamp with time zone,
    is_superuser boolean NOT NULL,
    username character varying(150) NOT NULL,
    first_name character varying(150) NOT NULL,
    last_name character varying(150) NOT NULL,
    email character varying(254) NOT NULL,
    is_staff boolean NOT NULL,
    is_active boolean NOT NULL,
    date_joined timestamp with time zone NOT NULL
);


ALTER TABLE public.auth_user OWNER TO michpi;

--
-- TOC entry 230 (class 1259 OID 16982)
-- Name: auth_user_groups; Type: TABLE; Schema: public; Owner: michpi
--

CREATE TABLE public.auth_user_groups (
    id bigint NOT NULL,
    user_id integer NOT NULL,
    group_id integer NOT NULL
);


ALTER TABLE public.auth_user_groups OWNER TO michpi;

--
-- TOC entry 229 (class 1259 OID 16981)
-- Name: auth_user_groups_id_seq; Type: SEQUENCE; Schema: public; Owner: michpi
--

ALTER TABLE public.auth_user_groups ALTER COLUMN id ADD GENERATED BY DEFAULT AS IDENTITY (
    SEQUENCE NAME public.auth_user_groups_id_seq
    START WITH 1
    INCREMENT BY 1
    NO MINVALUE
    NO MAXVALUE
    CACHE 1
);


--
-- TOC entry 227 (class 1259 OID 16973)
-- Name: auth_user_id_seq; Type: SEQUENCE; Schema: public; Owner: michpi
--

ALTER TABLE public.auth_user ALTER COLUMN id ADD GENERATED BY DEFAULT AS IDENTITY (
    SEQUENCE NAME public.auth_user_id_seq
    START WITH 1
    INCREMENT BY 1
    NO MINVALUE
    NO MAXVALUE
    CACHE 1
);


--
-- TOC entry 232 (class 1259 OID 16988)
-- Name: auth_user_user_permissions; Type: TABLE; Schema: public; Owner: michpi
--

CREATE TABLE public.auth_user_user_permissions (
    id bigint NOT NULL,
    user_id integer NOT NULL,
    permission_id integer NOT NULL
);


ALTER TABLE public.auth_user_user_permissions OWNER TO michpi;

--
-- TOC entry 231 (class 1259 OID 16987)
-- Name: auth_user_user_permissions_id_seq; Type: SEQUENCE; Schema: public; Owner: michpi
--

ALTER TABLE public.auth_user_user_permissions ALTER COLUMN id ADD GENERATED BY DEFAULT AS IDENTITY (
    SEQUENCE NAME public.auth_user_user_permissions_id_seq
    START WITH 1
    INCREMENT BY 1
    NO MINVALUE
    NO MAXVALUE
    CACHE 1
);


--
-- TOC entry 249 (class 1259 OID 17232)
-- Name: construction_avancement; Type: TABLE; Schema: public; Owner: michpi
--

CREATE TABLE public.construction_avancement (
    id bigint NOT NULL,
    etat character varying(25) NOT NULL,
    avancement integer NOT NULL,
    inaugurable character varying(10),
    "Niveau" text,
    "TravauxRestant" text,
    create_on timestamp with time zone NOT NULL,
    site_id bigint NOT NULL,
    photo1 character varying(100),
    photo2 character varying(100),
    photo3 character varying(100),
    photo4 character varying(100),
    annee_achevement character varying(10),
    observation text
);


ALTER TABLE public.construction_avancement OWNER TO michpi;

--
-- TOC entry 248 (class 1259 OID 17231)
-- Name: construction_avancement_id_seq; Type: SEQUENCE; Schema: public; Owner: michpi
--

ALTER TABLE public.construction_avancement ALTER COLUMN id ADD GENERATED BY DEFAULT AS IDENTITY (
    SEQUENCE NAME public.construction_avancement_id_seq
    START WITH 1
    INCREMENT BY 1
    NO MINVALUE
    NO MAXVALUE
    CACHE 1
);


--
-- TOC entry 243 (class 1259 OID 17114)
-- Name: construction_commune; Type: TABLE; Schema: public; Owner: michpi
--

CREATE TABLE public.construction_commune (
    id bigint NOT NULL,
    name character varying(250) NOT NULL,
    create_on timestamp with time zone NOT NULL,
    district_id bigint NOT NULL
);


ALTER TABLE public.construction_commune OWNER TO michpi;

--
-- TOC entry 242 (class 1259 OID 17113)
-- Name: construction_commune_id_seq; Type: SEQUENCE; Schema: public; Owner: michpi
--

ALTER TABLE public.construction_commune ALTER COLUMN id ADD GENERATED BY DEFAULT AS IDENTITY (
    SEQUENCE NAME public.construction_commune_id_seq
    START WITH 1
    INCREMENT BY 1
    NO MINVALUE
    NO MAXVALUE
    CACHE 1
);


--
-- TOC entry 255 (class 1259 OID 33393)
-- Name: construction_conge; Type: TABLE; Schema: public; Owner: michpi
--

CREATE TABLE public.construction_conge (
    id bigint NOT NULL,
    annee integer NOT NULL,
    date_debut date NOT NULL,
    date_fin date NOT NULL,
    statut character varying(20) NOT NULL,
    justification text,
    fond character varying(100),
    utilisateur_id bigint NOT NULL,
    type_conge_id bigint NOT NULL,
    CONSTRAINT construction_conge_annee_check CHECK ((annee >= 0))
);


ALTER TABLE public.construction_conge OWNER TO michpi;

--
-- TOC entry 254 (class 1259 OID 33392)
-- Name: construction_conge_id_seq; Type: SEQUENCE; Schema: public; Owner: michpi
--

ALTER TABLE public.construction_conge ALTER COLUMN id ADD GENERATED BY DEFAULT AS IDENTITY (
    SEQUENCE NAME public.construction_conge_id_seq
    START WITH 1
    INCREMENT BY 1
    NO MINVALUE
    NO MAXVALUE
    CACHE 1
);


--
-- TOC entry 240 (class 1259 OID 17087)
-- Name: construction_district; Type: TABLE; Schema: public; Owner: michpi
--

CREATE TABLE public.construction_district (
    id bigint NOT NULL,
    name character varying(250) NOT NULL,
    create_on timestamp with time zone NOT NULL,
    region_id bigint NOT NULL
);


ALTER TABLE public.construction_district OWNER TO michpi;

--
-- TOC entry 239 (class 1259 OID 17086)
-- Name: construction_district_id_seq; Type: SEQUENCE; Schema: public; Owner: michpi
--

ALTER TABLE public.construction_district ALTER COLUMN id ADD GENERATED BY DEFAULT AS IDENTITY (
    SEQUENCE NAME public.construction_district_id_seq
    START WITH 1
    INCREMENT BY 1
    NO MINVALUE
    NO MAXVALUE
    CACHE 1
);


--
-- TOC entry 247 (class 1259 OID 17193)
-- Name: construction_marche; Type: TABLE; Schema: public; Owner: michpi
--

CREATE TABLE public.construction_marche (
    id bigint NOT NULL,
    "numMarche" character varying(255),
    "NbSalle" character varying(10) NOT NULL,
    "Titulaire" character varying(255),
    "NumTitulaire" character varying(50),
    "delaiEx" character varying(50),
    batiment character varying(25) NOT NULL,
    travaux character varying(25) NOT NULL,
    financement character varying(25) NOT NULL,
    os character varying(25) NOT NULL,
    create_on timestamp with time zone NOT NULL,
    site_id bigint NOT NULL
);


ALTER TABLE public.construction_marche OWNER TO michpi;

--
-- TOC entry 246 (class 1259 OID 17192)
-- Name: construction_marche_id_seq; Type: SEQUENCE; Schema: public; Owner: michpi
--

ALTER TABLE public.construction_marche ALTER COLUMN id ADD GENERATED BY DEFAULT AS IDENTITY (
    SEQUENCE NAME public.construction_marche_id_seq
    START WITH 1
    INCREMENT BY 1
    NO MINVALUE
    NO MAXVALUE
    CACHE 1
);


--
-- TOC entry 251 (class 1259 OID 33375)
-- Name: construction_personnel; Type: TABLE; Schema: public; Owner: michpi
--

CREATE TABLE public.construction_personnel (
    id bigint NOT NULL,
    im character varying(20) NOT NULL,
    nom character varying(100) NOT NULL,
    prenom character varying(100) NOT NULL,
    tel character varying(100),
    fonction character varying(100) NOT NULL,
    service character varying(25) NOT NULL
);


ALTER TABLE public.construction_personnel OWNER TO michpi;

--
-- TOC entry 250 (class 1259 OID 33374)
-- Name: construction_personnel_id_seq; Type: SEQUENCE; Schema: public; Owner: michpi
--

ALTER TABLE public.construction_personnel ALTER COLUMN id ADD GENERATED BY DEFAULT AS IDENTITY (
    SEQUENCE NAME public.construction_personnel_id_seq
    START WITH 1
    INCREMENT BY 1
    NO MINVALUE
    NO MAXVALUE
    CACHE 1
);


--
-- TOC entry 236 (class 1259 OID 17075)
-- Name: construction_province; Type: TABLE; Schema: public; Owner: michpi
--

CREATE TABLE public.construction_province (
    id bigint NOT NULL,
    name character varying(250) NOT NULL,
    create_on timestamp with time zone NOT NULL
);


ALTER TABLE public.construction_province OWNER TO michpi;

--
-- TOC entry 235 (class 1259 OID 17074)
-- Name: construction_province_id_seq; Type: SEQUENCE; Schema: public; Owner: michpi
--

ALTER TABLE public.construction_province ALTER COLUMN id ADD GENERATED BY DEFAULT AS IDENTITY (
    SEQUENCE NAME public.construction_province_id_seq
    START WITH 1
    INCREMENT BY 1
    NO MINVALUE
    NO MAXVALUE
    CACHE 1
);


--
-- TOC entry 257 (class 1259 OID 33402)
-- Name: construction_quotaannuel; Type: TABLE; Schema: public; Owner: michpi
--

CREATE TABLE public.construction_quotaannuel (
    id bigint NOT NULL,
    annee integer NOT NULL,
    quota_total integer NOT NULL,
    quota_utilise integer NOT NULL,
    fond character varying(100),
    utilisateur_id bigint NOT NULL,
    CONSTRAINT construction_quotaannuel_annee_check CHECK ((annee >= 0)),
    CONSTRAINT construction_quotaannuel_quota_total_check CHECK ((quota_total >= 0)),
    CONSTRAINT construction_quotaannuel_quota_utilise_check CHECK ((quota_utilise >= 0))
);


ALTER TABLE public.construction_quotaannuel OWNER TO michpi;

--
-- TOC entry 256 (class 1259 OID 33401)
-- Name: construction_quotaannuel_id_seq; Type: SEQUENCE; Schema: public; Owner: michpi
--

ALTER TABLE public.construction_quotaannuel ALTER COLUMN id ADD GENERATED BY DEFAULT AS IDENTITY (
    SEQUENCE NAME public.construction_quotaannuel_id_seq
    START WITH 1
    INCREMENT BY 1
    NO MINVALUE
    NO MAXVALUE
    CACHE 1
);


--
-- TOC entry 238 (class 1259 OID 17081)
-- Name: construction_region; Type: TABLE; Schema: public; Owner: michpi
--

CREATE TABLE public.construction_region (
    id bigint NOT NULL,
    name character varying(250) NOT NULL,
    create_on timestamp with time zone NOT NULL,
    province_id bigint NOT NULL
);


ALTER TABLE public.construction_region OWNER TO michpi;

--
-- TOC entry 237 (class 1259 OID 17080)
-- Name: construction_region_id_seq; Type: SEQUENCE; Schema: public; Owner: michpi
--

ALTER TABLE public.construction_region ALTER COLUMN id ADD GENERATED BY DEFAULT AS IDENTITY (
    SEQUENCE NAME public.construction_region_id_seq
    START WITH 1
    INCREMENT BY 1
    NO MINVALUE
    NO MAXVALUE
    CACHE 1
);


--
-- TOC entry 245 (class 1259 OID 17159)
-- Name: construction_site; Type: TABLE; Schema: public; Owner: michpi
--

CREATE TABLE public.construction_site (
    id bigint NOT NULL,
    objet text NOT NULL,
    "nomEtab" character varying(255) NOT NULL,
    "TypeEtab" character varying(25) NOT NULL,
    fokontany character varying(255),
    create_on timestamp with time zone NOT NULL,
    commune_id bigint NOT NULL
);


ALTER TABLE public.construction_site OWNER TO michpi;

--
-- TOC entry 244 (class 1259 OID 17158)
-- Name: construction_site_id_seq; Type: SEQUENCE; Schema: public; Owner: michpi
--

ALTER TABLE public.construction_site ALTER COLUMN id ADD GENERATED BY DEFAULT AS IDENTITY (
    SEQUENCE NAME public.construction_site_id_seq
    START WITH 1
    INCREMENT BY 1
    NO MINVALUE
    NO MAXVALUE
    CACHE 1
);


--
-- TOC entry 253 (class 1259 OID 33385)
-- Name: construction_typeconge; Type: TABLE; Schema: public; Owner: michpi
--

CREATE TABLE public.construction_typeconge (
    id bigint NOT NULL,
    nom character varying(100) NOT NULL,
    description text
);


ALTER TABLE public.construction_typeconge OWNER TO michpi;

--
-- TOC entry 252 (class 1259 OID 33384)
-- Name: construction_typeconge_id_seq; Type: SEQUENCE; Schema: public; Owner: michpi
--

ALTER TABLE public.construction_typeconge ALTER COLUMN id ADD GENERATED BY DEFAULT AS IDENTITY (
    SEQUENCE NAME public.construction_typeconge_id_seq
    START WITH 1
    INCREMENT BY 1
    NO MINVALUE
    NO MAXVALUE
    CACHE 1
);


--
-- TOC entry 234 (class 1259 OID 17046)
-- Name: django_admin_log; Type: TABLE; Schema: public; Owner: michpi
--

CREATE TABLE public.django_admin_log (
    id integer NOT NULL,
    action_time timestamp with time zone NOT NULL,
    object_id text,
    object_repr character varying(200) NOT NULL,
    action_flag smallint NOT NULL,
    change_message text NOT NULL,
    content_type_id integer,
    user_id integer NOT NULL,
    CONSTRAINT django_admin_log_action_flag_check CHECK ((action_flag >= 0))
);


ALTER TABLE public.django_admin_log OWNER TO michpi;

--
-- TOC entry 233 (class 1259 OID 17045)
-- Name: django_admin_log_id_seq; Type: SEQUENCE; Schema: public; Owner: michpi
--

ALTER TABLE public.django_admin_log ALTER COLUMN id ADD GENERATED BY DEFAULT AS IDENTITY (
    SEQUENCE NAME public.django_admin_log_id_seq
    START WITH 1
    INCREMENT BY 1
    NO MINVALUE
    NO MAXVALUE
    CACHE 1
);


--
-- TOC entry 220 (class 1259 OID 16946)
-- Name: django_content_type; Type: TABLE; Schema: public; Owner: michpi
--

CREATE TABLE public.django_content_type (
    id integer NOT NULL,
    app_label character varying(100) NOT NULL,
    model character varying(100) NOT NULL
);


ALTER TABLE public.django_content_type OWNER TO michpi;

--
-- TOC entry 219 (class 1259 OID 16945)
-- Name: django_content_type_id_seq; Type: SEQUENCE; Schema: public; Owner: michpi
--

ALTER TABLE public.django_content_type ALTER COLUMN id ADD GENERATED BY DEFAULT AS IDENTITY (
    SEQUENCE NAME public.django_content_type_id_seq
    START WITH 1
    INCREMENT BY 1
    NO MINVALUE
    NO MAXVALUE
    CACHE 1
);


--
-- TOC entry 218 (class 1259 OID 16938)
-- Name: django_migrations; Type: TABLE; Schema: public; Owner: michpi
--

CREATE TABLE public.django_migrations (
    id bigint NOT NULL,
    app character varying(255) NOT NULL,
    name character varying(255) NOT NULL,
    applied timestamp with time zone NOT NULL
);


ALTER TABLE public.django_migrations OWNER TO michpi;

--
-- TOC entry 217 (class 1259 OID 16937)
-- Name: django_migrations_id_seq; Type: SEQUENCE; Schema: public; Owner: michpi
--

ALTER TABLE public.django_migrations ALTER COLUMN id ADD GENERATED BY DEFAULT AS IDENTITY (
    SEQUENCE NAME public.django_migrations_id_seq
    START WITH 1
    INCREMENT BY 1
    NO MINVALUE
    NO MAXVALUE
    CACHE 1
);


--
-- TOC entry 241 (class 1259 OID 17104)
-- Name: django_session; Type: TABLE; Schema: public; Owner: michpi
--

CREATE TABLE public.django_session (
    session_key character varying(40) NOT NULL,
    session_data text NOT NULL,
    expire_date timestamp with time zone NOT NULL
);


ALTER TABLE public.django_session OWNER TO michpi;

--
-- TOC entry 4998 (class 0 OID 16960)
-- Dependencies: 224
-- Data for Name: auth_group; Type: TABLE DATA; Schema: public; Owner: michpi
--

COPY public.auth_group (id, name) FROM stdin;
\.


--
-- TOC entry 5000 (class 0 OID 16968)
-- Dependencies: 226
-- Data for Name: auth_group_permissions; Type: TABLE DATA; Schema: public; Owner: michpi
--

COPY public.auth_group_permissions (id, group_id, permission_id) FROM stdin;
\.


--
-- TOC entry 4996 (class 0 OID 16954)
-- Dependencies: 222
-- Data for Name: auth_permission; Type: TABLE DATA; Schema: public; Owner: michpi
--

COPY public.auth_permission (id, name, content_type_id, codename) FROM stdin;
1	Can add log entry	1	add_logentry
2	Can change log entry	1	change_logentry
3	Can delete log entry	1	delete_logentry
4	Can view log entry	1	view_logentry
5	Can add permission	2	add_permission
6	Can change permission	2	change_permission
7	Can delete permission	2	delete_permission
8	Can view permission	2	view_permission
9	Can add group	3	add_group
10	Can change group	3	change_group
11	Can delete group	3	delete_group
12	Can view group	3	view_group
13	Can add user	4	add_user
14	Can change user	4	change_user
15	Can delete user	4	delete_user
16	Can view user	4	view_user
17	Can add content type	5	add_contenttype
18	Can change content type	5	change_contenttype
19	Can delete content type	5	delete_contenttype
20	Can view content type	5	view_contenttype
21	Can add session	6	add_session
22	Can change session	6	change_session
23	Can delete session	6	delete_session
24	Can view session	6	view_session
25	Can add province	7	add_province
26	Can change province	7	change_province
27	Can delete province	7	delete_province
28	Can view province	7	view_province
29	Can add region	8	add_region
30	Can change region	8	change_region
31	Can delete region	8	delete_region
32	Can view region	8	view_region
33	Can add district	9	add_district
34	Can change district	9	change_district
35	Can delete district	9	delete_district
36	Can view district	9	view_district
37	Can add commune	10	add_commune
38	Can change commune	10	change_commune
39	Can delete commune	10	delete_commune
40	Can view commune	10	view_commune
41	Can add site	11	add_site
42	Can change site	11	change_site
43	Can delete site	11	delete_site
44	Can view site	11	view_site
45	Can add marche	12	add_marche
46	Can change marche	12	change_marche
47	Can delete marche	12	delete_marche
48	Can view marche	12	view_marche
49	Can add avancement	13	add_avancement
50	Can change avancement	13	change_avancement
51	Can delete avancement	13	delete_avancement
52	Can view avancement	13	view_avancement
53	Can add conge	14	add_conge
54	Can change conge	14	change_conge
55	Can delete conge	14	delete_conge
56	Can view conge	14	view_conge
57	Can add personnel	15	add_personnel
58	Can change personnel	15	change_personnel
59	Can delete personnel	15	delete_personnel
60	Can view personnel	15	view_personnel
61	Can add quota annuel	16	add_quotaannuel
62	Can change quota annuel	16	change_quotaannuel
63	Can delete quota annuel	16	delete_quotaannuel
64	Can view quota annuel	16	view_quotaannuel
65	Can add type conge	17	add_typeconge
66	Can change type conge	17	change_typeconge
67	Can delete type conge	17	delete_typeconge
68	Can view type conge	17	view_typeconge
\.


--
-- TOC entry 5002 (class 0 OID 16974)
-- Dependencies: 228
-- Data for Name: auth_user; Type: TABLE DATA; Schema: public; Owner: michpi
--

COPY public.auth_user (id, password, last_login, is_superuser, username, first_name, last_name, email, is_staff, is_active, date_joined) FROM stdin;
2	pbkdf2_sha256$870000$sFA1FW4eLWpiL6uUltvON4$u1sI6OJuz71Dtc95uLQBfaNywE7lB8m92d2/3fMCwyc=	2025-01-15 12:37:48.411829+03	t	dpfipi			pinvestmenttech@gmail.com	t	t	2025-01-14 12:29:52.821474+03
\.


--
-- TOC entry 5004 (class 0 OID 16982)
-- Dependencies: 230
-- Data for Name: auth_user_groups; Type: TABLE DATA; Schema: public; Owner: michpi
--

COPY public.auth_user_groups (id, user_id, group_id) FROM stdin;
\.


--
-- TOC entry 5006 (class 0 OID 16988)
-- Dependencies: 232
-- Data for Name: auth_user_user_permissions; Type: TABLE DATA; Schema: public; Owner: michpi
--

COPY public.auth_user_user_permissions (id, user_id, permission_id) FROM stdin;
\.


--
-- TOC entry 5023 (class 0 OID 17232)
-- Dependencies: 249
-- Data for Name: construction_avancement; Type: TABLE DATA; Schema: public; Owner: michpi
--

COPY public.construction_avancement (id, etat, avancement, inaugurable, "Niveau", "TravauxRestant", create_on, site_id, photo1, photo2, photo3, photo4, annee_achevement, observation) FROM stdin;
406	Achevée	100	OUI	nan	nan	2025-01-04 14:53:31.989478+03	2871					2021.0	Achevée
407	Achevée	100	DEJA	nan	nan	2025-01-04 14:53:31.995486+03	2872					2021.0	Achevée
408	Non commencée	0	nan	nan	nan	2025-01-04 14:53:31.99978+03	2873					nan	Non commencée
409	Achevée	100	OUI	nan	nan	2025-01-04 14:53:32.004154+03	2874					nan	Achevée
410	Achevée	100	OUI	nan	nan	2025-01-04 14:53:32.008174+03	2875					nan	Achevée
411	Achevée	100	OUI	nan	nan	2025-01-04 14:53:32.013219+03	2876					2022.0	Achevée
412	Achevée	100	DEJA	nan	nan	2025-01-04 14:53:32.017208+03	2877					2020.0	Achevée
415	Achevée	100	NON	nan	nan	2025-01-04 14:53:32.030284+03	2880					2022.0	Achevée
416	Achevée	100	NON	nan	nan	2025-01-04 14:53:32.03522+03	2881					2021.0	Achevée
417	En arrêt	0	NON	nan	nan	2025-01-04 14:53:32.041786+03	2882					nan	implatntation
418	En arrêt	0	NON	nan	Aménagement extérieur ,électricité, peinture Assainissement, Menuiserie bois, Menuiserie aluminium, Menuiserie métallique, charpente – couverture – plafonnage-étanchéité,  Maçonnerie –Ravalement , ouvrage en superstructure  -ouvrage en infrastructure	2025-01-04 14:53:32.045434+03	2883					nan	implatntation
419	Achevée	100	NON	nan	Aménagement extérieur ,électricité, peinture Assainissement, Menuiserie bois, Menuiserie aluminium, Menuiserie métallique, charpente – couverture – plafonnage-étanchéité,32% Maçonnerie –Ravalement ,19% ouvrage en superstructure  	2025-01-04 14:53:32.050184+03	2884					nan	Achevée
420	Achevée	100	NON	nan	Aménagement extérieur ,électricité, peinture Assainissement, Menuiserie bois, Menuiserie aluminium, Menuiserie métallique, charpente – couverture – plafonnage-étanchéité,32% Maçonnerie –Ravalement ,25% ouvrage en superstructure  	2025-01-04 14:53:32.054006+03	2885					nan	Achevée
421	Non commencée	0	NON	nan	nan	2025-01-04 14:53:32.059108+03	2886					nan	Non commencée
422	Non commencée	0	nan	nan	nan	2025-01-04 14:53:32.063133+03	2887					nan	AU NIVEAU CNM
423	Non commencée	0	NON	nan	nan	2025-01-04 14:53:32.06709+03	2888					nan	Non commencée
424	Achevée	100	OUI	nan	nan	2025-01-04 14:53:32.073083+03	2889					2021.0	Achevée
425	Achevée	78	NON	nan	Aménagement extérieur ,électricité, 70% peinture Assainissement, Menuiserie bois, Menuiserie aluminium, Menuiserie métallique, charpente – couverture – plafonnage-étanchéité,   	2025-01-04 14:53:32.078195+03	2890					nan	Achevée
426	Non commencée	0	NON	nan	nan	2025-01-04 14:53:32.084079+03	2891					nan	Non commencée
427	En cours	80	NON	nan	Aménagement extérieur , électricité, 50% peinture Assainissement, Menuiserie bois,	2025-01-04 14:53:32.090116+03	2892					nan	En cours
428	Achevée	100	OUI	nan	nan	2025-01-04 14:53:32.095088+03	2893					2020.0	Achevée
429	Achevée	98	NON	amenagement	Aménagement extérieur,  Assainissement,   	2025-01-04 14:53:32.10007+03	2894					nan	Achevée
430	Achevée	100	OUI	nan	nan	2025-01-04 14:53:32.104554+03	2895					2022.0	Achevée
431	En cours	25	NON	nan	Aménagement extérieur ,électricité, peinture Assainissement, Menuiserie bois, Menuiserie aluminium, Menuiserie métallique, charpente – couverture – plafonnage-étanchéité,35 % Maçonnerie –Ravalement ,25% ouvrage en superstructure  	2025-01-04 14:53:32.109542+03	2896					nan	En cours
432	Achevée	100	OUI	nan	nan	2025-01-04 14:53:32.113562+03	2897					2022.0	Achevée
433	Achevée	100	DEJA	nan	nan	2025-01-04 14:53:32.118516+03	2898					2019.0	Achevée
438	Achevée	100	OUI	nan	nan	2025-01-04 14:53:32.141454+03	2903					2021.0	Achevée
439	Achevée	100	DEJA	nan	nan	2025-01-04 14:53:32.146442+03	2904					2021.0	Achevée
440	Achevée	100	OUI	nan	nan	2025-01-04 14:53:32.151429+03	2905					nan	Achevée
441	Achevée	100	OUI	nan	nan	2025-01-04 14:53:32.157413+03	2906					2021.0	Achevée
442	Non commencée	0	nan	nan	nan	2025-01-04 14:53:32.161436+03	2907					nan	Non commencée
443	En cours	80	NON	Elevation	Amenagement extérieur, Electricité, Peinture, Assainissement, Menuiserie bois, Menuiserie aluminium, Menuiserie metallique, 15% Maçonnerie-ravalement	2025-01-04 14:53:32.165392+03	2908					nan	en cours de finition
444	Achevée	90	NON	Finition	Aménagement extérieur ,électricité, peinture Assainissement, Menuiserie bois, Menuiserie aluminium.	2025-01-04 14:53:32.169392+03	2909					nan	Achevée
445	En cours	75	NON	nan	Aménagement exterieur, Electricité, Peinture, Assainissement, Menuiserie bois, Menuiserie aluminium, Menuiserie métallique, Charpente-couverture-plafonnage-étanchéité-Maçonnerie et ravalement	2025-01-04 14:53:32.174366+03	2910					nan	En cours
446	En cours	30	NON	nan	nan	2025-01-04 14:53:32.179353+03	2911					nan	En cours
448	Non commencée	0	nan	nan	nan	2025-01-04 14:53:32.189327+03	2913					nan	AU NIVEAU CNM\n
449	Non commencée	0	nan	nan	nan	2025-01-04 14:53:32.194313+03	2914					nan	AU NIVEAU CNM
450	Achevée	100	DEJA	nan	nan	2025-01-04 14:53:32.198303+03	2915					2020.0	Achevée
490	Achevée	100	DEJA	nan	nan	2025-01-04 14:53:32.391785+03	2955					2021.0	Achevée
435	Achevée	100	OUI	Achevé		2025-01-04 14:53:32.127493+03	2900	constructionImg/3_EWdd5y6.jpg	constructionImg/1_3yJ4ZbG.jpg	constructionImg/2_y8dEQve.jpg	constructionImg/4_VeonkYL.jpg	2022	Achevée
436	Achevée	100	OUI	Achevé		2025-01-04 14:53:32.13248+03	2901	constructionImg/3_RBi6qeo.jpg	constructionImg/2_6KrgYBk.jpg	constructionImg/1_2ZlGAKu.jpg	constructionImg/4_PnTxOUE.jpg	2021	Achevée
437	Achevée	100	OUI	Achevé		2025-01-04 14:53:32.136468+03	2902	constructionImg/1_JWWoP63.png	constructionImg/2_hjPGgW9.png	constructionImg/3_FbNmr3w.png	constructionImg/4_xO6yl3u.png	2022	Achevée
405	Achevée	100	OUI	Achevé		2025-01-04 14:53:31.972289+03	2870					2022	Achevée
447	Achevée	100	OUI	Elevation		2025-01-04 14:53:32.18434+03	2912	constructionImg/1_tFxm3EV.jpg	constructionImg/2_i4lO6r0.jpg				
451	En cours	65	NON	nan	Aménagement extérieur ,électricité, 75% peinture, Assainissement, Menuiserie bois, Menuiserie aluminium, Menuiserie métallique, charpente – couverture – plafonnage-étanchéité,   	2025-01-04 14:53:32.202292+03	2916					nan	En cours
452	En arrêt	15	NON	nan	Aménagement extérieur ,électricité, peinture Assainissement, Menuiserie bois, Menuiserie aluminium, Menuiserie métallique, charpente – couverture – plafonnage-étanchéité, 80 % Maçonnerie –Ravalement  -75% ouvrage en superstructure	2025-01-04 14:53:32.209279+03	2917					nan	En arrêt
453	Achevée	100	DEJA	nan	nan	2025-01-04 14:53:32.21426+03	2918					2022.0	Achevée
454	Non commencée	0	nan	nan	nan	2025-01-04 14:53:32.218249+03	2919					nan	Non commencer
461	Achevée	100	OUI	nan	nan	2025-01-04 14:53:32.252159+03	2926					2021.0	Achevée
462	Achevée	100	OUI	nan	nan	2025-01-04 14:53:32.257145+03	2927					2022.0	Achevée
467	Achevée	100	OUI	nan	nan	2025-01-04 14:53:32.281081+03	2932					2022.0	Achevée
476	Achevée	100	OUI	nan	nan	2025-01-04 14:53:32.323972+03	2941					2020.0	Achevée
477	Achevée	100	OUI	nan	nan	2025-01-04 14:53:32.328953+03	2942					nan	Achevée
478	Achevée	100	OUI	nan	nan	2025-01-04 14:53:32.332942+03	2943					nan	Achevée
483	Achevée	100	OUI	nan	nan	2025-01-04 14:53:32.35688+03	2948					2021.0	Achevée
484	Achevée	100	OUI	nan	nan	2025-01-04 14:53:32.361866+03	2949					2022.0	Achevée
485	En arrêt	75	NON	nan	nan	2025-01-04 14:53:32.366866+03	2950					nan	En arrêt
486	Achevée	98	NON	nan	amenagement extérieur	2025-01-04 14:53:32.372836+03	2951					nan	Achevée
487	Non commencée	0	nan	nan	nan	2025-01-04 14:53:32.376826+03	2952					nan	Non commencée
488	Non commencée	0	nan	nan	nan	2025-01-04 14:53:32.381812+03	2953					nan	Non commencée
481	Achevée	100	OUI			2025-01-04 14:53:32.347903+03	2946	constructionImg/CEG_ANGOAKA_SUD2.jpg	constructionImg/CEG_ANGOAKA_SUD1.jpg	constructionImg/CEG_ANGOAKA_SUD3.jpg		2021	Achevée
455	Achevée	100	OUI	Achevé		2025-01-04 14:53:32.22523+03	2920	constructionImg/2_hF21TlY.png	constructionImg/3_LzgShTd.png	constructionImg/4_GSGKtXz.png	constructionImg/1_ZaQ9op9.png	2022	Achevée
489	Achevée	100	OUI		Aménagement extérieur ,Clôture, plomberie, électricité, peinture Assainissement, Menuiserie bois, Menuiserie aluminium, Menuiserie métallique, charpente – couverture – plafonnage-étanchéité, 20% de la Maçonnerie-Ravalement	2025-01-04 14:53:32.386799+03	2954	constructionImg/1_SeciMPR.jpg	constructionImg/2_gQjp16I.jpg	constructionImg/3_0TK41Xa.jpg	constructionImg/4_EfoLG9L.jpg	2021	Achevée
456	Achevée	100	OUI			2025-01-04 14:53:32.230217+03	2921	constructionImg/1_0b71ser.jpg	constructionImg/2_yCHRiiw.jpg	constructionImg/3_AXdzCHB.jpg			Achevée
457	Achevée	100	OUI			2025-01-04 14:53:32.234206+03	2922	constructionImg/1_JO2ygnP.jpg					Achevée
458	Achevée	100	OUI			2025-01-04 14:53:32.239199+03	2923	constructionImg/1_dg1mTA4.jpg	constructionImg/2_4cJvNG4.jpg				Achevée
472	Achevée	100	NON			2025-01-04 14:53:32.305019+03	2937	constructionImg/1_Gf3k9Vn.jpg	constructionImg/2_pc5rsMP.jpg	constructionImg/3_2E8ZRIq.jpg	constructionImg/41.jpg		Achevée
459	En arrêt	25	NON	Elevation	Aménagement extérieur ,électricité, peinture Assainissement, Menuiserie bois, Menuiserie aluminium, Menuiserie métallique, charpente – couverture – plafonnage-étanchéité,45 % Maçonnerie –Ravalement ,44% ouvrage en superstricture	2025-01-04 14:53:32.243182+03	2924	constructionImg/1_vHpxiz9.jpg	constructionImg/2_feJLPIL.jpg	constructionImg/3_N2myYMN.jpg	constructionImg/4_1XPpXc6.jpg		
475	En cours	45	NON			2025-01-04 14:53:32.318979+03	2940						En cours
463	En arrêt	71	NON	finition	ratoires, 25,87% Maçonnerie –ravalement, Charpente - couverture - plafonnage – étanchéité, Menuiserie métallique, 39,87% Menuiserie aluminium, Menuiserie bois, Assainissement, Peinture, 63,55% Electricité, Plomberie.	2025-01-04 14:53:32.262132+03	2928	constructionImg/1_LyDZHNf.jpg	constructionImg/2_qsV5krB.jpg	constructionImg/3_LnieRfF.jpg	constructionImg/4_uXKgsJ6.jpg		En arrêt
464	En arrêt	86	NON	Finition	29,54% Travaux préparatoires, 02,11% Maçonnerie-Ravalement, 94,60% Charpente-Couverture-Plafonnage-Etanchéité, 10,70% Menuiserie métallique, 11,66% Menuiserie aluminium, Menuiserie bois, 94,74% Assainissement, 34,43% Peinture, 63,55% Electricité, Plomberie	2025-01-04 14:53:32.267119+03	2929	constructionImg/3_6xYluK5.jpg	constructionImg/4_0XuTchE.jpg	constructionImg/1_QPlAebs.jpg	constructionImg/2_wkAVZbP.jpg		En arrêt
465	En arrêt	70	NON	Finition	20,74% Travaux préparatoires, 38,18% Charpente - couverture - plafonnage – étanchéité, 45,79% Menuiserie métallique, Menuiserie aluminium, Menuiserie bois, Assainissement, 36,31% Peinture,57,65% Electricité.	2025-01-04 14:53:32.27212+03	2930	constructionImg/1_e4aoK5h.jpg	constructionImg/2_5zaMNIc.jpg	constructionImg/3_vobCbja.jpg	constructionImg/4_kNVvvo6.jpg		En arrêt
470	En arrêt	65	NON	dalle	20,74% Travaux préparatoires, 39,24 % Maçonnerie Ravalement, 74,44% Charpente - couverture - plafonnage – étanchéité, Menuiserie métalliques, Menuiseries Aluminium, Menuiserie en bois, Assainissement, Peinture, Electricité et Plomberie	2025-01-04 14:53:32.295043+03	2935	constructionImg/1_1yqIvE4.jpg	constructionImg/2_sPxwBqV.jpg	constructionImg/3_x0BtvBY.jpg	constructionImg/4_1jDKd6W.jpg		
471	En arrêt	46	NON	dalle	20,74% Travaux préparatoires, 07,95% Ouvrages en superstructure, 48,01% Maçonnerie –ravalement, 72,78%Charpente - couverture - plafonnage – étanchéité, Menuiserie métallique, Menuiserie aluminium, Menuiserie bois, Assainissement, Peinture, Electricité	2025-01-04 14:53:32.30003+03	2936	constructionImg/1_AeeBl9H.jpg	constructionImg/2_oxC5nFr.jpg	constructionImg/3_JLYaVLR.jpg	constructionImg/4_dk7Sbwi.jpg		En arrêt
473	En cours	10	NON			2025-01-04 14:53:32.310004+03	2938						Information non dispo
474	En cours	45	NON	Elevation		2025-01-04 14:53:32.313993+03	2939	constructionImg/1_rFuzbLP.jpg	constructionImg/2_08zRYlc.jpg	constructionImg/3_i3b1nQe.jpg			En cours
466	En arrêt	80	NON		20,74% Travaux préparatoires ,31.10% Maçonnerie –ravalement, 68,83% Charpente - couverture - plafonnage – étanchéité, 66,88% Menuiserie métallique, Menuiserie aluminium, Menuiserie bois, Assainissement, Peinture, 68,86% Electricité	2025-01-04 14:53:32.277092+03	2931	constructionImg/1_jSjFd5y.jpg	constructionImg/2_0WGXnVa.jpg	constructionImg/3_6yhshfs.jpg			En cours
491	Achevée	100	OUI	nan	nan	2025-01-04 14:53:32.396772+03	2956					nan	Achevée
492	En cours	45	NON	nan	Aménagement extérieur ,électricité, 68% peinture Assainissement, Menuiserie bois, Menuiserie aluminium, Menuiserie métallique, charpente – couverture – plafonnage-étanchéité,   	2025-01-04 14:53:32.400761+03	2957					nan	En cours
493	En cours	60	NON	Elevation	Aménagement extérieur ,électricité, 50% peinture, Assainissement, Menuiserie bois, Menuiserie aluminium, Menuiserie métallique,	2025-01-04 14:53:32.405765+03	2958					nan	En cours
494	Achevée	100	OUI	nan	nan	2025-01-04 14:53:32.410735+03	2959					2021.0	Achevée
497	Achevée	100	nan	nan	nan	2025-01-04 14:53:32.424709+03	2962					nan	en attente d'inauguration
498	Achevée	100	DEJA	nan	nan	2025-01-04 14:53:32.429684+03	2963					2020.0	Achevée
499	Achevée	100	OUI	nan	nan	2025-01-04 14:53:32.433678+03	2964					2022.0	Achevée
500	En arrêt	20	NON	Gros œuvre 	Aménagement extérieur ,électricité, peinture Assainissement, Menuiserie bois, Menuiserie aluminium, Menuiserie métallique, charpente – couverture – plafonnage-étanchéité,32% Maçonnerie –Ravalement ,19% ouvrage en superstricture  	2025-01-04 14:53:32.439169+03	2965					nan	En arrêt
501	En cours	65	NON	nan	Aménagement extérieur ,électricité, peinture Assainissement, Menuiserie bois, Menuiserie aluminium, Menuiserie métallique, charpente – couverture – plafonnage-étanchéité, 20 % Maçonnerie –Ravalement  	2025-01-04 14:53:32.443188+03	2966					nan	En cours
502	Achevée	100	OUI	nan	nan	2025-01-04 14:53:32.448144+03	2967					nan	Achevée
503	Achevée	100	OUI	nan	nan	2025-01-04 14:53:32.453131+03	2968					2021.0	Achevée
504	Achevée	98	NON	amenagement	Aménagement extérieur,  Assainissement,   	2025-01-04 14:53:32.458119+03	2969					nan	Achevée
505	Achevée	100	OUI	nan	nan	2025-01-04 14:53:32.462107+03	2970					nan	Achevée
506	Non commencée	0	NON	nan	nan	2025-01-04 14:53:32.467129+03	2971					nan	Non commencée
507	En arrêt	20	NON	Elevation	Aménagement extérieur ,électricité, peinture Assainissement, Menuiserie bois, Menuiserie aluminium, Menuiserie métallique, charpente – couverture – plafonnage-étanchéité, 50 % Maçonnerie –Ravalement  -60% ouvrage en superstructure	2025-01-04 14:53:32.473077+03	2972					nan	En arrêt
508	Achevée	100	NON	nan	nan	2025-01-04 14:53:32.478064+03	2973					2021.0	Achevée
509	Achevée	100	OUI	nan	nan	2025-01-04 14:53:32.483052+03	2974					2021.0	Achevée
510	Achevée	100	OUI	nan	nan	2025-01-04 14:53:32.48704+03	2975					2021.0	Achevée
511	En arrêt	5	nan	nan	nan	2025-01-04 14:53:32.493024+03	2976					nan	En arrêt
512	Achevée	100	OUI	Achevé	nan	2025-01-04 14:53:32.49802+03	2977					nan	Achevée
513	Achevée	100	OUI	Achevé	nan	2025-01-04 14:53:32.502+03	2978					nan	Achevée
514	Achevée	100	OUI	nan	nan	2025-01-04 14:53:32.507984+03	2979					2021.0	Achevée
515	Achevée	100	OUI	nan	nan	2025-01-04 14:53:32.511973+03	2980					2021.0	Achevée
516	Achevée	100	DEJA	nan	nan	2025-01-04 14:53:32.515964+03	2981					2021.0	Achevée
517	En arrêt	80	NON	nan	Aménagement extérieur ,électricité, 68% peinture Assainissement, Menuiserie bois, Menuiserie aluminium, Menuiserie métallique, charpente – couverture – plafonnage-étanchéité,   	2025-01-04 14:53:32.521948+03	2982					nan	En arrêt
518	Achevée	100	OUI	nan	nan	2025-01-04 14:53:32.526971+03	2983					2021.0	Achevée
519	Achevée	100	OUI	nan	nan	2025-01-04 14:53:32.531936+03	2984					2021.0	Achevée
520	Achevée	100	DEJA	nan	nan	2025-01-04 14:53:32.536908+03	2985					2021.0	Achevée
521	En cours	60	NON	Gros œuvre	Gros œuvre, Aménagement extérieur ,électricité, peinture, Assainissement, Menuiserie bois, Menuiserie aluminium, Menuiserie métallique, -étanchéité	2025-01-04 14:53:32.540896+03	2986					nan	En cours
522	En arrêt	35	NON	nan	Aménagement extérieur ,électricité, peinture Assainissement, Menuiserie bois, Menuiserie aluminium, Menuiserie métallique, charpente – couverture – plafonnage-étanchéité,35 % Maçonnerie –Ravalement ,37% ouvrage en superstructure  	2025-01-04 14:53:32.544885+03	2987					nan	En arrêt
523	Achevée	100	OUI	nan	nan	2025-01-04 14:53:32.548875+03	2988					2021.0	Achevée
524	Achevée	100	OUI	nan	nan	2025-01-04 14:53:32.553861+03	2989					2021.0	Achevée
525	Achevée	100	DEJA	nan	nan	2025-01-04 14:53:32.558848+03	2990					2021.0	Achevée
526	Achevée	100	OUI	nan	nan	2025-01-04 14:53:32.562872+03	2991					2021.0	Achevée
527	Achevée	100	OUI	nan	nan	2025-01-04 14:53:32.567824+03	2992					2021.0	Achevée
528	Achevée	100	OUI	nan	nan	2025-01-04 14:53:32.572819+03	2993					2022.0	Achevée
529	Non commencée	0	NON	nan	nan	2025-01-04 14:53:32.577797+03	2994					nan	Non commencée
530	Achevée	100	OUI	nan	nan	2025-01-04 14:53:32.581786+03	2995					2022.0	Achevée
531	Achevée	100	OUI	nan	nan	2025-01-04 14:53:32.586781+03	2996					2021.0	Achevée
532	Achevée	100	OUI	nan	nan	2025-01-04 14:53:32.591801+03	2997					2021.0	Achevée
533	Achevée	100	OUI	nan	nan	2025-01-04 14:53:32.596752+03	2998					2021.0	Achevée
534	En arrêt	20	NON	Gros œuvre 	Aménagement extérieur ,électricité, peinture Assainissement, Menuiserie bois, Menuiserie aluminium, Menuiserie métallique, charpente – couverture – plafonnage-étanchéité,31% Maçonnerie –Ravalement ,19% ouvrage en superstricture  	2025-01-04 14:53:32.600736+03	2999					nan	En arrêt
535	Achevée	100	DEJA	nan	nan	2025-01-04 14:53:32.604726+03	3000					2021.0	Achevée
536	Achevée	100	DEJA	nan	nan	2025-01-04 14:53:32.609712+03	3001					2021.0	Achevée
537	Achevée	100	OUI	nan	nan	2025-01-04 14:53:32.614731+03	3002					2021.0	Achevée
538	Achevée	100	OUI	nan	nan	2025-01-04 14:53:32.61872+03	3003					2021.0	Achevée
539	Achevée	100	NON	nan	Divers retouche et replis de chantier	2025-01-04 14:53:32.624672+03	3004					nan	Achevée
540	Achevée	100	OUI	nan	nan	2025-01-04 14:53:32.628662+03	3005					2022.0	Achevée
578	Achevée	100	OUI	Achevé		2025-01-04 14:53:32.807184+03	3043	constructionImg/1_ff2YSRL.jpg	constructionImg/2_9o2SCWP.jpg	constructionImg/3_Om4SxYW.jpg	constructionImg/4_J6l6opz.jpg	2023	Achevée
496	Achevée	100	OUI	achevé		2025-01-04 14:53:32.418713+03	2961	constructionImg/1_kLsiAYR.jpg	constructionImg/2_p47KXvq.jpg	constructionImg/3_P6J1B0d.jpg	constructionImg/4_CD3BKsq.jpg		En cours
541	En cours	20	NON	Dalle	électricité, peinture Assainissement, Menuiserie bois, Menuiserie aluminium, Menuiserie métallique, charpente – couverture – plafonnage-étanchéité, 65% Maçonnerie –Ravalement- 90% ouvrage en superstructure- 4% ouvrage en infrastructure	2025-01-04 14:53:32.633681+03	3006					nan	En cours
542	Achevée	100	OUI	nan	nan	2025-01-04 14:53:32.638636+03	3007					2022.0	Achevée
543	En cours	7	NON	nan	Aménagement extérieur ,électricité, peinture Assainissement, Menuiserie bois, Menuiserie aluminium, Menuiserie métallique, charpente – couverture – plafonnage-étanchéité,  Maçonnerie –Ravalement , ouvrage en superstructure  -	2025-01-04 14:53:32.643622+03	3008					nan	En cours
544	Achevée	100	DEJA	nan	nan	2025-01-04 14:53:32.648608+03	3009					2021.0	Achevée
545	En cours	7	NON	nan	électricité, peinture Assainissement, Menuiserie bois, Menuiserie aluminium, Menuiserie métallique, charpente – couverture – plafonnage-étanchéité, 90 % Maçonnerie –Ravalement-95% ouvrage en superstructure  	2025-01-04 14:53:32.652597+03	3010					nan	En cours
546	En cours	20	NON	nan	Aménagement extérieur ,électricité, peinture Assainissement, Menuiserie bois, Menuiserie aluminium, Menuiserie métallique, charpente – couverture – plafonnage-étanchéité,  Maçonnerie –Ravalement , ouvrage en superstructure  -	2025-01-04 14:53:32.657584+03	3011					nan	En cours
547	En arrêt	25	NON	Problème de financement de l'entreprise	Aménagement extérieur ,électricité, peinture Assainissement, Menuiserie bois, Menuiserie aluminium, Menuiserie métallique, charpente – couverture – plafonnage-étanchéité,31% Maçonnerie –Ravalement 10% ouvrage en superstructure  	2025-01-04 14:53:32.66258+03	3012					nan	En arrêt
548	En arrêt	47	NON	Problème de financement de l'entreprise	Aménagement extérieur ,électricité, peinture Assainissement, Menuiserie bois, Menuiserie aluminium, Menuiserie métallique, charpente – couverture – plafonnage-étanchéité,31% Maçonnerie –Ravalement ,40% ouvrage en superstructure  	2025-01-04 14:53:32.667558+03	3013					nan	En arrêt
549	Non commencée	0	nan	nan	nan	2025-01-04 14:53:32.67255+03	3014					nan	AVIS FAVORABLE CNM
551	En cours	95	NON	préparation dalle r+1	Aménagement extérieur ,électricité, peinture Assainissement, Menuiserie bois, Menuiserie aluminium, Menuiserie métallique, charpente – couverture – plafonnage-étanchéité, Maçonnerie –Ravalement , ouvrage en superstructure  	2025-01-04 14:53:32.681535+03	3016					nan	en cours de finition
554	En arrêt	77	NON	En cour de finition	Aménagement extérieur ,électricité, 70% peinture Assainissement, Menuiserie bois, Menuiserie aluminium, Menuiserie métallique, charpente – couverture – plafonnage-étanchéité,   	2025-01-04 14:53:32.696482+03	3019					nan	En arrêt
555	En arrêt	15	NON	Fondation	Aménagement extérieur ,électricité, peinture Assainissement, Menuiserie bois, Menuiserie aluminium, Menuiserie métallique, charpente – couverture – plafonnage-étanchéité, Maçonnerie –Ravalement , ouvrage en superstructure  	2025-01-04 14:53:32.700469+03	3020					nan	En arrêt
559	Non commencée	0	nan	nan	nan	2025-01-04 14:53:32.719419+03	3024					nan	Non commencée
560	Non commencée	0	nan	nan	nan	2025-01-04 14:53:32.723407+03	3025					nan	Non commencée
563	En arrêt	24	NON	Finition	Aménagement extérieur ,électricité, peinture Assainissement, Menuiserie bois, Menuiserie aluminium, Menuiserie métallique, charpente – couverture – plafonnage-étanchéité, 45 % Maçonnerie –Ravalement ,45% ouvrage en superstructure  	2025-01-04 14:53:32.738371+03	3028					nan	En arrêt
564	En arrêt	24	NON	Dalle	Aménagement extérieur ,électricité, peinture Assainissement, Menuiserie bois, Menuiserie aluminium, Menuiserie métallique, charpente – couverture – plafonnage-étanchéité,45 % Maçonnerie –Ravalement ,45% ouvrage en superstructure  	2025-01-04 14:53:32.743355+03	3029					nan	En arrêt
557	Achevée	100	OUI			2025-01-04 14:53:32.709445+03	3022	constructionImg/KOWS1131.JPG	constructionImg/IMG_4895.JPG	constructionImg/IMG_4892.JPG	constructionImg/UXWL0312.JPG	2021	Achevée
561	Achevée	100	OUI			2025-01-04 14:53:32.728396+03	3026	constructionImg/0.jpg	constructionImg/1_ODPjsVy.jpg	constructionImg/2_PnRk1oD.jpg	constructionImg/3_ckZ8On8.jpg	2021	Achevée
556	Achevée	100	OUI			2025-01-04 14:53:32.705457+03	3021	constructionImg/1_U2BLxSE.jpg	constructionImg/2_UviN6QR.jpg	constructionImg/3_VCeEd6C.jpg	constructionImg/4_5k6lLRq.jpg	2022	Achevée
567	Achevée	100	OUI			2025-01-04 14:53:32.75632+03	3032	constructionImg/1_ipJohBi.jpg	constructionImg/2_L3Sqju4.jpg	constructionImg/3_7I4WcpD.jpg		2022	Achevée
566	Achevée	100	OUI			2025-01-04 14:53:32.751333+03	3031	constructionImg/1_us5R5IO.jpg	constructionImg/2_zqJJH99.jpg	constructionImg/3_Gb6918J.jpg	constructionImg/4_4GJ7JP2.jpg		Achevée
568	Achevée	100	OUI			2025-01-04 14:53:32.761307+03	3033	constructionImg/1_CIFlNaa.jpg	constructionImg/2_anm8zm6.jpg	constructionImg/3_28zZh3s.jpg			Achevée
565	Achevée	100	OUI			2025-01-04 14:53:32.747344+03	3030	constructionImg/1_orW6jnx.jpg	constructionImg/2_9HLd9cQ.jpg			2022	Achevée
572	Achevée	100	OUI			2025-01-04 14:53:32.780257+03	3037	constructionImg/1_YZE20vP.jpg	constructionImg/2_ppExpRx.jpg				Achevée
570	Achevée	100	NON		plomberie- électricité- peinture- Assainissement -, Menuiserie aluminium, – plafonnage-étanchéité	2025-01-04 14:53:32.770283+03	3035	constructionImg/3_spOPgKR.jpg	constructionImg/2_902WilW.jpg	constructionImg/1_oeQLVjn.jpg			Achevée
574	En arrêt	42	NON		Aménagement extérieur ,électricité, peinture Assainissement, Menuiserie bois, Menuiserie aluminium, Menuiserie métallique, charpente – couverture – plafonnage-étanchéité, 50 % Maçonnerie –Ravalement  -60% ouvrage en superstructure	2025-01-04 14:53:32.79023+03	3039	constructionImg/2_RFbcXA0.jpg	constructionImg/1_wiQrAON.jpg				
575	En arrêt	35	NON		Aménagement extérieur ,électricité, peinture Assainissement, Menuiserie bois, Menuiserie aluminium, Menuiserie métallique, charpente – couverture – plafonnage-étanchéité, 80 % Maçonnerie –Ravalement  -75% ouvrage en superstructure	2025-01-04 14:53:32.794219+03	3040	constructionImg/1_TXcIYee.jpg	constructionImg/2_TbBK5hI.jpg	constructionImg/3_jozjc2R.jpg			En arrêt
571	En cours	81	NON	Finition	Aménagement exterieur, Clôture, Plomberie, Electricité, Peinture, Assaininssement, Menuiserie métallique, Charpente-Couverture-Plafonnage-Etanchéité	2025-01-04 14:53:32.775269+03	3036	constructionImg/1_10uBBgm.jpg	constructionImg/2_ibGY7mX.jpg				En cours
579	Non commencée	0	NON	Elevation	nan	2025-01-04 14:53:32.812171+03	3044					nan	Non commencée
581	Non commencée	0	NON	nan	nan	2025-01-04 14:53:32.821149+03	3046					nan	Non commencée
583	Achevée	100	OUI	nan	nan	2025-01-04 14:53:32.830123+03	3048					2021.0	Achevée
584	Achevée	100	OUI	nan	nan	2025-01-04 14:53:32.834111+03	3049					2021.0	Achevée
589	En cours	50	NON	Elevation	Aménagement extérieur ,électricité, peinture Assainissement, Menuiserie bois, Menuiserie aluminium, Menuiserie métallique, charpente – couverture – plafonnage-étanchéité,40 % Maçonnerie –Ravalement ,40% ouvrage en superstructure  	2025-01-04 14:53:32.858053+03	3054					nan	En cours
590	En arrêt	0	nan	implatation	nan	2025-01-04 14:53:32.862037+03	3055					nan	En arrêt
591	Achevée	100	DEJA	nan	nan	2025-01-04 14:53:32.866214+03	3056					2020.0	Achevée
598	En arrêt	5	nan	nan	nan	2025-01-04 14:53:32.897123+03	3063					nan	En arrêt
599	En arrêt	5	nan	nan	nan	2025-01-04 14:53:32.901112+03	3064					nan	En arrêt
600	Achevée	100	OUI	Achevé	nan	2025-01-04 14:53:32.906099+03	3065					2020.0	Achevée
601	Achevée	100	OUI	Achevé	nan	2025-01-04 14:53:32.911085+03	3066					nan	Achevée
602	Achevée	100	OUI	Achevé	nan	2025-01-04 14:53:32.915075+03	3067					nan	Achevée
603	En arrêt	40	nan	nan	nan	2025-01-04 14:53:32.919064+03	3068					nan	En arrêt
604	Achevée	100	OUI	nan	nan	2025-01-04 14:53:32.924051+03	3069					2023.0	Achevée
605	En arrêt	25	NON	nan	Aménagement extérieur ,électricité, peinture Assainissement, Menuiserie bois, Menuiserie aluminium, Menuiserie métallique, charpente – couverture – plafonnage-étanchéité,45 % Maçonnerie –Ravalement ,44% ouvrage en superstructure  	2025-01-04 14:53:32.928041+03	3070					nan	En arrêt
606	Achevée	100	NON	Fondation	Aménagement extérieur ,, électricité, peinture Assainissement, Menuiserie bois, Menuiserie aluminium, Menuiserie métallique, charpente – couverture – plafonnage-étanchéité,Maçonnerie –Ravalement  Ouvrages en superstructure-Ouvrage en infrastructure	2025-01-04 14:53:32.933027+03	3071					nan	Achevée
607	En arrêt	30	NON	nan	nan	2025-01-04 14:53:32.937016+03	3072					nan	En arrêt
608	En cours	80	nan	nan	nan	2025-01-04 14:53:32.942003+03	3073					nan	En cours
609	Achevée	100	OUI	nan	nan	2025-01-04 14:53:32.94699+03	3074					2022.0	Achevée
610	Achevée	100	OUI	Achevé	Aménagement extérieur ,électricité 	2025-01-04 14:53:32.950979+03	3075					nan	Achevée
611	Achevée	100	OUI	Achevé	Aménagement extérieur ,  Assainissement, plomberie	2025-01-04 14:53:32.956963+03	3076					nan	Achevée
612	En cours	0	NON	nan	nan	2025-01-04 14:53:32.960953+03	3077					nan	En cours
613	Achevée	100	OUI	nan	Aménagement extérieur, retouches des peintures	2025-01-04 14:53:32.964941+03	3078					2021.0	Achevée
614	Achevée	100	OUI	nan	nan	2025-01-04 14:53:32.968931+03	3079					2021.0	Achevée
615	En cours	85	NON	nan	Aménagement extérieur ,électricité, 65% peinture Assainissement, Menuiserie bois, Menuiserie aluminium, Menuiserie métallique, charpente – couverture – plafonnage-étanchéité,   	2025-01-04 14:53:32.973918+03	3080					nan	En cours
616	En cours	51	NON	nan	Aménagement extérieur ,électricité, peintures Assainissement, Menuiserie bois, Menuiserie aluminium, Menuiserie métallique, charpente – couverture – plafonnage-étanchéité,   	2025-01-04 14:53:32.978913+03	3081					nan	En cours
617	Achevée	100	OUI	nan	nan	2025-01-04 14:53:32.983897+03	3082					nan	Achevée
618	Achevée	100	OUI	nan	nan	2025-01-04 14:53:32.988877+03	3083					nan	Achevée
619	En arrêt	3	NON	nan	nan	2025-01-04 14:53:32.992867+03	3084					nan	En arrêt
620	Non commencée	0	nan	nan	nan	2025-01-04 14:53:32.996856+03	3085					nan	Non commencée
621	Achevée	100	OUI	nan	nan	2025-01-04 14:53:33.000845+03	3086					2021.0	Achevée
622	Achevée	100	OUI	nan	nan	2025-01-04 14:53:33.005849+03	3087					2022.0	Achevée
623	Achevée	100	OUI	nan	nan	2025-01-04 14:53:33.010819+03	3088					2022.0	Achevée
624	Achevée	100	OUI	nan	nan	2025-01-04 14:53:33.013811+03	3089					2022.0	Achevée
625	Achevée	100	OUI	nan	nan	2025-01-04 14:53:33.017801+03	3090					2022.0	Achevée
626	Achevée	100	DEJA	nan	Attente traitement des malfaçons avant la réception définitive	2025-01-04 14:53:33.023784+03	3091					2020.0	Achevée
627	Achevée	100	OUI	nan	nan	2025-01-04 14:53:33.028771+03	3092					2019.0	Achevée
595	Achevée	100	OUI			2025-01-04 14:53:32.88316+03	3060	constructionImg/3_MP5KcfY.jpg	constructionImg/2_4bHVrMi.jpg	constructionImg/4_OWbunqt.jpg	constructionImg/1_C4DCyi8.jpg	2021	Achevée
585	Achevée	100	OUI			2025-01-04 14:53:32.8391+03	3050	constructionImg/434170371_336465328934568_9817783730228474_n.jpg	constructionImg/434171557_436147115448862_4742970500279839817_n.jpg	constructionImg/434197576_457287633399731_3654197628768009500_n.jpg	constructionImg/434340060_1847163432372609_7018019569313247403_n.jpg		Achevée
586	Achevée	100	OUI	Achevé		2025-01-04 14:53:32.843088+03	3051	constructionImg/IMG_20230529_100916_545.jpg	constructionImg/IMG_20230716_154046_868.jpg	constructionImg/IMG_20230716_154220_474.jpg	constructionImg/IMG_20230716_154232_582.jpg	2023	Achevée
597	Achevée	100	OUI	Achevé		2025-01-04 14:53:32.893133+03	3062	constructionImg/1_g7p7EAI.jpg	constructionImg/2_zGl1W3H.jpg	constructionImg/3_6R6AxQY.jpg	constructionImg/4_CKHmPFu.jpg	2021	A REHABILITE
592	En cours	59	NON	élévation	38,84% Travaux préparatoires, 27,91% Ouvrages en Infrastructure, 84,41% Ouvrages en superstructure, 76,73% Maçonnerie-ravalement, Charpente-Couverture-Plafonnage-Etanchéité, Menuiserie métallique, Menuiserie aluminium, Menuiserie bois, Assainissement, Peinture, Electricité, Plomberie, Clôture, Aménagement exterieur	2025-01-04 14:53:32.870194+03	3057	constructionImg/1_fFgPcVw.jpg	constructionImg/2_9Udp4aN.jpg	constructionImg/3_oxqRYbQ.jpg			En cours
588	En arrêt	60	NON	dalle	Aménagement extérieur ,électricité, peinture Assainissement, Menuiserie bois, Menuiserie aluminium, Menuiserie métallique, charpente – couverture – plafonnage-étanchéité, 50 % Maçonnerie –Ravalement  -62% ouvrage en superstructure	2025-01-04 14:53:32.852064+03	3053	constructionImg/2_45InaJ9.jpg	constructionImg/1_abgYQpv.jpg	constructionImg/3_M27twYl.jpg			En arrêt
628	Achevée	100	NON	nan	Aménagement extérieur ,électricité, 67% peinture Assainissement, Menuiserie bois, Menuiserie aluminium, Menuiserie métallique, charpente – couverture – plafonnage-étanchéité,   	2025-01-04 14:53:33.03276+03	3093					2021.0	Achevée
629	Achevée	100	DEJA	nan	nan	2025-01-04 14:53:33.038752+03	3094					2021.0	Non foctionnelle
630	Achevée	100	DEJA	nan	nan	2025-01-04 14:53:33.042733+03	3095					2021.0	Achevée
631	Achevée	60	NON	Finition	Electricitté, Peinture, Assainissement, Menuiserie bois, Menuiserie metallique, Menuiserie aluminium, Etanchéité, Ravalement	2025-01-04 14:53:33.046723+03	3096					nan	Achevée
632	Non commencée	0	nan	nan	nan	2025-01-04 14:53:33.050712+03	3097					nan	DOSSIER RENVOI CNM
633	Achevée	100	OUI	nan	nan	2025-01-04 14:53:33.054702+03	3098					2021.0	Achevée
634	Non commencée	0	NON	nan	nan	2025-01-04 14:53:33.059688+03	3099					nan	Non commencée
635	Non commencée	0	NON	implatation	nan	2025-01-04 14:53:33.063678+03	3100					nan	Non commencée
636	Non commencée	0	nan	nan	nan	2025-01-04 14:53:33.067667+03	3101					nan	EN ATTENTE ENGAGEMENT
637	Achevée	92	OUI	Finie	nan	2025-01-04 14:53:33.073651+03	3102					nan	Achevée
638	Achevée	100	OUI	nan	nan	2025-01-04 14:53:33.077639+03	3103					2021.0	Achevée
639	Achevée	100	OUI	nan	nan	2025-01-04 14:53:33.081629+03	3104					2022.0	Achevée
640	Achevée	100	OUI	nan	nan	2025-01-04 14:53:33.084622+03	3105					nan	Achevée
641	Non commencée	0	nan	nan	nan	2025-01-04 14:53:33.089608+03	3106					nan	EN ATTENTE ENGAGEMENT
642	Achevée	100	NON	En cour de finition	Aménagement extérieur , électricité, Peinture, Assainissement,  étanchéité,	2025-01-04 14:53:33.094595+03	3107					nan	Achevée
645	Achevée	100	OUI	nan	nan	2025-01-04 14:53:33.108557+03	3110					2021.0	Achevée
646	Achevée	100	OUI	nan	nan	2025-01-04 14:53:33.112547+03	3111					2021.0	Achevée
647	Achevée	100	OUI	nan	nan	2025-01-04 14:53:33.116537+03	3112					2021.0	Achevée
648	Achevée	100	OUI	nan	nan	2025-01-04 14:53:33.12252+03	3113					2021.0	Achevée
649	En arrêt	40	NON	nan	Aménagement extérieur ,électricité, peinture Assainissement, Menuiserie bois, Menuiserie aluminium, Menuiserie métallique, charpente – couverture – plafonnage-étanchéité,35 % Maçonnerie –Ravalement ,37% ouvrage en superstricture  	2025-01-04 14:53:33.12651+03	3114					nan	En arrêt
650	Achevée	100	OUI	nan	nan	2025-01-04 14:53:33.131496+03	3115					2021.0	Achevée
651	Non commencée	0	NON	implantation	nan	2025-01-04 14:53:33.136483+03	3116					nan	Non commencée
652	Non commencée	0	NON	implantation	nan	2025-01-04 14:53:33.140472+03	3117					nan	Non commencée
653	Non commencée	0	NON	implantation	nan	2025-01-04 14:53:33.146457+03	3118					nan	Non commencée
654	Achevée	100	OUI	nan	nan	2025-01-04 14:53:33.150446+03	3119					2021.0	Achevée
655	Achevée	100	OUI	nan	nan	2025-01-04 14:53:33.156444+03	3120					2021.0	Achevée
656	Achevée	100	OUI	nan	nan	2025-01-04 14:53:33.161416+03	3121					2022.0	Achevée
657	En cours	45	NON	nan	Aménagement extérieur ,électricité, peinture Assainissement, Menuiserie bois, Menuiserie aluminium, Menuiserie métallique, charpente – couverture – plafonnage-étanchéité,32% Maçonnerie –Ravalement ,19% ouvrage en superstricture  	2025-01-04 14:53:33.166404+03	3122					nan	En cours
658	Achevée	100	OUI	nan	nan	2025-01-04 14:53:33.171397+03	3123					2021.0	Achevée
659	Non commencée	0	NON	implantation	nan	2025-01-04 14:53:33.176376+03	3124					nan	Non commencée
660	Non commencée	0	NON	implantation	nan	2025-01-04 14:53:33.18236+03	3125					nan	Non commencée
661	Non commencée	0	NON	implantation	nan	2025-01-04 14:53:33.186349+03	3126					nan	Non commencée
662	Achevée	100	OUI	nan	nan	2025-01-04 14:53:33.192333+03	3127					2021.0	Achevée
663	Achevée	100	OUI	nan	nan	2025-01-04 14:53:33.197321+03	3128					2021.0	Achevée
664	Achevée	100	OUI	nan	nan	2025-01-04 14:53:33.202306+03	3129					2022.0	Achevée
665	Achevée	100	OUI	nan	nan	2025-01-04 14:53:33.207294+03	3130					2022.0	Achevée
666	Achevée	100	OUI	nan	nan	2025-01-04 14:53:33.21228+03	3131					2022.0	Achevée
668	En arrêt	0	NON	nan	nan	2025-01-04 14:53:33.222255+03	3133					nan	En arrêt
669	en cours	0	NON	nan	nan	2025-01-04 14:53:33.227241+03	3134					nan	en cours
672	En arrêt	55	NON	Elevation	électricité, peinture Assainissement, Menuiserie bois, Menuiserie aluminium, Menuiserie métallique, charpente – couverture – plafonnage-étanchéité, 20 % Maçonnerie –Ravalement-25% ouvrage en superstructure  	2025-01-04 14:53:33.242199+03	3137					nan	En arrêt
675	Achevée	100	NON	nan	nan	2025-01-04 14:53:33.293065+03	3140					nan	Achevée
721	Achevée	100	OUI	nan	nan	2025-01-04 14:53:33.50399+03	3186					2020.0	Achevée
667	Achevée	100	DEJA	Achevé		2025-01-04 14:53:33.21627+03	3132	constructionImg/1_dkLetqK.png	constructionImg/2_ejNlHFG.png	constructionImg/3_3wO6IGg.png	constructionImg/4_fvFxzyn.jpg	2022	Achevée
671	En arrêt	80	NON	Finition	Aménagement extérieur ,électricité, Assainissement, Menuiserie bois, Menuiserie métallique, plafonnage-étanchéité,	2025-01-04 14:53:33.238211+03	3136	constructionImg/1_yyTTPAm.jpg	constructionImg/2_Vl6vHsL.jpg	constructionImg/3_kYbmmxV.png			En arrêt
722	Achevée	100	OUI	Achevé		2025-01-04 14:53:33.507979+03	3187	constructionImg/1_4TFKXsy.jpg	constructionImg/2_LOIjgo3.jpg	constructionImg/3_Dcs1jjS.jpg	constructionImg/4_2MvWPEf.jpg	2022	Achevée
674	En cours	53	NON	Finition	Ouvrage en superstructure, Maçonnerie-ravalement, Plomberie, Electricité, Peinture, Assainissement, Menuiserie bois, Menuiserie aluminium, Menuiserie métallique, Charpente-Couverture-Plafonnage-Etanchéité	2025-01-04 14:53:33.289075+03	3139	constructionImg/1_Huu0wFe.jpg	constructionImg/2_r7LOcvY.jpg				En cours
677	Non commencée	0	nan	implantation	nan	2025-01-04 14:53:33.302041+03	3142					nan	Non commencer
678	Non commencée	0	NON	nan	nan	2025-01-04 14:53:33.30603+03	3143					nan	Non commencée
679	Non commencée	0	NON	nan	nan	2025-01-04 14:53:33.310019+03	3144					nan	Non commencée
682	Non commencée	0	nan	nan	nan	2025-01-04 14:53:33.322985+03	3147					nan	DOSSIER RENVOI CNM
683	Non commencée	0	nan	nan	nan	2025-01-04 14:53:33.326974+03	3148					nan	AU NIVEAU CNM
687	Achevée	100	NON	nan	nan	2025-01-04 14:53:33.345923+03	3152					2021.0	Achevée
688	Achevée	100	OUI	Achevé	nan	2025-01-04 14:53:33.349913+03	3153					nan	Achevée
689	Achevée	100	OUI	Achevé	nan	2025-01-04 14:53:33.3549+03	3154					nan	Achevée
690	Achevée	100	OUI	Achevé	nan	2025-01-04 14:53:33.359886+03	3155					nan	Achevée
694	En cours	96	NON	nan	Peinture d'éveil	2025-01-04 14:53:33.382853+03	3159					nan	En cours
695	En cours	96	NON	nan	Aménagement extérieur , peinture sol	2025-01-04 14:53:33.387812+03	3160					nan	En cours
696	En cours	82	NON	nan	 20% charpente - couverture - plafonnage – étanchéité, 100% menuiserie métallique, 100% menuiserie aluminium, 40% assainissement, 70% peinture, 75% électricité	2025-01-04 14:53:33.39283+03	3161					nan	En cours
697	En cours	84	NON	nan	20% Charpente-Couverture-Plafonnage-Etanchéité, 100% Menuiserie métallique, 100% Menuiserie aluminium, 70% peinture, 75% Electricité	2025-01-04 14:53:33.396788+03	3162					nan	En cours
698	En cours	35	NON	Elevation	Amenagement extérieur, Electricité, Peinture-Assainissemnt, Menuiserie bois, Menuiserie aluminium, Menuiserie métallique, Charpente-couverture-plafonnage-étanchéité, 30% Maçonnerie-ravalement, 45% Ouvrage en superstructure, 100% Ouvrage en infrastructure	2025-01-04 14:53:33.400602+03	3163					nan	En cours
699	Achevée	100	OUI	nan	nan	2025-01-04 14:53:33.406553+03	3164					nan	Achevée
700	En arrêt	65	NON	nan	nan	2025-01-04 14:53:33.410558+03	3165					nan	En arrêt
701	En arrêt	65	NON	nan	nan	2025-01-04 14:53:33.414319+03	3166					nan	En arrêt
702	Achevée	100	OUI	nan	nan	2025-01-04 14:53:33.419225+03	3167					2021.0	Achevée
703	En arrêt	25	NON	nan	Aménagement extérieur ,électricité, peinture Assainissement, Menuiserie bois, Menuiserie aluminium, Menuiserie métallique, charpente – couverture – plafonnage-étanchéité,45 % Maçonnerie –Ravalement ,44% ouvrage en superstructure  	2025-01-04 14:53:33.425201+03	3168					nan	En arrêt
704	En arrêt	25	NON	nan	Aménagement extérieur ,électricité, peinture Assainissement, Menuiserie bois, Menuiserie aluminium, Menuiserie métallique, charpente – couverture – plafonnage-étanchéité,45 % Maçonnerie –Ravalement ,44% ouvrage en superstructure  	2025-01-04 14:53:33.42919+03	3169					nan	En arrêt
705	Achevée	100	nan	nan	nan	2025-01-04 14:53:33.433178+03	3170					nan	en attente d'inauguration
706	Achevée	100	OUI	nan	nan	2025-01-04 14:53:33.438167+03	3171					nan	Achevée
707	Achevée	100	OUI	nan	Aménagement extérieur, 5% peinture	2025-01-04 14:53:33.443152+03	3172					nan	Achevée
708	Achevée	100	DEJA	nan	nan	2025-01-04 14:53:33.447142+03	3173					nan	Achevée
709	En arrêt	75	NON	nan	Aménagement extérieur ,électricité, peinture Assainissement, Menuiserie bois, Menuiserie aluminium, Menuiserie métallique, charpente – couverture – plafonnage-étanchéité, 5% Maçonnerie –Ravalement 	2025-01-04 14:53:33.45113+03	3174					nan	En arrêt
710	Achevée	100	NON	nan	nan	2025-01-04 14:53:33.456117+03	3175					nan	en attente d'inauguration
711	Achevée	100	OUI	nan	nan	2025-01-04 14:53:33.460107+03	3176					2021.0	Achevée
712	Achevée	100	NON	nan	Aménagement extérieur ,électricité, 80% peinture Assainissement, Menuiserie bois, Menuiserie aluminium, Menuiserie métallique, charpente – couverture – plafonnage-étanchéité,   	2025-01-04 14:53:33.464097+03	3177					nan	Achevée
716	Non commencée	0	NON	nan	nan	2025-01-04 14:53:33.482048+03	3181					nan	Non commencée
717	Achevée	100	OUI	Elevation	nan	2025-01-04 14:53:33.486038+03	3182					2020.0	Achevée
719	En cours	60	NON	Elevation R+1	Aménagement extérieur ,électricité, peinture Assainissement, Menuiserie bois, Menuiserie aluminium, Menuiserie métallique, charpente – couverture – plafonnage-étanchéité,35 % Maçonnerie –Ravalement ,37% ouvrage en superstructure  	2025-01-04 14:53:33.495013+03	3184					nan	En cours
685	En arrêt	77	NON	finition	Aménagement extérieur ,électricité, 75% peinture Assainissement, Menuiserie bois, Menuiserie aluminium, Menuiserie métallique, charpente – couverture – plafonnage-étanchéité,	2025-01-04 14:53:33.33595+03	3150	constructionImg/1_VxuFERz.png	constructionImg/2_xJOQyNN.png	constructionImg/3_ofFABxZ.png	constructionImg/4_fmhp1Uk.png		Abandon de chantier
686	En arrêt	3	NON	implantation	Aménagement extérieur ,électricité, peinture Assainissement, Menuiserie bois, Menuiserie aluminium, Menuiserie métallique, étanchéité, Maçonnerie –Ravalement  - ouvrage en superstructure-ouvrage infrastructure	2025-01-04 14:53:33.341934+03	3151						Abandon de chantier
691	Achevée	100	OUI			2025-01-04 14:53:33.364873+03	3156	constructionImg/1_hpLRQr6.jpg	constructionImg/2_loK7SFc.jpg	constructionImg/3_DGYcNk9.jpg	constructionImg/4_UARsXTO.jpg	2021	Achevée
692	Achevée	100	OUI			2025-01-04 14:53:33.372851+03	3157	constructionImg/1_n21D6U1.jpg	constructionImg/2_DwIantM.jpg	constructionImg/3_O71WWUn.jpg	constructionImg/4_SkVqiBF.jpg	2021	Achevée
713	Achevée	100	OUI			2025-01-04 14:53:33.468085+03	3178	constructionImg/EPP_AMPARIHIBE1.jpg	constructionImg/EPP_AMPARIHIBE2.jpg	constructionImg/EPP_AMPARIHIBE.jpg	constructionImg/EPP_AMPARIHIBE3.jpg	2021	Achevée
715	Achevée	100	OUI			2025-01-04 14:53:33.47806+03	3180	constructionImg/AMBARIPAIKA3.jpg	constructionImg/AMBARIPAIKA4.jpg	constructionImg/AMBARIPAIKA2.jpg	constructionImg/AMBARIPAIKA1.jpg	2022	Achevée
718	En cours	17	NON	Terrassement	Ouvrages en superstructure – Maçonnerie, Ravalement –plomberie- électricité- peinture- Assainissement - Menuiserie bois, Menuiserie aluminium, Menuiserie métallique, Maçonnerie bois - charpente – couverture – plafonnage-étanchéité	2025-01-04 14:53:33.491025+03	3183	constructionImg/1_ythBGwQ.jpg	constructionImg/2_ntuZE9W.jpg	constructionImg/3_Dmzyebn.jpg			En cours
723	Achevée	100	OUI	nan	nan	2025-01-04 14:53:33.512966+03	3188					2021.0	Achevée
725	Achevée	100	OUI	nan	nan	2025-01-04 14:53:33.521944+03	3190					nan	Achevée
726	En arrêt	1	NON	implantation	nan	2025-01-04 14:53:33.52593+03	3191					nan	En arrêt
727	Non commencée	0	NON	nan	nan	2025-01-04 14:53:33.529921+03	3192					nan	Non commencée
728	En cours	65	NON	Second œuvre	Aménagement extérieur ,électricité, peinture, Assainissement, Menuiserie bois, Menuiserie aluminium, Menuiserie métallique, -étanchéité	2025-01-04 14:53:33.53391+03	3193					2023.0	En cours
729	Achevée	100	nan	nan	nan	2025-01-04 14:53:33.538897+03	3194					2021.0	Achevée
735	En arrêt	31	NON	Elevation	Aménagement extérieur ,électricité, peinture Assainissement, Menuiserie bois, Menuiserie aluminium, Menuiserie métallique, charpente – couverture – plafonnage-étanchéité,39 % Maçonnerie –Ravalement ,39% ouvrage en superstructure  	2025-01-04 14:53:33.563829+03	3200					nan	En arrêt
736	En arrêt	5	NON	Terrassement	Aménagement extérieur ,, électricité, peinture Assainissement, Menuiserie bois, Menuiserie aluminium, Menuiserie métallique, charpente – couverture – plafonnage-étanchéité,Maçonnerie –Ravalement  Ouvrages en superstructure-Ouvrage en infrastructure	2025-01-04 14:53:33.567819+03	3201					nan	En arrêt
737	En arrêt	28	NON	Elevation	Aménagement extérieur ,électricité, peinture Assainissement, Menuiserie bois, Menuiserie aluminium, Menuiserie métallique, charpente – couverture – plafonnage-étanchéité,45 % Maçonnerie –Ravalement ,44% ouvrage en superstructure  	2025-01-04 14:53:33.572806+03	3202					nan	En arrêt
738	En cours	20	NON	Elevation	nan	2025-01-04 14:53:33.576795+03	3203					nan	En cours
739	En cours	52	NON	nan	Aménagement extérieur ,électricité, peinture Assainissement, Menuiserie bois, Menuiserie aluminium, Menuiserie métallique, charpente – couverture – plafonnage-étanchéité,31% Maçonnerie –Ravalement  	2025-01-04 14:53:33.580785+03	3204					nan	En cours
740	Non commencée	0	NON	nan	nan	2025-01-04 14:53:33.583776+03	3205					nan	Non commencée
742	Non commencée	0	NON	nan	nan	2025-01-04 14:53:33.592752+03	3207					nan	Non commencée
743	Non commencée	0	NON	nan	nan	2025-01-04 14:53:33.596741+03	3208					nan	Non commencée
744	Non commencée	0	NON	nan	nan	2025-01-04 14:53:33.601728+03	3209					nan	Non commencée
745	Non commencée	0	NON	nan	nan	2025-01-04 14:53:33.606715+03	3210					nan	Non commencée
747	Achevée	100	DEJA	nan	nan	2025-01-04 14:53:33.614694+03	3212					2020.0	Achevée
748	Achevée	100	OUI	nan	nan	2025-01-04 14:53:33.61968+03	3213					nan	Achevée
749	Non commencée	0	nan	nan	nan	2025-01-04 14:53:33.624667+03	3214					nan	EN ATTENTE ENGAGEMENT
750	Non commencée	0	nan	nan	nan	2025-01-04 14:53:33.627659+03	3215					nan	AU NIVEAU CNM
751	En cours	15	NON	Elevation	nan	2025-01-04 14:53:33.632647+03	3216					nan	En cours
756	En arrêt	20	NON	nan	Aménagement extérieur ,électricité, peinture Assainissement, Menuiserie bois, Menuiserie aluminium, Menuiserie métallique, charpente – couverture – plafonnage-étanchéité, 50 % Maçonnerie –Ravalement  -60% ouvrage en superstructure	2025-01-04 14:53:33.652593+03	3221					nan	En arrêt
759	Achevée	100	NON	nan	Réhabilitation et révision de la structure	2025-01-04 14:53:33.665557+03	3224					2020.0	Achevée
760	Non commencée	0	NON	nan	nan	2025-01-04 14:53:33.669547+03	3225					nan	Non commencée
761	En cours	6	NON	nan	Aménagement extérieur ,électricité, peinture Assainissement, Menuiserie bois, Menuiserie aluminium, Menuiserie métallique, charpente – couverture – plafonnage-étanchéité,  Maçonnerie –Ravalement , ouvrage en superstructure  -	2025-01-04 14:53:33.674578+03	3226					nan	En cours
762	Non commencée	0	NON	Inexistence de terrain d'implantation	nan	2025-01-04 14:53:33.678523+03	3227					nan	Non commencée
855	Achevée	100	OUI	Achevé	nan	2025-01-04 14:53:34.052007+03	3319					nan	Achevée
741	Achevée	100	OUI	Achevé		2025-01-04 14:53:33.588763+03	3206	constructionImg/a2_Aj4Z5T9.png	constructionImg/a3.png	constructionImg/a1_SV0mnyM.png	constructionImg/a4.png	2022	Achevée
754	En arrêt	43	NON	Dalle	39,02%, Travaux préparatoires,44,72% Ouvrages en Infrastructure, 20% Ouvrages en Superstructure, 57,52% Maçonnerie –ravalement, Charpente - couverture - plafonnage – étanchéité, Menuiserie métallique, Menuiserie aluminium, Menuiserie bois,  Assainissement, Peinture, Electricité.	2025-01-04 14:53:33.644614+03	3219	constructionImg/2_ob3thBA.jpg	constructionImg/1_MgpzRjl.jpg	constructionImg/3_kN5fQ7j.jpg			En arrêt
755	En cours	10	NON	Fondation		2025-01-04 14:53:33.648604+03	3220						En cours
746	En arrêt	98	NON	finition	05,21% Travaux préparatoires, 05,45 % Menuiserie métallique,02,69 % Peinture, 65,00% Aménagement Extérieur.	2025-01-04 14:53:33.610705+03	3211	constructionImg/1_jTcl3tW.jpg	constructionImg/2_omYOKdU.jpg	constructionImg/3_B8Fcq25.jpg	constructionImg/4_WbYB8Qz.jpg		En arrêt
732	En cours	95	NON	Finition	Assainissement	2025-01-04 14:53:33.549868+03	3197	constructionImg/1_Czj3R0g.jpg	constructionImg/2_NNtlR4z.jpg				En cours
734	En cours	83	NON	Finition	Aménagement extérieur ,électricité, peinture Assainissement, Menuiserie bois, Menuiserie aluminium, Menuiserie métallique, charpente – couverture – plafonnage-étanchéité,	2025-01-04 14:53:33.55984+03	3199	constructionImg/1_HWamANg.jpg	constructionImg/2_BIqBDya.jpg				Les coulages de la dalle sont déjà faits. L’ingénieur régional n’a pas fait le point d’arrêt. Du coup je décline toute responsabilité en cas de problème survenue ultérieurement.
757	En cours	47	NON	Finition	Ouvrage en superstructure, Maçonnerie-ravalement, Plomberie, Electricité, Peinture, Assainissement, Menuiserie bois, Menuiserie aluminium, Menuiserie métallique, Charpente-Couverture-Plafonnage-Etanchéité	2025-01-04 14:53:33.656581+03	3222	constructionImg/1_9wjjkNt.jpg					En cours
758	En cours	68	NON	Finition	Plomberie, Electricité, Peinture, Assainissement, Menuiserie bois, Menuiserie métallique, Charpente-Couverture-Plafonnage-Etanchéité	2025-01-04 14:53:33.661569+03	3223	constructionImg/1_nHhewTD.jpg	constructionImg/2_Y2yb9aH.jpg				En cours
763	En arrêt	90	NON	En cour de finition	Aménagement extérieur , électricité, 50% peinture Assainissement, Menuiserie bois, étanchéité,	2025-01-04 14:53:33.681515+03	3228					nan	En arrêt
764	Non commencée	0	NON	nan	nan	2025-01-04 14:53:33.685504+03	3229					nan	Non commencée
765	Non commencée	0	NON	nan	nan	2025-01-04 14:53:33.691489+03	3230					nan	Non commencée
766	Achevée	100	OUI	nan	nan	2025-01-04 14:53:33.69448+03	3231					nan	Achevée
767	En cours	80	NON	nan	nan	2025-01-04 14:53:33.69847+03	3232					nan	En cours
768	Non commencée	0	NON	nan	nan	2025-01-04 14:53:33.703456+03	3233					nan	Non commencée
769	Achevée	100	NON	Elevation	Aménagement extérieur ,électricité, peinture Assainissement, Menuiserie bois, Menuiserie aluminium, Menuiserie métallique, charpente – couverture – plafonnage-étanchéité, 50 % Maçonnerie –Ravalement  -60% ouvrage en superstructure	2025-01-04 14:53:33.708454+03	3234					nan	en attente d'inauguration
772	Non commencée	0	NON	nan	nan	2025-01-04 14:53:33.723403+03	3237					nan	Non commencée
773	Achevée	100	OUI	nan	nan	2025-01-04 14:53:33.727394+03	3238					2021.0	Achevée
774	Achevée	100	OUI	nan	nan	2025-01-04 14:53:33.732392+03	3239					2022.0	Achevée
775	En arrêt	80	NON	Finition	Aménagement extérieur ,électricité, 68% peinture Assainissement, Menuiserie bois, Menuiserie aluminium, Menuiserie métallique, charpente – couverture – plafonnage-étanchéité,   	2025-01-04 14:53:33.737366+03	3240					nan	En arrêt
776	Achevée	100	NON	nan	Aménagement extérieur ,électricité, peinture Assainissement, Menuiserie bois, Menuiserie aluminium, Menuiserie métallique, charpente – couverture – plafonnage-étanchéité, Maçonnerie –Ravalement  -ouvrage en superstructure	2025-01-04 14:53:33.742352+03	3241					nan	Achevée
777	Non commencée	0	NON	d'implantation	nan	2025-01-04 14:53:33.746342+03	3242					nan	Non commencée
778	Achevée	100	NON	nan	Aménagement extérieur ,électricité, peinture Assainissement, Menuiserie bois, Menuiserie aluminium, 20% Menuiserie métallique, 40% charpente – couverture – plafonnage-étanchéité, 50 % Maçonnerie –Ravalement  -60% ouvrage en superstructure	2025-01-04 14:53:33.750331+03	3243					nan	Achevée
779	Achevée	100	OUI	nan	nan	2025-01-04 14:53:33.754321+03	3244					nan	Achevée
780	Achevée	100	OUI	nan	nan	2025-01-04 14:53:33.759307+03	3245					nan	Achevée
781	Non commencée	0	nan	nan	nan	2025-01-04 14:53:33.763296+03	3246					nan	Non commencée
782	Non commencée	0	nan	nan	nan	2025-01-04 14:53:33.767286+03	3360					nan	Non commencée
783	Achevée	100	NON	Elevation	Aménagement extérieur ,électricité, peinture Assainissement, Menuiserie bois, Menuiserie aluminium, Menuiserie métallique, 65% charpente – couverture – plafonnage-étanchéité, 10 % Maçonnerie –Ravalement ,15% ouvrage en superstructure  	2025-01-04 14:53:33.771275+03	3247					nan	Achevée
784	Achevée	100	DEJA	Finie	nan	2025-01-04 14:53:33.775264+03	3248					2022.0	Achevée
785	Non commencée	0	nan	nan	nan	2025-01-04 14:53:33.779254+03	3249					nan	Non commencée
786	Non commencée	0	nan	nan	nan	2025-01-04 14:53:33.783243+03	3250					nan	Non commencée
787	En cours	55	nan	nan	nan	2025-01-04 14:53:33.787232+03	3251					nan	En cours
788	Non commencée	0	nan	nan	nan	2025-01-04 14:53:33.791221+03	3252					nan	AU NIVEAU CNM
789	En cours	60	NON	Elevation	Aménagement extérieur ,électricité, peinture Assainissement, Menuiserie bois, Menuiserie aluminium, Menuiserie métallique, charpente – couverture – plafonnage-étanchéité, 50 % Maçonnerie –Ravalement  -60% ouvrage en superstructure	2025-01-04 14:53:33.795213+03	3253					nan	En cours
790	En cours	35	NON	nan	nan	2025-01-04 14:53:33.7992+03	3254					nan	En cours
792	En arrêt	10	NON	nan	électricité, peinture Assainissement, Menuiserie bois, Menuiserie aluminium, Menuiserie métallique, charpente – couverture – plafonnage-étanchéité, 90 % Maçonnerie –Ravalement-95% ouvrage en superstructure  	2025-01-04 14:53:33.808176+03	3256					nan	En arrêt
793	Non commencée	0	nan	nan	nan	2025-01-04 14:53:33.811169+03	3257					nan	AVIS FAVORABLE DE LA CNM
794	Non commencée	0	nan	nan	nan	2025-01-04 14:53:33.815158+03	3258					nan	EN ATTENTE ENGAGEMENT
795	En arrêt	30	NON	Gros œuvre 	Aménagement extérieur ,électricité, peinture Assainissement, Menuiserie bois, Menuiserie aluminium, Menuiserie métallique, charpente – couverture – plafonnage-étanchéité,39 % Maçonnerie –Ravalement ,40% ouvrage en superstricture  	2025-01-04 14:53:33.819147+03	3259					nan	En arrêt
796	En cours	50	nan	nan	nan	2025-01-04 14:53:33.824133+03	3260					nan	En cours
797	Achevée	100	nan	nan	nan	2025-01-04 14:53:33.827518+03	3261					nan	Achevée
798	Achevée	100	nan	nan	nan	2025-01-04 14:53:33.83147+03	3262					nan	Achevée
799	Non commencée	0	nan	nan	nan	2025-01-04 14:53:33.835458+03	3263					nan	Non commencée
800	Non commencée	0	nan	nan	nan	2025-01-04 14:53:33.840445+03	3264					nan	Non commencée
801	Non commencée	0	nan	nan	nan	2025-01-04 14:53:33.844435+03	3265					nan	Non commencée
802	En cours	40	nan	nan	nan	2025-01-04 14:53:33.848453+03	3266					nan	Achevée
803	Achevée	100	nan	nan	nan	2025-01-04 14:53:33.852414+03	3267					nan	Achevée
804	Achevée	100	DEJA	nan	nan	2025-01-04 14:53:33.856432+03	3268					2020.0	nan
805	Non commencée	0	nan	nan	nan	2025-01-04 14:53:33.860332+03	3269					nan	Non commencée
806	Non commencée	0	nan	nan	nan	2025-01-04 14:53:33.863325+03	3270					nan	Non commencée
770	En arrêt	70	NON	Finition	14,24% Travaux préparatoires, 05,94 % Maçonnerie Ravalement, Charpente - couverture - plafonnage - étanchéité ,28.96% Menuiserie Aluminium, Menuiserie bois, Menuiserie métallique, Assainissement, Peinture, 65,00%, 70,26% Electricité, Plomberie	2025-01-04 14:53:33.71343+03	3235	constructionImg/1_s0Xi3Rh.png	constructionImg/2_HzoK2Ib.png	constructionImg/3_0zxyoDA.png	constructionImg/4_WYy4ffD.png		En arrêt
808	En cours	100	NON	Finition	Aménagement extérieur,  Assainissement,   	2025-01-04 14:53:33.87127+03	3272					2020.0	En cours
814	En cours	40	nan	nan	nan	2025-01-04 14:53:33.894475+03	3278					nan	En cours
815	En cours	50	NON	nan	nan	2025-01-04 14:53:33.898462+03	3279					nan	En cours
817	En cours	65	NON	Elevation	Aménagement extérieur ,électricité, peinture Assainissement, Menuiserie bois, Menuiserie aluminium, 30% Menuiserie métallique, 50% charpente – couverture – plafonnage-étanchéité, 10 % Maçonnerie –Ravalement ,5% ouvrage en superstructure  	2025-01-04 14:53:33.906439+03	3281					nan	En cours
818	Non commencée	0	nan	nan	nan	2025-01-04 14:53:33.910394+03	3282					nan	Non commencée
821	Achevée	100	OUI	Achevé	nan	2025-01-04 14:53:33.921369+03	3285					nan	Achevée
822	Achevée	100	OUI	Achevé	nan	2025-01-04 14:53:33.925354+03	3286					nan	Achevée
823	Non commencée	0	nan	nan	nan	2025-01-04 14:53:33.928388+03	3287					nan	EN ATTENTE ENGAGEMENT
824	En arrêt	79	nan	nan	nan	2025-01-04 14:53:33.932336+03	3288					nan	en cours de finition
845	Achevée	100	OUI	nan	nan	2025-01-04 14:53:34.014072+03	3309					2021.0	Achevée
846	En cours	20	nan	nan	nan	2025-01-04 14:53:34.017096+03	3310					nan	En cours
847	Non commencée	0	nan	nan	nan	2025-01-04 14:53:34.022051+03	3311					nan	EN ATTENTE ENGAGEMENT
848	En arrêt	97	NON	nan	Aménagement extérieur ,  Assainissement, plomberie	2025-01-04 14:53:34.02604+03	3312					nan	En arrêt
849	Non commencée	0	NON	Elevation	nan	2025-01-04 14:53:34.030061+03	3313					nan	Non commencée
850	En cours	28	NON	nan	Aménagement extérieur ,électricité, peinture Assainissement, Menuiserie bois, Menuiserie aluminium, Menuiserie métallique, charpente – couverture – plafonnage-étanchéité,40 % Maçonnerie –Ravalement ,40% ouvrage en superstructure  	2025-01-04 14:53:34.033021+03	3314					nan	En cours
851	En cours	0	NON	implantation	nan	2025-01-04 14:53:34.03704+03	3315					nan	En cours
852	En cours	40	NON	nan	Aménagement extérieur ,électricité, peinture Assainissement, Menuiserie bois, Menuiserie aluminium, Menuiserie métallique, charpente – couverture – plafonnage-étanchéité,32% Maçonnerie –Ravalement ,25% ouvrage en superstructure  	2025-01-04 14:53:34.041+03	3316					nan	En cours
853	En cours	60	NON	nan	Aménagement extérieur ,électricité, peinture Assainissement, Menuiserie bois, Menuiserie aluminium, Menuiserie métallique, charpente – couverture – plafonnage-étanchéité, 25 % Maçonnerie –Ravalement  	2025-01-04 14:53:34.045017+03	3317					nan	En cours
854	Non commencée	0	nan	nan	nan	2025-01-04 14:53:34.048014+03	3318					nan	Non commencée
820	En arrêt	52	OUI	Achevé		2025-01-04 14:53:33.917411+03	3284	constructionImg/2_htcC1it.jpg	constructionImg/1_mqADnCP.jpg	constructionImg/3_AT5A06o.jpg			
837	En arrêt	20	NON			2025-01-04 14:53:33.984052+03	3301	constructionImg/1_3uZzzxd.jpg	constructionImg/2_o7FWt3N.jpg	constructionImg/3_FpQ5BGf.jpg	constructionImg/4_bDzyJHJ.jpg		AVIS FAVORABLE DE LA CNM
828	En cours	65	OUI	Dalle		2025-01-04 14:53:33.948603+03	3292	constructionImg/1_IdFv9yn.jpg	constructionImg/2_ZueDfbr.jpg	constructionImg/3_2E7gsu9.jpg	constructionImg/4_0RLeGmC.jpg		
816	En cours	50	NON			2025-01-04 14:53:33.902452+03	3280	constructionImg/1_yB5yqzA.jpg	constructionImg/2_ZU8MNh0.jpg	constructionImg/3_Y0zIdL4.jpg			
829	Achevée	100	OUI	Achevé		2025-01-04 14:53:33.952614+03	3293	constructionImg/1_tUm4ihO.jpg	constructionImg/2_EM1rfJf.jpg	constructionImg/3_xXdSETw.jpg	constructionImg/4_RVXOCVD.jpg	2021	Achevée
831	Achevée	100	OUI			2025-01-04 14:53:33.960597+03	3295	constructionImg/1_4jIkqTo.jpg	constructionImg/2_GMQu52a.jpg	constructionImg/3_dLHg8Th.jpg			Achevée
833	En cours	50	NON	Elevation		2025-01-04 14:53:33.968127+03	3297	constructionImg/1_rdYuwfZ.jpg	constructionImg/2_7KfYXyv.jpg	constructionImg/3_5rinZBn.jpg	constructionImg/4_MU2ZUMX.jpg		
840	Achevée	100	OUI			2025-01-04 14:53:33.995121+03	3304	constructionImg/2_UIvu1NI.jpg	constructionImg/1_XplxGd0.jpg				Achevée
841	Achevée	100	OUI			2025-01-04 14:53:33.999143+03	3305	constructionImg/1_c562TLC.jpg					Achevée
844	En arrêt	65	NON			2025-01-04 14:53:34.010121+03	3308	constructionImg/1_IVj8Csu.jpg	constructionImg/2_4CNJnqK.jpg				
843	En cours	56	NON		Aménagement extérieur ,électricité, peinture Assainissement, Menuiserie bois, Menuiserie aluminium, Menuiserie métallique, charpente – couverture – plafonnage-étanchéité,35 % Maçonnerie –Ravalement ,37% ouvrage en superstricture	2025-01-04 14:53:34.007123+03	3307	constructionImg/1_NgNWt51.jpg	constructionImg/2_R8HVr1Q.jpg	constructionImg/3_zHVqhOB.jpg	constructionImg/4_kkOnpZi.jpg		
809	Achevée	100	NON			2025-01-04 14:53:33.875282+03	3273	constructionImg/1_SbSdbc4.jpg	constructionImg/2_iB7C14Y.jpg	constructionImg/3_bdQzCJG.jpg			
810	En cours	50	NON	Elevation	Aménagement extérieur ,électricité, peinture Assainissement, Menuiserie bois, Menuiserie aluminium, Menuiserie métallique, charpente – couverture – plafonnage-étanchéité,45 % Maçonnerie –Ravalement ,42% ouvrage en superstricture	2025-01-04 14:53:33.879273+03	3274	constructionImg/1_Ta6GwL1.jpg	constructionImg/2_BpWn1wm.jpg	constructionImg/3_ETv26QC.jpg			En cours
811	En cours	55	NON	Elevation	Aménagement extérieur ,électricité, peinture Assainissement, Menuiserie bois, Menuiserie aluminium, Menuiserie métallique, charpente – couverture – plafonnage-étanchéité,45 % Maçonnerie –Ravalement ,42% ouvrage en superstructure	2025-01-04 14:53:33.882216+03	3275	constructionImg/1_QZTYXTQ.jpg	constructionImg/2_fE8P68K.jpg	constructionImg/3_NCrQ2s1.jpg			En cours
813	En cours	80	NON	Elevation		2025-01-04 14:53:33.891198+03	3277	constructionImg/1_xTq1kWf.jpg	constructionImg/2_mdrlbFk.jpg	constructionImg/3_1uGLQ0C.jpg			En cours
819	Non commencée	0	NON			2025-01-04 14:53:33.913423+03	3283						
827	Achevée	100	OUI			2025-01-04 14:53:33.945301+03	3291	constructionImg/2_5uvvpKv.jpg	constructionImg/4_SiuBVEI.jpg	constructionImg/3_m66WeBg.jpg	constructionImg/1_C2m1cBz.jpg	2022	
836	Non commencée	0	NON	nan		2025-01-04 14:53:33.980063+03	3300						L'Entreprise n'est plus revenue après l'implantation du projet
832	En arrêt	95	NON			2025-01-04 14:53:33.964142+03	3296	constructionImg/1_pddfbf6.jpg					
835	Non commencée	0	NON	implantation		2025-01-04 14:53:33.976073+03	3299						L'Entreprise n'est plus revenue après l'implantation du projet
856	Achevée	100	OUI	Achevé	nan	2025-01-04 14:53:34.055959+03	3320					nan	Achevée
857	Non commencée	0	NON	nan	nan	2025-01-04 14:53:34.059909+03	3321					nan	Non commencée
858	Non commencée	0	NON	Implantation	nan	2025-01-04 14:53:34.062972+03	3322					nan	Non commencée
859	Achevée	100	NON	nan	quelque reserve en fin de passer au reception definitive	2025-01-04 14:53:34.066929+03	3323					nan	Achevée
860	Achevée	100	OUI	nan	nan	2025-01-04 14:53:34.07092+03	3324					nan	Achevée
861	En arrêt	65	NON	Elevation	Aménagement extérieur ,électricité, peinture Assainissement, Menuiserie bois, Menuiserie aluminium, Menuiserie métallique, charpente – couverture – plafonnage-étanchéité, 40 % Maçonnerie –Ravalement ,65% ouvrage en superstructure  	2025-01-04 14:53:34.074944+03	3325					nan	En arrêt
862	Non commencée	0	nan	nan	nan	2025-01-04 14:53:34.07893+03	3326					nan	Non commencée
863	Non commencée	0	nan	nan	nan	2025-01-04 14:53:34.081926+03	3327					nan	AVIS FAVORABLE DE LA CNM
864	Achevée	100	DEJA	nan	nan	2025-01-04 14:53:34.085911+03	3328					2021.0	Achevée
865	Achevée	100	DEJA	nan	nan	2025-01-04 14:53:34.089911+03	3329					2021.0	Achevée
866	En arrêt	0	NON	nan	nan	2025-01-04 14:53:34.092893+03	3330					nan	En arrêt
867	Achevée	100	NON	nan	nan	2025-01-04 14:53:34.096852+03	3331					nan	Achevée
868	Non commencée	0	nan	nan	nan	2025-01-04 14:53:34.099873+03	3332					nan	Non commencée
869	Achevée	100	OUI	nan	nan	2025-01-04 14:53:34.104828+03	3333					2021.0	Achevée
870	Achevée	100	OUI	nan	nan	2025-01-04 14:53:34.10883+03	3334					2021.0	Achevée
871	En cours	0	nan	implantation	nan	2025-01-04 14:53:34.112838+03	3335					nan	En cours
872	Non commencée	0	nan	implantation	nan	2025-01-04 14:53:34.115829+03	3336					nan	Non commencée
873	Non commencée	0	nan	implantation	nan	2025-01-04 14:53:34.120786+03	3337					nan	Non commencée
874	Non commencée	0	nan	nan	nan	2025-01-04 14:53:34.124804+03	3338					nan	DEF NON SIGNE
875	Non commencée	0	nan	nan	nan	2025-01-04 14:53:34.128797+03	3339					nan	EN ATTENTE ENGAGEMENT
876	Achevée	100	nan	nan	nan	2025-01-04 14:53:34.131788+03	3340					nan	EN ATTENTE QUITUS
877	Achevée	100	OUI	nan	nan	2025-01-04 14:53:34.134781+03	3341					2021.0	Achevée
878	Achevée	100	OUI	nan	nan	2025-01-04 14:53:34.139751+03	3342					2021.0	Achevée
879	Achevée	100	NON	Elevation	nan	2025-01-04 14:53:34.14376+03	3343					nan	Achevée
880	Achevée	100	NON	Achevé	nan	2025-01-04 14:53:34.147722+03	3344					nan	Achevée
881	En arrêt	0	NON	nan	nan	2025-01-04 14:53:34.150742+03	3345					nan	En arrêt(Implantation)
882	En arrêt	0	NON	nan	nan	2025-01-04 14:53:34.156723+03	3346					nan	En arrêt(Implantation)
883	Non commencée	0	nan	nan	nan	2025-01-04 14:53:34.160679+03	3347					nan	AVIS FAVORABLE DE LA CNM
885	Achevée	100	nan	nan	nan	2025-01-04 14:53:34.168657+03	3349					nan	1
886	Achevée	100	nan	nan	nan	2025-01-04 14:53:34.172646+03	3350					nan	1
887	Achevée	100	nan	nan	nan	2025-01-04 14:53:34.177667+03	3351					nan	1
888	Achevée	100	nan	nan	nan	2025-01-04 14:53:34.181655+03	3352					nan	1
889	Achevée	100	nan	nan	nan	2025-01-04 14:53:34.185646+03	3353					nan	1
890	Achevée	100	nan	nan	nan	2025-01-04 14:53:34.190599+03	3354					nan	1
891	Achevée	100	nan	nan	nan	2025-01-04 14:53:34.194624+03	3355					nan	1
892	Achevée	100	nan	nan	nan	2025-01-04 14:53:34.197579+03	3356					nan	1
893	Achevée	100	nan	nan	nan	2025-01-04 14:53:34.201596+03	3357					nan	1
894	Achevée	100	nan	nan	nan	2025-01-04 14:53:34.206555+03	3358					nan	1
895	Achevée	100	nan	nan	nan	2025-01-04 14:53:34.210545+03	3359					nan	1
896	Achevée	100	nan	nan	nan	2025-01-04 14:53:34.214566+03	3361					nan	1
897	Achevée	100	nan	nan	nan	2025-01-04 14:53:34.217542+03	3362					nan	1
898	Achevée	100	nan	nan	nan	2025-01-04 14:53:34.223511+03	3363					nan	1
899	Achevée	100	nan	nan	nan	2025-01-04 14:53:34.228532+03	3364					nan	1
900	Achevée	100	nan	nan	nan	2025-01-04 14:53:34.232519+03	3365					nan	1
901	Achevée	100	nan	nan	nan	2025-01-04 14:53:34.235478+03	3366					nan	1
902	Achevée	100	nan	nan	nan	2025-01-04 14:53:34.241477+03	3367					nan	1
903	Achevée	100	nan	nan	nan	2025-01-04 14:53:34.245456+03	3368					nan	1
904	Achevée	100	nan	nan	nan	2025-01-04 14:53:34.248444+03	3369					nan	Achevée
905	Achevée	100	nan	nan	nan	2025-01-04 14:53:34.252462+03	3370					nan	1
906	Achevée	100	nan	nan	nan	2025-01-04 14:53:34.256458+03	3371					nan	1
907	Achevée	100	nan	nan	nan	2025-01-04 14:53:34.260446+03	3372					nan	1
908	Achevée	100	nan	nan	nan	2025-01-04 14:53:34.264439+03	3373					nan	1
909	Achevée	100	nan	nan	nan	2025-01-04 14:53:34.267425+03	3374					nan	1
910	Achevée	100	nan	nan	nan	2025-01-04 14:53:34.272382+03	3375					nan	1
911	Achevée	100	nan	nan	nan	2025-01-04 14:53:34.277065+03	3376					nan	1
912	Achevée	100	nan	nan	nan	2025-01-04 14:53:34.281017+03	3377					nan	1
913	Achevée	100	nan	nan	nan	2025-01-04 14:53:34.284008+03	3378					nan	1
914	Achevée	100	nan	nan	nan	2025-01-04 14:53:34.29003+03	3379					nan	1
915	Achevée	100	nan	nan	nan	2025-01-04 14:53:34.293022+03	3380					nan	1
916	Achevée	100	nan	nan	nan	2025-01-04 14:53:34.297013+03	3381					nan	1
917	Achevée	100	nan	nan	nan	2025-01-04 14:53:34.299999+03	3382					nan	1
918	Achevée	100	nan	nan	nan	2025-01-04 14:53:34.303956+03	3383					nan	1
919	Achevée	100	nan	nan	nan	2025-01-04 14:53:34.307944+03	3384					nan	1
920	Achevée	100	nan	nan	nan	2025-01-04 14:53:34.311934+03	3385					nan	1
921	Achevée	100	nan	nan	nan	2025-01-04 14:53:34.315961+03	3386					nan	1
922	Achevée	100	nan	nan	nan	2025-01-04 14:53:34.319945+03	3387					nan	1
923	Achevée	100	nan	nan	nan	2025-01-04 14:53:34.324898+03	3388					nan	1
924	Achevée	100	nan	nan	nan	2025-01-04 14:53:34.32926+03	3389					nan	1
925	Achevée	100	nan	nan	nan	2025-01-04 14:53:34.332401+03	3390					nan	1
926	Achevée	100	nan	nan	nan	2025-01-04 14:53:34.336388+03	3391					nan	1
927	Achevée	100	nan	nan	nan	2025-01-04 14:53:34.340382+03	3392					nan	1
928	Achevée	100	nan	nan	nan	2025-01-04 14:53:34.343372+03	3393					nan	1
929	Achevée	100	nan	nan	nan	2025-01-04 14:53:34.347329+03	3394					nan	1
930	Achevée	100	nan	nan	nan	2025-01-04 14:53:34.350359+03	3395					nan	1
931	Achevée	100	nan	nan	nan	2025-01-04 14:53:34.354311+03	3396					nan	1
932	Achevée	100	nan	nan	nan	2025-01-04 14:53:34.359331+03	3397					nan	1
933	Achevée	100	nan	nan	nan	2025-01-04 14:53:34.363326+03	3398					nan	1
934	Achevée	100	nan	nan	nan	2025-01-04 14:53:34.36731+03	3399					nan	1
935	Achevée	100	nan	nan	nan	2025-01-04 14:53:34.37102+03	3400					nan	1
936	Achevée	100	nan	nan	nan	2025-01-04 14:53:34.375041+03	3401					nan	1
937	Achevée	100	nan	nan	nan	2025-01-04 14:53:34.37826+03	3402					nan	1
938	Achevée	100	nan	nan	nan	2025-01-04 14:53:34.381252+03	3403					nan	1
939	Achevée	100	nan	nan	nan	2025-01-04 14:53:34.38521+03	3404					nan	1
940	Achevée	100	nan	nan	nan	2025-01-04 14:53:34.390198+03	3405					nan	1
941	Achevée	100	nan	nan	nan	2025-01-04 14:53:34.394222+03	3406					nan	1
942	Achevée	100	nan	nan	nan	2025-01-04 14:53:34.398215+03	3407					nan	1
943	Achevée	100	nan	nan	nan	2025-01-04 14:53:34.401202+03	3408					nan	1
944	Achevée	100	nan	nan	nan	2025-01-04 14:53:34.406193+03	3409					nan	1
945	Achevée	100	nan	nan	nan	2025-01-04 14:53:34.410174+03	3410					nan	1
946	Achevée	100	nan	nan	nan	2025-01-04 14:53:34.41316+03	3411					nan	1
947	Achevée	100	nan	nan	nan	2025-01-04 14:53:34.417124+03	3412					nan	1
948	Achevée	100	nan	nan	nan	2025-01-04 14:53:34.421114+03	3413					nan	1
949	Achevée	100	nan	nan	nan	2025-01-04 14:53:34.425141+03	3414					nan	1
950	Achevée	100	nan	nan	nan	2025-01-04 14:53:34.429076+03	3415					nan	1
951	Achevée	100	nan	nan	nan	2025-01-04 14:53:34.432106+03	3416					nan	1
952	Achevée	100	nan	nan	nan	2025-01-04 14:53:34.43609+03	3417					nan	1
953	Achevée	100	nan	nan	nan	2025-01-04 14:53:34.441045+03	3418					nan	1
954	Achevée	100	nan	nan	nan	2025-01-04 14:53:34.445066+03	3419					nan	1
955	Achevée	100	nan	nan	nan	2025-01-04 14:53:34.449059+03	3420					nan	1
956	Achevée	100	nan	nan	nan	2025-01-04 14:53:34.453046+03	3421					nan	1
957	Achevée	100	nan	nan	nan	2025-01-04 14:53:34.457035+03	3422					nan	1
958	Achevée	100	nan	nan	nan	2025-01-04 14:53:34.459993+03	3423					nan	1
959	Achevée	100	nan	nan	nan	2025-01-04 14:53:34.463022+03	3424					nan	1
960	Achevée	100	nan	nan	nan	2025-01-04 14:53:34.467008+03	3425					nan	1
961	Achevée	100	nan	nan	nan	2025-01-04 14:53:34.470966+03	3426					nan	1
962	Achevée	100	nan	nan	nan	2025-01-04 14:53:34.475951+03	3427					nan	1
963	Achevée	100	nan	nan	nan	2025-01-04 14:53:34.479975+03	3428					nan	1
964	Achevée	100	nan	nan	nan	2025-01-04 14:53:34.482965+03	3429					nan	1
965	Achevée	100	nan	nan	nan	2025-01-04 14:53:34.486926+03	3430					nan	1
966	Achevée	100	nan	nan	nan	2025-01-04 14:53:34.490949+03	3431					nan	1
967	Achevée	100	nan	nan	nan	2025-01-04 14:53:34.494976+03	3432					nan	1
968	Achevée	100	nan	nan	nan	2025-01-04 14:53:34.497931+03	3433					nan	1
969	Achevée	100	nan	nan	nan	2025-01-04 14:53:34.501952+03	3434					nan	1
970	Achevée	100	nan	nan	nan	2025-01-04 14:53:34.505888+03	3435					nan	1
971	Achevée	100	nan	nan	nan	2025-01-04 14:53:34.509916+03	3436					nan	1
972	Achevée	100	nan	nan	nan	2025-01-04 14:53:34.512747+03	3437					nan	1
973	Achevée	100	nan	nan	nan	2025-01-04 14:53:34.516774+03	3438					nan	1
974	Achevée	100	nan	nan	nan	2025-01-04 14:53:34.520729+03	3439					nan	1
975	Achevée	100	nan	nan	nan	2025-01-04 14:53:34.524746+03	3440					nan	1
976	Achevée	100	nan	nan	nan	2025-01-04 14:53:34.527738+03	3441					nan	1
977	Achevée	100	nan	nan	nan	2025-01-04 14:53:34.531728+03	3442					nan	1
978	Achevée	100	nan	nan	nan	2025-01-04 14:53:34.534724+03	3443					nan	1
979	Achevée	100	nan	nan	nan	2025-01-04 14:53:34.539712+03	3444					nan	1
980	Achevée	100	nan	nan	nan	2025-01-04 14:53:34.543242+03	3445					nan	1
981	Achevée	100	nan	nan	nan	2025-01-04 14:53:34.546194+03	3446					nan	1
982	Achevée	100	nan	nan	nan	2025-01-04 14:53:34.550471+03	3447					nan	1
983	Achevée	100	nan	nan	nan	2025-01-04 14:53:34.554445+03	3448					nan	1
984	Achevée	100	nan	nan	nan	2025-01-04 14:53:34.558434+03	3449					nan	1
985	Achevée	100	nan	nan	nan	2025-01-04 14:53:34.561426+03	3450					nan	1
986	Achevée	100	nan	nan	nan	2025-01-04 14:53:34.565481+03	3451					nan	1
987	Achevée	100	nan	nan	nan	2025-01-04 14:53:34.568533+03	3452					nan	1
988	Achevée	100	nan	nan	nan	2025-01-04 14:53:34.572485+03	3453					nan	1
989	Achevée	100	nan	nan	nan	2025-01-04 14:53:34.576322+03	3454					nan	1
990	Achevée	100	nan	nan	nan	2025-01-04 14:53:34.580279+03	3455					nan	1
991	Achevée	100	nan	nan	nan	2025-01-04 14:53:34.583304+03	3456					nan	1
992	Achevée	100	nan	nan	nan	2025-01-04 14:53:34.588258+03	3457					nan	1
993	Achevée	100	nan	nan	nan	2025-01-04 14:53:34.592284+03	3458					nan	1
994	Achevée	100	nan	nan	nan	2025-01-04 14:53:34.596267+03	3459					nan	1
995	Achevée	100	nan	nan	nan	2025-01-04 14:53:34.59904+03	3460					nan	1
996	Achevée	100	nan	nan	nan	2025-01-04 14:53:34.602031+03	3461					nan	1
997	Achevée	100	nan	nan	nan	2025-01-04 14:53:34.607021+03	3462					nan	1
998	Achevée	100	nan	nan	nan	2025-01-04 14:53:34.611012+03	3463					nan	1
999	Achevée	100	nan	nan	nan	2025-01-04 14:53:34.613973+03	3464					nan	1
1000	Achevée	100	nan	nan	nan	2025-01-04 14:53:34.617991+03	3465					nan	1
1001	Achevée	100	nan	nan	nan	2025-01-04 14:53:34.622958+03	3466					nan	1
1002	Achevée	100	nan	nan	nan	2025-01-04 14:53:34.625952+03	3467					nan	1
1003	Achevée	100	nan	nan	nan	2025-01-04 14:53:34.629956+03	3468					nan	1
1004	Achevée	100	nan	nan	nan	2025-01-04 14:53:34.632926+03	3469					nan	1
1005	Achevée	100	nan	nan	nan	2025-01-04 14:53:34.636942+03	3470					nan	1
1006	Achevée	100	nan	nan	nan	2025-01-04 14:53:34.641893+03	3471					nan	1
1007	Achevée	100	nan	nan	nan	2025-01-04 14:53:34.645882+03	3472					nan	1
1008	Achevée	100	nan	nan	nan	2025-01-04 14:53:34.6499+03	3473					nan	1
1009	Achevée	100	nan	nan	nan	2025-01-04 14:53:34.652895+03	3474					nan	1
1010	Achevée	100	nan	nan	nan	2025-01-04 14:53:34.65687+03	3475					nan	1
1011	Achevée	100	nan	nan	nan	2025-01-04 14:53:34.660842+03	3476					nan	1
1012	Achevée	100	nan	nan	nan	2025-01-04 14:53:34.663871+03	3477					nan	1
1013	Achevée	100	nan	nan	nan	2025-01-04 14:53:34.666859+03	3478					nan	1
1014	Achevée	100	nan	nan	nan	2025-01-04 14:53:34.672842+03	3479					nan	1
1015	Achevée	100	nan	nan	nan	2025-01-04 14:53:34.67633+03	3480					nan	1
1016	Achevée	100	nan	nan	nan	2025-01-04 14:53:34.679351+03	3481					nan	1
1017	Achevée	100	nan	nan	nan	2025-01-04 14:53:34.682841+03	3482					nan	1
1018	Achevée	100	nan	nan	nan	2025-01-04 14:53:34.687796+03	3483					nan	1
1019	Achevée	100	nan	nan	nan	2025-01-04 14:53:34.69082+03	3484					nan	1
1020	Achevée	100	nan	nan	nan	2025-01-04 14:53:34.69481+03	3485					nan	1
1021	Achevée	100	nan	nan	nan	2025-01-04 14:53:34.698798+03	3486					nan	1
1022	Achevée	100	nan	nan	nan	2025-01-04 14:53:34.702788+03	3487					nan	1
1023	Achevée	100	nan	nan	nan	2025-01-04 14:53:34.707749+03	3488					nan	1
1024	Achevée	100	nan	nan	nan	2025-01-04 14:53:34.710767+03	3489					nan	1
1025	Achevée	100	nan	nan	nan	2025-01-04 14:53:34.713759+03	3490					nan	1
1026	Achevée	100	nan	nan	nan	2025-01-04 14:53:34.717716+03	3491					nan	1
1027	Achevée	100	nan	nan	nan	2025-01-04 14:53:34.722703+03	3492					nan	1
1028	Achevée	100	nan	nan	nan	2025-01-04 14:53:34.72769+03	3493					nan	1
1029	Achevée	100	nan	nan	nan	2025-01-04 14:53:34.73171+03	3494					nan	1
1030	Achevée	100	nan	nan	nan	2025-01-04 14:53:34.735668+03	3495					nan	1
1031	Achevée	100	nan	nan	nan	2025-01-04 14:53:34.741652+03	3496					nan	1
1032	Achevée	100	nan	nan	nan	2025-01-04 14:53:34.745463+03	3497					nan	1
1033	Achevée	100	nan	nan	nan	2025-01-04 14:53:34.748866+03	3498					nan	1
1034	Achevée	100	nan	nan	nan	2025-01-04 14:53:34.752924+03	3499					nan	1
1035	Achevée	100	nan	nan	nan	2025-01-04 14:53:34.757883+03	3500					nan	1
1036	Achevée	100	nan	nan	nan	2025-01-04 14:53:34.762511+03	3501					nan	1
1037	Achevée	100	nan	nan	nan	2025-01-04 14:53:34.765506+03	3502					nan	1
1038	Achevée	100	nan	nan	nan	2025-01-04 14:53:34.769491+03	3503					nan	1
1039	Achevée	100	nan	nan	nan	2025-01-04 14:53:34.774447+03	3504					nan	1
1040	Achevée	100	nan	nan	nan	2025-01-04 14:53:34.778315+03	3505					nan	1
1041	Achevée	100	nan	nan	nan	2025-01-04 14:53:34.783276+03	3506					nan	1
1042	Achevée	100	nan	nan	nan	2025-01-04 14:53:34.787259+03	3507					nan	1
1043	Achevée	100	nan	nan	nan	2025-01-04 14:53:34.792279+03	3508					nan	Achevée
1044	Achevée	100	nan	nan	nan	2025-01-04 14:53:34.795266+03	3509					nan	1
1045	Achevée	100	nan	nan	nan	2025-01-04 14:53:34.799265+03	3510					nan	1
1046	Achevée	100	nan	nan	nan	2025-01-04 14:53:34.803252+03	3511					nan	1
1047	Achevée	100	nan	nan	nan	2025-01-04 14:53:34.8092+03	3512					nan	1
1048	Achevée	100	nan	nan	nan	2025-01-04 14:53:34.812223+03	3513					nan	1
1049	Achevée	100	nan	nan	nan	2025-01-04 14:53:34.816213+03	3514					nan	1
1050	Achevée	100	nan	nan	nan	2025-01-04 14:53:34.82017+03	3515					nan	1
1051	Achevée	100	nan	nan	nan	2025-01-04 14:53:34.826191+03	3516					nan	1
1052	Achevée	100	nan	nan	nan	2025-01-04 14:53:34.831143+03	3517					nan	1
1053	Achevée	100	nan	nan	nan	2025-01-04 14:53:34.835137+03	3518					nan	1
1054	Achevée	100	nan	nan	nan	2025-01-04 14:53:34.841115+03	3519					nan	1
1055	Achevée	100	nan	nan	nan	2025-01-04 14:53:34.846101+03	3520					nan	1
1056	Achevée	100	nan	nan	nan	2025-01-04 14:53:34.850122+03	3521					nan	1
1057	Achevée	100	nan	nan	nan	2025-01-04 14:53:34.856074+03	3522					nan	1
1058	Achevée	100	nan	nan	nan	2025-01-04 14:53:34.860063+03	3523					nan	1
1059	Achevée	100	nan	nan	nan	2025-01-04 14:53:34.865051+03	3524					nan	1
1060	Achevée	100	nan	nan	nan	2025-01-04 14:53:34.869072+03	3525					nan	1
1061	Achevée	100	nan	nan	nan	2025-01-04 14:53:34.874026+03	3526					nan	1
1062	Achevée	100	nan	nan	nan	2025-01-04 14:53:34.878015+03	3527					nan	1
1063	Achevée	100	nan	nan	nan	2025-01-04 14:53:34.882005+03	3528					nan	1
1064	Achevée	100	nan	nan	nan	2025-01-04 14:53:34.886991+03	3529					nan	1
1065	Achevée	100	nan	nan	nan	2025-01-04 14:53:34.891978+03	3530					nan	1
1066	Achevée	100	nan	nan	nan	2025-01-04 14:53:34.896002+03	3531					nan	1
1067	Achevée	100	nan	nan	nan	2025-01-04 14:53:34.899957+03	3532					nan	1
1068	Achevée	100	nan	nan	nan	2025-01-04 14:53:34.904944+03	3533					nan	1
1069	Achevée	100	nan	nan	nan	2025-01-04 14:53:34.909931+03	3534					nan	1
1070	Achevée	100	nan	nan	nan	2025-01-04 14:53:34.913953+03	3535					nan	1
1071	Achevée	100	nan	nan	nan	2025-01-04 14:53:34.917909+03	3536					nan	1
1072	Achevée	100	nan	nan	nan	2025-01-04 14:53:34.922895+03	3537					nan	1
1073	Achevée	100	nan	nan	nan	2025-01-04 14:53:34.926885+03	3538					nan	2
1074	Achevée	100	nan	nan	nan	2025-01-04 14:53:34.930874+03	3539					nan	2
1075	Achevée	100	nan	nan	nan	2025-01-04 14:53:34.933867+03	3540					nan	2
1076	Achevée	100	nan	nan	nan	2025-01-04 14:53:34.938853+03	3541					nan	2
1077	Achevée	100	nan	nan	nan	2025-01-04 14:53:34.942842+03	3542					nan	2
1078	Achevée	100	nan	nan	nan	2025-01-04 14:53:34.946831+03	3543					nan	2
1079	Achevée	100	nan	nan	nan	2025-01-04 14:53:34.950821+03	3544					nan	2
1080	Achevée	100	nan	nan	nan	2025-01-04 14:53:34.954811+03	3545					nan	2
1081	Achevée	100	nan	nan	nan	2025-01-04 14:53:34.959797+03	3546					nan	2
1082	Achevée	100	nan	nan	nan	2025-01-04 14:53:34.963787+03	3547					nan	2
1083	Achevée	100	nan	nan	nan	2025-01-04 14:53:34.967776+03	3548					nan	2
1084	Achevée	100	nan	nan	nan	2025-01-04 14:53:34.972763+03	3549					nan	2
1085	Achevée	100	nan	nan	nan	2025-01-04 14:53:34.976751+03	3550					nan	2
1086	Achevée	100	nan	nan	nan	2025-01-04 14:53:34.980741+03	3551					nan	2
1087	Achevée	100	nan	nan	nan	2025-01-04 14:53:34.98473+03	3552					nan	2
1088	Achevée	100	nan	nan	nan	2025-01-04 14:53:34.989717+03	3553					nan	2
1089	Achevée	100	nan	nan	nan	2025-01-04 14:53:34.993706+03	3554					nan	2
1090	Achevée	100	nan	nan	nan	2025-01-04 14:53:34.997695+03	3555					nan	2
1091	Achevée	100	nan	nan	nan	2025-01-04 14:53:35.006671+03	3556					nan	2
1092	Achevée	100	nan	nan	nan	2025-01-04 14:53:35.011658+03	3557					nan	2
1093	Achevée	100	nan	nan	nan	2025-01-04 14:53:35.015647+03	3558					nan	2
1094	Achevée	100	nan	nan	nan	2025-01-04 14:53:35.019638+03	3559					nan	2
1095	Achevée	100	nan	nan	nan	2025-01-04 14:53:35.023626+03	3560					nan	2
1096	Achevée	100	nan	nan	nan	2025-01-04 14:53:35.027615+03	3561					nan	2
1097	Achevée	100	nan	nan	nan	2025-01-04 14:53:35.031639+03	3562					nan	2
1098	Achevée	100	nan	nan	nan	2025-01-04 14:53:35.035594+03	3563					nan	2
1099	Achevée	100	nan	nan	nan	2025-01-04 14:53:35.040581+03	3564					nan	2
1100	Achevée	100	nan	nan	nan	2025-01-04 14:53:35.044569+03	3565					nan	2
1101	Achevée	100	nan	nan	nan	2025-01-04 14:53:35.047562+03	3566					nan	2
1102	Achevée	100	nan	nan	nan	2025-01-04 14:53:35.051551+03	3567					nan	2
1103	Achevée	100	nan	nan	nan	2025-01-04 14:53:35.056545+03	3568					nan	2
1104	Achevée	100	nan	nan	nan	2025-01-04 14:53:35.059529+03	3569					nan	2
1105	Achevée	100	nan	nan	nan	2025-01-04 14:53:35.063519+03	3570					nan	2
1106	Achevée	100	nan	nan	nan	2025-01-04 14:53:35.066511+03	3571					nan	2
1107	Achevée	100	nan	nan	nan	2025-01-04 14:53:35.071499+03	3572					nan	2
1108	Achevée	100	nan	nan	nan	2025-01-04 14:53:35.07449+03	3573					nan	2
1109	Achevée	100	nan	nan	nan	2025-01-04 14:53:35.078479+03	3574					nan	2
1110	Achevée	100	nan	nan	nan	2025-01-04 14:53:35.081471+03	3575					nan	2
1111	Achevée	100	nan	nan	nan	2025-01-04 14:53:35.085488+03	3576					nan	2
1112	Achevée	100	nan	nan	nan	2025-01-04 14:53:35.088481+03	3577					nan	2
1113	Achevée	100	nan	nan	nan	2025-01-04 14:53:35.09247+03	3578					nan	2
1114	Achevée	100	nan	nan	nan	2025-01-04 14:53:35.09646+03	3579					nan	2
1115	Achevée	100	nan	nan	nan	2025-01-04 14:53:35.099451+03	3580					nan	2
1116	Achevée	100	nan	nan	nan	2025-01-04 14:53:35.103413+03	3581					nan	2
1117	Achevée	100	nan	nan	nan	2025-01-04 14:53:35.107429+03	3582					nan	2
1118	Achevée	100	nan	nan	nan	2025-01-04 14:53:35.110422+03	3583					nan	2
1119	Achevée	100	nan	nan	nan	2025-01-04 14:53:35.114413+03	3584					nan	2
1120	Achevée	100	nan	nan	nan	2025-01-04 14:53:35.117407+03	3585					nan	1
1121	Achevée	100	nan	nan	nan	2025-01-04 14:53:35.122363+03	3586					nan	1
1122	Achevée	100	nan	nan	nan	2025-01-04 14:53:35.12638+03	3587					nan	1
1123	Achevée	100	nan	nan	nan	2025-01-04 14:53:35.129371+03	3588					nan	1
1124	Achevée	100	nan	nan	nan	2025-01-04 14:53:35.133365+03	3589					nan	1
1125	Achevée	100	nan	nan	nan	2025-01-04 14:53:35.136353+03	3590					nan	1
1126	Achevée	100	nan	nan	nan	2025-01-04 14:53:35.140346+03	3591					nan	1
1127	Achevée	100	nan	nan	nan	2025-01-04 14:53:35.144333+03	3592					nan	1
1128	Achevée	100	nan	nan	nan	2025-01-04 14:53:35.147325+03	3593					nan	1
1129	Achevée	100	nan	nan	nan	2025-01-04 14:53:35.150287+03	3594					nan	1
1130	Achevée	100	nan	nan	nan	2025-01-04 14:53:35.154307+03	3595					nan	1
1131	Achevée	100	nan	nan	nan	2025-01-04 14:53:35.157301+03	3596					nan	1
1132	Achevée	100	nan	nan	nan	2025-01-04 14:53:35.16126+03	3597					nan	2
1133	Achevée	100	nan	nan	nan	2025-01-04 14:53:35.164278+03	3598					nan	2
1134	Achevée	100	nan	nan	nan	2025-01-04 14:53:35.167271+03	3599					nan	2
1135	En cours	79	nan	nan	nan	2025-01-04 14:53:35.171233+03	3600					nan	2
1136	Achevée	100	nan	nan	nan	2025-01-04 14:53:35.174251+03	3601					nan	2
1137	En cours	55	nan	nan	nan	2025-01-04 14:53:35.177244+03	3602					nan	2
1138	Achevée	100	nan	nan	nan	2025-01-04 14:53:35.180235+03	3603					nan	2
1139	En cours	72	nan	nan	nan	2025-01-04 14:53:35.184235+03	3604					nan	2
1140	Achevée	100	nan	nan	nan	2025-01-04 14:53:35.189215+03	3605					nan	2
1141	En cours	89	nan	nan	nan	2025-01-04 14:53:35.193206+03	3606					nan	2
1142	Achevée	100	nan	nan	nan	2025-01-04 14:53:35.196165+03	3607					nan	2
1143	Achevée	100	nan	nan	nan	2025-01-04 14:53:35.200186+03	3608					nan	2
1144	Achevée	100	nan	nan	nan	2025-01-04 14:53:35.204144+03	3609					nan	2
1145	Achevée	100	nan	nan	nan	2025-01-04 14:53:35.208167+03	3610					nan	2
1146	En cours	15	nan	nan	nan	2025-01-04 14:53:35.211125+03	3611					nan	2
1147	Achevée	100	nan	nan	nan	2025-01-04 14:53:35.215149+03	3612					nan	2
1148	Achevée	100	nan	nan	nan	2025-01-04 14:53:35.218144+03	3613					nan	2
1149	Achevée	100	nan	nan	nan	2025-01-04 14:53:35.222133+03	3614					nan	2
1150	En cours	67	nan	nan	nan	2025-01-04 14:53:35.227081+03	3615					nan	2
1151	En cours	71	nan	nan	nan	2025-01-04 14:53:35.231104+03	3616					nan	2
1152	En cours	72	nan	nan	nan	2025-01-04 14:53:35.235093+03	3617					nan	2
1153	Achevée	100	nan	nan	nan	2025-01-04 14:53:35.240081+03	3618					nan	2
1154	En cours	68	nan	nan	nan	2025-01-04 14:53:35.243073+03	3619					nan	2
1155	En cours	67	nan	nan	nan	2025-01-04 14:53:35.246032+03	3620					nan	2
1156	En cours	88	nan	nan	nan	2025-01-04 14:53:35.250058+03	3621					nan	2
1157	En cours	65	nan	nan	nan	2025-01-04 14:53:35.254011+03	3622					nan	2
1158	En cours	90	nan	nan	nan	2025-01-04 14:53:35.25803+03	3623					nan	2
1159	Achevée	100	nan	nan	nan	2025-01-04 14:53:35.261023+03	3624					nan	2
1160	En cours	74	nan	nan	nan	2025-01-04 14:53:35.265014+03	3625					nan	2
1161	En cours	80	nan	nan	nan	2025-01-04 14:53:35.26801+03	3626					nan	2
1162	Achevée	100	nan	nan	nan	2025-01-04 14:53:35.272+03	3627					nan	2
1163	Achevée	100	nan	nan	nan	2025-01-04 14:53:35.275952+03	3628					nan	2
1164	Achevée	100	nan	nan	nan	2025-01-04 14:53:35.278987+03	3629					nan	2
1165	En cours	46	nan	nan	nan	2025-01-04 14:53:35.282939+03	3630					nan	2
1166	En cours	30	nan	nan	nan	2025-01-04 14:53:35.288953+03	3631					nan	2
1167	En cours	88	nan	nan	nan	2025-01-04 14:53:35.291943+03	3632					nan	2
1168	En cours	80	nan	nan	nan	2025-01-04 14:53:35.294933+03	3633					nan	2
1169	En cours	46	nan	nan	nan	2025-01-04 14:53:35.29889+03	3634					nan	2
1170	En cours	75	nan	nan	nan	2025-01-04 14:53:35.302761+03	3635					nan	2
1171	Achevée	100	nan	nan	nan	2025-01-04 14:53:35.306749+03	3636					nan	2
1172	En cours	37	nan	nan	nan	2025-01-04 14:53:35.310739+03	3637					nan	2
1173	En cours	92	nan	nan	nan	2025-01-04 14:53:35.313731+03	3638					nan	2
1174	Achevée	100	nan	nan	nan	2025-01-04 14:53:35.316723+03	3639					nan	2
1175	En cours	82	nan	nan	nan	2025-01-04 14:53:35.321679+03	3640					nan	2
1176	En cours	41	nan	nan	nan	2025-01-04 14:53:35.325707+03	3641					nan	2
1177	En cours	85	nan	nan	nan	2025-01-04 14:53:35.329693+03	3642					nan	2
1178	En cours	45	nan	nan	nan	2025-01-04 14:53:35.332685+03	3643					nan	2
1179	En cours	45	nan	nan	nan	2025-01-04 14:53:35.337636+03	3644					nan	2
1180	En cours	38	nan	nan	nan	2025-01-04 14:53:35.341664+03	3645					nan	2
1181	En cours	53	nan	nan	nan	2025-01-04 14:53:35.344655+03	3646					nan	2
1182	En cours	80	nan	nan	nan	2025-01-04 14:53:35.348637+03	3647					nan	2
1183	Achevée	100	nan	nan	nan	2025-01-04 14:53:35.351638+03	3648					nan	2
1184	En cours	42	nan	nan	nan	2025-01-04 14:53:35.356617+03	3649					nan	2
1185	En cours	62	nan	nan	nan	2025-01-04 14:53:35.359678+03	3650					nan	2
1186	En cours	85	nan	nan	nan	2025-01-04 14:53:35.363671+03	3651					nan	2
1187	Achevée	100	nan	nan	nan	2025-01-04 14:53:35.36765+03	3652					nan	2
1188	En cours	93	nan	nan	nan	2025-01-04 14:53:35.372632+03	3653					nan	2
1189	En cours	65	nan	nan	nan	2025-01-04 14:53:35.376631+03	3654					nan	2
1190	En cours	80	nan	nan	nan	2025-01-04 14:53:35.379632+03	3655					nan	2
1191	Achevée	100	nan	nan	nan	2025-01-04 14:53:35.382624+03	3656					nan	2
1192	Achevée	100	nan	nan	nan	2025-01-04 14:53:35.387579+03	3657					nan	2
1193	En cours	50	nan	nan	nan	2025-01-04 14:53:35.392229+03	3658					nan	2
1194	Achevée	100	nan	nan	nan	2025-01-04 14:53:35.395115+03	3659					nan	2
1195	Achevée	100	nan	nan	nan	2025-01-04 14:53:35.399104+03	3660					nan	2
1196	Achevée	100	nan	nan	nan	2025-01-04 14:53:35.402064+03	3661					nan	2
1197	Achevée	100	nan	nan	nan	2025-01-04 14:53:35.406085+03	3662					nan	2
1198	Achevée	100	nan	nan	nan	2025-01-04 14:53:35.410043+03	3663					nan	2
1199	Achevée	100	nan	nan	nan	2025-01-04 14:53:35.413067+03	3664					nan	2
1200	En cours	98	nan	nan	nan	2025-01-04 14:53:35.41706+03	3665					nan	2
1201	En cours	85	nan	nan	nan	2025-01-04 14:53:35.421013+03	3666					nan	2
1202	En cours	80	nan	nan	nan	2025-01-04 14:53:35.425034+03	3667					nan	2
1203	Achevée	100	nan	nan	nan	2025-01-04 14:53:35.428031+03	3668					nan	2
1204	Achevée	100	nan	nan	nan	2025-01-04 14:53:35.432017+03	3669					nan	2
1205	En cours	80	nan	nan	nan	2025-01-04 14:53:35.435008+03	3670					nan	2
1206	En cours	85	nan	nan	nan	2025-01-04 14:53:35.439996+03	3671					nan	2
1207	Achevée	100	nan	nan	nan	2025-01-04 14:53:35.443984+03	3672					nan	2
1208	Achevée	100	nan	nan	nan	2025-01-04 14:53:35.447974+03	3673					nan	2
1209	Achevée	100	nan	nan	nan	2025-01-04 14:53:35.451964+03	3674					nan	2
1210	Achevée	100	nan	nan	nan	2025-01-04 14:53:35.45592+03	3675					nan	2
1211	Achevée	100	nan	nan	nan	2025-01-04 14:53:35.459909+03	3676					nan	2
1212	Achevée	100	nan	nan	nan	2025-01-04 14:53:35.46393+03	3677					nan	2
1213	En cours	80	nan	nan	nan	2025-01-04 14:53:35.466891+03	3678					nan	2
1214	En cours	57	nan	nan	nan	2025-01-04 14:53:35.47191+03	3679					nan	2
1215	En cours	82	nan	nan	nan	2025-01-04 14:53:35.474909+03	3680					nan	2
1216	En cours	68	nan	nan	nan	2025-01-04 14:53:35.479888+03	3681					nan	2
1217	Achevée	100	nan	nan	nan	2025-01-04 14:53:35.483878+03	3682					nan	2
1218	En cours	95	nan	nan	nan	2025-01-04 14:53:35.48787+03	3683					nan	2
1219	En cours	81	nan	nan	nan	2025-01-04 14:53:35.490854+03	3684					nan	2
1220	En cours	79	nan	nan	nan	2025-01-04 14:53:35.494661+03	3685					nan	2
1221	En cours	54	nan	nan	nan	2025-01-04 14:53:35.498653+03	3686					nan	2
1222	Achevée	100	nan	nan	nan	2025-01-04 14:53:35.501644+03	3687					nan	2
1223	En cours	59	nan	nan	nan	2025-01-04 14:53:35.506606+03	3688					nan	2
1224	En cours	88	nan	nan	nan	2025-01-04 14:53:35.510617+03	3689					nan	2
1225	En cours	65	nan	nan	nan	2025-01-04 14:53:35.51557+03	3690					nan	2
1226	Achevée	100	nan	nan	nan	2025-01-04 14:53:35.519582+03	3691					nan	2
1227	Achevée	100	nan	nan	nan	2025-01-04 14:53:35.526541+03	3692					nan	2
1228	Achevée	100	nan	nan	nan	2025-01-04 14:53:35.532568+03	3693					nan	2
1229	Achevée	100	nan	nan	nan	2025-01-04 14:53:35.540506+03	3694					nan	2
1230	Achevée	100	nan	nan	nan	2025-01-04 14:53:35.546488+03	3695					nan	2
1231	Achevée	100	nan	nan	nan	2025-01-04 14:53:35.552503+03	3696					nan	2
1232	Achevée	100	nan	nan	nan	2025-01-04 14:53:35.558457+03	3697					nan	2
1233	En cours	90	nan	nan	nan	2025-01-04 14:53:35.562445+03	3698					nan	2
1234	Achevée	100	nan	nan	nan	2025-01-04 14:53:35.565452+03	3699					nan	2
1235	Achevée	100	nan	nan	nan	2025-01-04 14:53:35.569455+03	3700					nan	2
1236	En cours	70	nan	nan	nan	2025-01-04 14:53:35.574448+03	3701					nan	2
1237	En cours	65	nan	nan	nan	2025-01-04 14:53:35.578434+03	3702					nan	2
1238	Achevée	100	nan	nan	nan	2025-01-04 14:53:35.581285+03	3703					nan	2
1239	En cours	60	nan	nan	nan	2025-01-04 14:53:35.584247+03	3704					nan	2
1240	En cours	55	nan	nan	nan	2025-01-04 14:53:35.591264+03	3705					nan	2
1241	En cours	40	nan	nan	nan	2025-01-04 14:53:35.59425+03	3706					nan	2
1242	En cours	40	nan	nan	nan	2025-01-04 14:53:35.597242+03	3707					nan	2
1243	En cours	60	nan	nan	nan	2025-01-04 14:53:35.60123+03	3708					nan	2
1244	En cours	60	nan	nan	nan	2025-01-04 14:53:35.606202+03	3709					nan	2
1245	Achevée	100	nan	nan	nan	2025-01-04 14:53:35.610212+03	3710					nan	2
1246	Achevée	100	nan	nan	nan	2025-01-04 14:53:35.614201+03	3711					nan	2
1247	Achevée	100	nan	nan	nan	2025-01-04 14:53:35.618185+03	3712					nan	2
1248	Achevée	100	nan	nan	nan	2025-01-04 14:53:35.622142+03	3713					nan	2
1249	En cours	90	nan	nan	nan	2025-01-04 14:53:35.626165+03	3714					nan	2
1250	Achevée	100	nan	nan	nan	2025-01-04 14:53:35.629125+03	3715					nan	2
1251	Achevée	100	nan	nan	nan	2025-01-04 14:53:35.633145+03	3716					nan	2
1252	Achevée	100	nan	nan	nan	2025-01-04 14:53:35.639111+03	3717					nan	2
1253	En cours	90	nan	nan	nan	2025-01-04 14:53:35.643124+03	3718					nan	2
1254	En cours	90	nan	nan	nan	2025-01-04 14:53:35.646078+03	3719					nan	2
1255	Achevée	100	nan	nan	nan	2025-01-04 14:53:35.649073+03	3720					nan	2
1256	Achevée	100	nan	nan	nan	2025-01-04 14:53:35.654058+03	3721					nan	2
1257	Achevée	100	nan	nan	nan	2025-01-04 14:53:35.659078+03	3722					nan	2
1258	En cours	70	nan	nan	nan	2025-01-04 14:53:35.662127+03	3723					nan	2
1259	Achevée	100	nan	nan	nan	2025-01-04 14:53:35.665015+03	3724					nan	2
1260	Achevée	100	nan	nan	nan	2025-01-04 14:53:35.669007+03	3725					nan	2
1261	En cours	60	nan	nan	nan	2025-01-04 14:53:35.673993+03	3726					nan	2
1262	En cours	70	nan	nan	nan	2025-01-04 14:53:35.677981+03	3727					nan	2
1263	En cours	70	nan	nan	nan	2025-01-04 14:53:35.680973+03	3728					nan	2
1264	Achevée	100	nan	nan	nan	2025-01-04 14:53:35.684965+03	3729					nan	2
1265	En cours	70	nan	nan	nan	2025-01-04 14:53:35.689916+03	3730					nan	2
1266	En cours	75	nan	nan	nan	2025-01-04 14:53:35.693938+03	3731					nan	2
1267	Achevée	100	nan	nan	nan	2025-01-04 14:53:35.696936+03	3732					nan	2
1268	En cours	90	nan	nan	nan	2025-01-04 14:53:35.700921+03	3733					nan	2
1269	En cours	80	nan	nan	nan	2025-01-04 14:53:35.705914+03	3734					nan	2
1270	En cours	65	nan	nan	nan	2025-01-04 14:53:35.709248+03	3735					nan	2
1271	En cours	68	nan	nan	nan	2025-01-04 14:53:35.713241+03	3736					nan	2
1272	En cours	99	nan	nan	nan	2025-01-04 14:53:35.716232+03	3737					nan	2
1273	En cours	99	nan	nan	nan	2025-01-04 14:53:35.722183+03	3738					nan	2
1274	En cours	22	nan	nan	nan	2025-01-04 14:53:35.726169+03	3739					nan	2
1275	En cours	25	nan	nan	nan	2025-01-04 14:53:35.73119+03	3740					nan	2
1276	En cours	40	nan	nan	nan	2025-01-04 14:53:35.735183+03	3741					nan	2
1277	En cours	40	nan	nan	nan	2025-01-04 14:53:35.740163+03	3742					nan	2
1278	En cours	40	nan	nan	nan	2025-01-04 14:53:35.744122+03	3743					nan	2
1279	En cours	40	nan	nan	nan	2025-01-04 14:53:35.748146+03	3744					nan	2
1280	En cours	95	nan	nan	nan	2025-01-04 14:53:35.751168+03	3745					nan	2
1281	En cours	99	nan	nan	nan	2025-01-04 14:53:35.756122+03	3746					nan	2
1282	Achevée	100	nan	nan	nan	2025-01-04 14:53:35.760042+03	3747					nan	2
1283	En cours	73	nan	nan	nan	2025-01-04 14:53:35.764031+03	3748					nan	2
1284	En cours	27	nan	nan	nan	2025-01-04 14:53:35.76699+03	3749					nan	2
1285	Achevée	100	nan	nan	nan	2025-01-04 14:53:35.772346+03	3750					nan	Achevée
1286	Achevée	100	nan	nan	nan	2025-01-04 14:53:35.7754+03	3751					nan	Achevée
1287	Achevée	100	OUI	nan	nan	2025-01-04 14:53:35.780359+03	3752					nan	Achevée
1288	Achevée	100	nan	nan	nan	2025-01-04 14:53:35.785336+03	3753					nan	Achevée
1289	Achevée	100	nan	nan	nan	2025-01-04 14:53:35.790323+03	3754					nan	Achevée
1290	Achevée	100	nan	nan	nan	2025-01-04 14:53:35.79434+03	3757					nan	Achevée
1291	Achevée	100	nan	nan	nan	2025-01-04 14:53:35.797338+03	3756					nan	Achevée
1292	Achevée	100	nan	nan	nan	2025-01-04 14:53:35.800722+03	3755					nan	Achevée
413	En arrêt	64	NON	Finition	Aménagement extérieur ,électricité, peinture Assainissement, Menuiserie bois , Menuiserie aluminium, Menuiserie métallique,  étanchéité,	2025-01-04 14:53:32.020757+03	2878	constructionImg/1.png	constructionImg/2.png	constructionImg/3.png	constructionImg/4.png		Abandon de chantier
550	Achevée	100	OUI			2025-01-04 14:53:32.677531+03	3015	constructionImg/EPP_MAROALA1.jpg	constructionImg/EPP_MAROALA2.jpg	constructionImg/EPP_MAROALA3.jpg	constructionImg/EPP_MAROALA4.jpg	2022	Achevée
553	Achevée	100	OUI			2025-01-04 14:53:32.691493+03	3018	constructionImg/IMG_4941.JPG	constructionImg/IMG_4936.JPG	constructionImg/IMG_4940.JPG	constructionImg/IMG_4935.JPG		Achevée
558	Achevée	100	OUI			2025-01-04 14:53:32.714432+03	3023	constructionImg/EPP_Ambalatany_2.JPG	constructionImg/EPP_Ambalatany_1.JPG	constructionImg/EPP_Ambalatany_4.JPG	constructionImg/EPP_Ambalatany_3.JPG	2021	Achevée
479	Achevée	100	OUI			2025-01-04 14:53:32.33793+03	2944	constructionImg/1.jpg	constructionImg/3.jpg	constructionImg/2.jpg		2021	Achevée
414	En arrêt	51	NON	finition	Aménagement extérieur ,électricité, peinture Assainissement, Menuiserie bois, Menuiserie aluminium, Menuiserie métallique, charpente – couverture – plafonnage-étanchéité, 19 % Maçonnerie –Ravalement	2025-01-04 14:53:32.026262+03	2879	constructionImg/1_MhC0Fo0.png	constructionImg/2_SGPTveP.jpg	constructionImg/3_YoguZdf.jpg	constructionImg/4.jpg		Abandon de chantier
482	Achevée	100	OUI	Achevé		2025-01-04 14:53:32.351892+03	2947	constructionImg/a1_f83kSuJ.jpg	constructionImg/a2_3iRQg4E.jpg	constructionImg/a3_t5TTn38.jpg	constructionImg/a4_EGSc89m.jpg	2022	Achevée
594	Achevée	100	DEJA	Achevé		2025-01-04 14:53:32.879171+03	3059	constructionImg/11.jpg	constructionImg/2_hKhAry9.jpg	constructionImg/3_tfwGyjV.jpg	constructionImg/4_82vRwae.jpg		Achevée
644	En cours	21	NON	Linteau	Aménagement extérieur ,électricité, peinture Assainissement, Menuiserie aluminium, Menuiserie métallique,  couverture – étanchéité,32% Maçonnerie –Ravalement ,19% ouvrage en superstructure	2025-01-04 14:53:33.103571+03	3109	constructionImg/1_vJ3oYj3.jpg	constructionImg/2_4Omhow7.jpg	constructionImg/3_niUOSku.jpg			En arrêt
680	Achevée	100	OUI	Achevé		2025-01-04 14:53:33.315006+03	3145	constructionImg/a1.png	constructionImg/a2_jMyZ1OF.jpg	constructionImg/a3_uzneada.jpg	constructionImg/a4_LAc17kk.jpg	2021	Achevée
681	Achevée	100	OUI	Achevé		2025-01-04 14:53:33.317998+03	3146	constructionImg/a1_3cdSyPF.jpg	constructionImg/a2.png	constructionImg/a3_cD0UMzD.jpg	constructionImg/a4_b8gjkvy.jpg	2021	Achevée
684	En arrêt	59	NON	finition	Aménagement extérieur ,électricité,  peinture Assainissement, Menuiserie aluminium, Menuiserie métallique,  étanchéité,	2025-01-04 14:53:33.330963+03	3149	constructionImg/1_cgYmx4f.png	constructionImg/2_qwSN8e1.png				Abandon de chantier
730	Achevée	100	OUI	Achevé		2025-01-04 14:53:33.542885+03	3195	constructionImg/a3_4ahIqwp.jpg	constructionImg/a4_yaM62wJ.jpg			2021	Achevée
731	Achevée	100	OUI	Achevé	Retouche de peinture avant l'inauguration	2025-01-04 14:53:33.546875+03	3196	constructionImg/a1_7A8wsYZ.png	constructionImg/a4_C8Zb3N2.jpg	constructionImg/a3_PX3MLsv.jpg		2021	Achevée
834	En cours	97	NON	Finalisation fosse septique	Nettoyage-fosse septique	2025-01-04 14:53:33.972116+03	3298	constructionImg/4_HQUZPN9.jpg	constructionImg/3_XHzgoRk.png	constructionImg/2_MpdfsVf.jpg	constructionImg/1_KmOVMV2.jpg		En arret
562	Achevée	100	OUI			2025-01-04 14:53:32.732384+03	3027	constructionImg/3_wfSZXz3.jpg	constructionImg/2_bvcpGzC.jpg	constructionImg/1_Mbky4q2.jpg	constructionImg/4_XflMDHY.jpg	2022	Achevée
582	Achevée	100	OUI			2025-01-04 14:53:32.826133+03	3047	constructionImg/1_ay0sdLc.jpg	constructionImg/2_PTH3PL0.jpg	constructionImg/3_KFxLZgk.jpg			Réserves : aménagement extérieur, électricité, peinture Assainissement, Menuiserie bois, Menuiserie aluminium, Menuiserie métallique, charpente – couverture – plafonnage-étanchéité,
596	Achevée	100	OUI			2025-01-04 14:53:32.888148+03	3061	constructionImg/4_QWGlGxX.jpg	constructionImg/1_YhnkDb9.jpg	constructionImg/3_iCWytRJ.jpg	constructionImg/2_6rYtgru.jpg	2021	Achevée
693	Achevée	100	OUI			2025-01-04 14:53:33.377852+03	3158	constructionImg/EPP_Komajia_2.JPG	constructionImg/EPP_Komajia_4.JPG	constructionImg/EPP_Komajia_1.JPG	constructionImg/EPP_Komajia_3.JPG	2022	Achevée
714	Achevée	100	NON			2025-01-04 14:53:33.473072+03	3179	constructionImg/EPP_MAROAMBOKA1.jpg	constructionImg/EPP_MAROAMBOKA2.jpg	constructionImg/EPP_MAROAMBOKA4.jpg		2022	Achevée
839	Achevée	100	OUI			2025-01-04 14:53:33.992063+03	3303	constructionImg/1_LxvIQ3x.jpg	constructionImg/2_2w8V3R4.jpg	constructionImg/3_aC74tNx.jpg			Achevée
480	En arrêt	37	NON	Maçonnerie de parpaing, coffrage dalle	Aménagement extérieur ,électricité, peinture Assainissement, Menuiserie bois, Menuiserie aluminium, Menuiserie métallique, charpente – couverture – plafonnage-étanchéité, 13 % Maçonnerie –Ravalement	2025-01-04 14:53:32.342915+03	2945	constructionImg/1_h7YSY2U.jpg	constructionImg/2_C1qLLr8.jpg	constructionImg/3_9zotxxA.jpg			En arrêt
643	En cours	90	NON	Finition	Peinture, étanchéité, dallage, Carrelage, Menuiserie Alu, Aménagement extérieur	2025-01-04 14:53:33.099582+03	3108	constructionImg/1_eRRk0s5.jpg	constructionImg/2_bJVFPE9.jpg	constructionImg/3_Apaj6r0.jpg	constructionImg/4_JJsexBV.jpg		En arrêt
552	En cours	61	NON	electricité, fosse septique, meuiserie aluminium et metallique, étancheité	Aménagement extérieur, électricité, peinture Assainissement, Menuiserie bois, Menuiserie aluminium, Menuiserie métallique, charpente – couverture – plafonnage-étanchéité,Maçonnerie –Ravalement	2025-01-04 14:53:32.68551+03	3017	constructionImg/2_qXyFwdQ.jpg	constructionImg/1_iroqDog.jpg	constructionImg/3_Yv2LIZc.jpg	constructionImg/4_h3FjswP.jpg		En cours
838	En arrêt	20	OUI			2025-01-04 14:53:33.988042+03	3302	constructionImg/1_URqwIbW.jpg	constructionImg/2_oTZw3ul.jpg	constructionImg/3_OIJBS5H.jpg	constructionImg/4_wRAxLBR.jpg		
468	Achevée	62	NON	dalle	46,32% préparatoires, 40,20% Ouvrages en Infrastructure,25,00% Ouvrages en Superstructure,55,36%  Maçonnerie –ravalement,  % Charpente - couverture - plafonnage – étanchéité, % Menuiserie métallique,% Menuiserie aluminium, %Menuiserie bois, % Assainissement, % Peinture,% Electricité.	2025-01-04 14:53:32.286068+03	2933	constructionImg/1_Q3m5YI4.jpg	constructionImg/2_C99Xo76.jpg	constructionImg/3_MMyvkbi.jpg			Achevée
495	Achevée	100	OUI	Achevé		2025-01-04 14:53:32.414724+03	2960	constructionImg/1_xfEbMhA.jpg	constructionImg/2_dM670we.jpg	constructionImg/3_Zz4I5jL.jpg	constructionImg/4_qEl0h2W.jpg	2022	Achevée
573	Achevée	100	OUI			2025-01-04 14:53:32.784245+03	3038	constructionImg/1_P6cMPEt.jpg	constructionImg/2_uIjVwgD.jpg	constructionImg/3_rChM3jg.jpg			Achevée
569	En arrêt	95	NON	Finition	plomberie- électricité- peinture- Assainissement , Menuiserie aluminium, Menuiserie métallique,  plafonnage-étanchéité	2025-01-04 14:53:32.766293+03	3034	constructionImg/1_levRu4d.jpg	constructionImg/2_y6KapNI.jpg	constructionImg/3_9bWjv9g.jpg			
577	Achevée	100	OUI	Achevé		2025-01-04 14:53:32.802198+03	3042	constructionImg/343270649_800736154590099_5577123368717372675_n.jpg	constructionImg/343279266_515298144014225_4547395467978756053_n.jpg	constructionImg/343385001_255485150469837_458986497941884791_n.jpg	constructionImg/345245128_6689702804373839_9140713778044225678_n.jpg	2023	Achevée
580	Achevée	95	NON	dalle	Vitre cassée nécessite finition et réparation	2025-01-04 14:53:32.81616+03	3045	constructionImg/1_bI9QShx.jpg	constructionImg/4_7VxiuZu.jpg	constructionImg/2_WVmXTgt.jpg	constructionImg/3_RyP34Mm.jpg		en cours de finition
587	Achevée	100	OUI			2025-01-04 14:53:32.848074+03	3052	constructionImg/WhatsApp_Image_2024-04-16_à_10.08.51_c936c9e2.jpg	constructionImg/WhatsApp_Image_2024-04-16_à_10.08.31_4b84dc74.jpg				Achevée
720	Achevée	100	NON	Achevé		2025-01-04 14:53:33.5+03	3185	constructionImg/1_fKd6I2W.jpg	constructionImg/2_NO7d5Sl.jpg	constructionImg/3_KdDlRYz.jpg	constructionImg/4_kPkDpT7.jpg	2021	NACCO
826	Achevée	100	OUI	Achevé		2025-01-04 14:53:33.941353+03	3290	constructionImg/1_2S0oa6P.jpg	constructionImg/2_aaEPNBK.jpg	constructionImg/3_ou9oOYR.jpg	constructionImg/4_wLPyVqx.jpg	2022	Achevée
807	Non commencée	0	NON			2025-01-04 14:53:33.866316+03	3271						Achevée
753	Achevée	100	OUI	Achevé		2025-01-04 14:53:33.640625+03	3218	constructionImg/1_PL0Ij5N.jpg	constructionImg/2_z2foV6F.jpg	constructionImg/3_nEEuxiE.jpg	constructionImg/4_I5emE9l.jpg		Achevée
830	Achevée	100	OUI	Achevé		2025-01-04 14:53:33.956598+03	3294	constructionImg/Image2.jpg	constructionImg/Image_1.jpg	constructionImg/Image3.jpg	constructionImg/Image4.jpg	2023	Achevée
434	En arrêt	46	NON	Dalle	Aménagement extérieur ,électricité, peinture Assainissement, Menuiserie bois, Menuiserie aluminium, Menuiserie métallique, charpente – couverture – plafonnage-étanchéité,32% Maçonnerie –Ravalement ,19% ouvrage en superstructure	2025-01-04 14:53:32.123537+03	2899	constructionImg/1_1vCcYL0.jpg	constructionImg/2_tnbG16v.jpg	constructionImg/3_C5pZ52I.jpg		2020	En arrêt
460	En cours	68	NON	Elevation	électricité, peinture Assainissement, Menuiserie bois, Menuiserie aluminium, Menuiserie métallique, charpente – couverture – plafonnage-étanchéité, 90 % Maçonnerie –Ravalement-95% ouvrage en superstructure	2025-01-04 14:53:32.247171+03	2925	constructionImg/1_XUF7rCk.jpg	constructionImg/2_OIdqdYb.jpg	constructionImg/3_r6q1H7y.jpg	constructionImg/4_EZFx2EC.jpg		En cours
576	En cours	37	NON	Dalle		2025-01-04 14:53:32.798209+03	3041	constructionImg/1_lsIdIhC.jpg	constructionImg/2_3JM2f0i.jpg				En cours
842	Achevée	100	OUI		Aménagement extérieur ,électricité, peinture Assainissement, Menuiserie bois, Menuiserie aluminium, Menuiserie métallique, charpente – couverture – plafonnage-étanchéité,38 % Maçonnerie –Ravalement ,39% ouvrage en superstricture	2025-01-04 14:53:34.00213+03	3306	constructionImg/1_oUp8xK3.jpg					
791	En cours	40	NON	Elevation		2025-01-04 14:53:33.804188+03	3255	constructionImg/1_ycLCSpm.jpg	constructionImg/2_FRr6Hvi.jpg	constructionImg/3_b74FycC.jpg			En cours
812	En cours	70	NON		électricité, peinture Assainissement, Menuiserie bois, Menuiserie aluminium, Menuiserie métallique, charpente – couverture – plafonnage-étanchéité, 90 % Maçonnerie –Ravalement-95% ouvrage en superstructure	2025-01-04 14:53:33.885208+03	3276	constructionImg/1_NGbxrTh.jpg	constructionImg/2_bFF7jHu.jpg	constructionImg/3_uOGRm5u.jpg			En cours
752	En cours	88	NON	finition	28,21% Travaux préparatoires,00,26% Maçonnerie Ravalement, 73,20% Charpente - couverture - plafonnage – étanchéité, 17,22%, Assainissement, 58,26% Peinture, 74,42% Electricité et Plomberie.	2025-01-04 14:53:33.635638+03	3217	constructionImg/1_xvhDn1u.jpg	constructionImg/2_zOc8Yx0.jpg	constructionImg/3_WNRQwlM.jpg			En cours
771	En arrêt	36	NON	Elevation	14,24% Travaux préparatoires, 43,45% ,Ouvrages en Infrastructures , 60,00% Ouvrages en Superstructures ,42,68 % Maçonnerie Ravalement, Charpente - couverture - plafonnage – étanchéité, Menuiserie métalliques, Menuiseries Aluminium, Menuiserie en bois, Assainissement, Peinture, Electricité et Plomberie	2025-01-04 14:53:33.717419+03	3236	constructionImg/1_nHwVlXF.jpg	constructionImg/2_l4duKvp.jpg	constructionImg/3_gKvzYOT.jpg	constructionImg/4_SOzYyyC.jpg		En arrêt
884	Non commencée	0	NON			2025-01-04 14:53:34.164697+03	3348						
673	En cours	91	NON	Finition	Aménagement extérieur ,électricité, peinture Assainissement, Menuiserie bois, Menuiserie aluminium, Menuiserie métallique, charpente – couverture – plafonnage-étanchéité, 22 % Maçonnerie –Ravalement	2025-01-04 14:53:33.284088+03	3138	constructionImg/2_2jVhxYP.jpg	constructionImg/1_RhGW8wo.jpg				En cours
676	En arrêt	71	NON	Finition	Ouvrages en superstructure – Maçonnerie, Ravalement –plomberie- électricité- peinture- Assainissement - Menuiserie bois, Menuiserie aluminium, Menuiserie métallique, Maçonnerie bois - charpente – couverture – plafonnage-étanchéité	2025-01-04 14:53:33.298051+03	3141	constructionImg/1_26qI7Hm.jpg	constructionImg/2_qoygnsF.jpg				En arrêt
733	En cours	4	NON	Fondation	Ouvrage en superstructure, Maçonnerie-ravalement, Plomberie, Electricité, Peinture, Assainissement, Menuiserie bois, Menuiserie aluminium, Menuiserie métallique, Charpente-Couverture-Plafonnage-Etanchéité	2025-01-04 14:53:33.554854+03	3198	constructionImg/1_BJhMUJ6.jpg	constructionImg/2_5VyylPd.jpg	constructionImg/3_H6nGBwP.jpg			En cours
724	En cours	74	NON	Finition	Ouvrage en superstructure, Maçonnerie-ravalement, Plomberie, Electricité, Peinture, Assainissement, Menuiserie bois, Menuiserie aluminium, Menuiserie métallique, Charpente-Couverture-Plafonnage-Etanchéité	2025-01-04 14:53:33.516955+03	3189	constructionImg/2_jnS7Xex.jpg	constructionImg/1_XnI808I.jpg	constructionImg/3_gw3umuc.jpg	constructionImg/4_bpsvoPs.jpg		En cours
593	En arrêt	55	NON	Finition	Aménagement extérieur ,électricité, peinture Assainissement, Menuiserie bois, Menuiserie aluminium, Menuiserie métallique, charpente – couverture – plafonnage-étanchéité,28 % Maçonnerie –Ravalement	2025-01-04 14:53:32.876179+03	3058	constructionImg/1_VrMuBiF.jpg	constructionImg/2_W4ZJYay.jpg				En cours
469	En arrêt	17	NON	elevation	35,78 % Travaux préparatoires, 56,38% Ouvrages en Infrastructure, 65,00% Ouvrages en Superstructure,71,05% Maçonnerie –ravalement, Charpente - couverture - plafonnage – étanchéité, Menuiserie métallique,Menuiserie aluminium, Menuiserie bois,  Assainissement, Peinture, Electricité.	2025-01-04 14:53:32.291066+03	2934	constructionImg/1_y9vnqub.jpg	constructionImg/2_jo9wLbw.jpg	constructionImg/3_c8qruyj.jpg			En cours
825	En cours	79	NON	Finition	Ouvrages en superstructure – Maçonnerie, Ravalement –plomberie- électricité- peinture- Assainissement - Menuiserie bois, Menuiserie aluminium, Menuiserie métallique, Maçonnerie bois - charpente – couverture – plafonnage-étanchéité	2025-01-04 14:53:33.936361+03	3289	constructionImg/1_ll1uA0C.jpg	constructionImg/2_IVTfVab.jpg	constructionImg/3_TI9t2d7.jpg			Travaux intempestives.
1294	En cours	45	NON	test	test	2025-01-13 09:59:39.265332+03	2911						
670	En arrêt	65	NON	Chainnage	Aménagement extérieur ,électricité, peinture Assainissement, Menuiserie bois, Menuiserie aluminium, Menuiserie métallique, charpente – couverture – plafonnage-étanchéité, 20 % Maçonnerie –Ravalement	2025-01-04 14:53:33.232228+03	3135	constructionImg/1_hrniPeB.jpg	constructionImg/2_iGrRu0h.jpg	constructionImg/1_wcwCkpS.jpg	constructionImg/2_1O4QIHI.jpg		En arrêt
\.


--
-- TOC entry 5017 (class 0 OID 17114)
-- Dependencies: 243
-- Data for Name: construction_commune; Type: TABLE DATA; Schema: public; Owner: michpi
--

COPY public.construction_commune (id, name, create_on, district_id) FROM stdin;
5303	MAHANORO	2025-01-03 10:52:39.194254+03	471
5304	AMBOHIMAHAMASINA	2025-01-03 10:52:39.218567+03	472
5305	IARINTSENA	2025-01-03 10:52:39.230593+03	472
5306	MANAMISOA	2025-01-03 10:52:39.241142+03	472
5307	AMBOHIMENA	2025-01-03 10:52:39.268176+03	473
5308	AMBALAHONKO	2025-01-03 10:52:39.280183+03	473
5309	ANKINGAMELOKA	2025-01-03 10:52:39.291321+03	473
5310	ALAKAMISY	2025-01-03 10:52:39.306282+03	474
5311	Ankijabe	2025-01-03 10:52:39.32143+03	475
5312	MADIROVALO	2025-01-03 10:52:39.332397+03	475
5313	FENOARIVO	2025-01-03 10:52:39.343524+03	476
5314	SOAVINA	2025-01-03 10:52:39.355497+03	476
5315	AMBONDROMISOTRA	2025-01-03 10:52:39.367246+03	476
5316	ANTANAMBAO 	2025-01-03 10:52:39.387534+03	476
5317	AMBOHIMIARINA	2025-01-03 10:52:39.399988+03	476
5318	AMBOROMPOTSY	2025-01-03 10:52:39.410663+03	476
5319	AMBATOLAMPY	2025-01-03 10:52:39.425365+03	477
5320	ALAKAMISY  AMBOHIMAHA	2025-01-03 10:52:39.438305+03	478
5321	ANDRANOVELONA	2025-01-03 10:52:39.460747+03	477
5322	MAROTSIALEHA	2025-01-03 10:52:39.475732+03	479
5323	Ambalavao	2025-01-03 10:52:39.488651+03	472
5324	AMBOHITSILAOZANA	2025-01-03 10:52:39.502611+03	480
5325	BEJOFO	2025-01-03 10:52:39.515869+03	480
5326	BERAMANJA	2025-01-03 10:52:39.53841+03	481
5327	BETSIAKA	2025-01-03 10:52:39.551493+03	481
5328	AMBATONDRAZAKA	2025-01-03 10:52:39.563939+03	480
5329	ANKIRIRIKE	2025-01-03 10:52:39.578828+03	482
5330	BAS TARANTY	2025-01-03 10:52:39.59151+03	482
5331	MAHALY	2025-01-03 10:52:39.603517+03	482
5332	RANOBE	2025-01-03 10:52:39.615424+03	482
5333	ALAROBIA VATOSOLA	2025-01-03 10:52:39.62839+03	483
5334	AMBANITSENA	2025-01-03 10:52:39.642826+03	484
5335	AMBATOLAMPY TSIMAHAFOTSY	2025-01-03 10:52:39.656705+03	485
5336	AMBOHIBARY VOHILENA II	2025-01-03 10:52:39.669537+03	486
5337	ANJOMA	2025-01-03 10:52:39.681657+03	472
5338	AKADINONDRY SAKAY	2025-01-03 10:52:39.694581+03	487
5339	ANTSAKOAMANONDRO	2025-01-03 10:52:39.707261+03	488
5340	IMERIMANDROSO	2025-01-03 10:52:39.720227+03	480
5341	AMBANJA	2025-01-03 10:52:39.732196+03	473
5342	IFOTAKA	2025-01-03 10:52:39.742692+03	482
5343	AMBIHIMAHASOA	2025-01-03 10:52:39.755646+03	489
5344	AMBOSITRA	2025-01-03 10:52:39.76839+03	474
5345	AMBILOBE	2025-01-03 10:52:39.781374+03	481
5346	IHADILALANA	2025-01-03 10:52:39.792684+03	474
5347	AMBOHITOMBO	2025-01-03 10:52:39.803729+03	474
5348	ILAKA CENTRE	2025-01-03 10:52:39.815449+03	474
5349	AMBOVOMBE ANDROY	2025-01-03 10:52:39.830658+03	490
5350	AMBOASARY SUD	2025-01-03 10:52:39.842521+03	482
5351	Antanimora sud	2025-01-03 10:52:39.854533+03	490
5352	TSIMANANADA	2025-01-03 10:52:39.866501+03	490
5353	ANDALATANOSY	2025-01-03 10:52:39.877755+03	490
5354	ANAFONDRAVOAY	2025-01-03 10:52:39.889496+03	490
5355	ANJEKY BEANANTARA	2025-01-03 10:52:39.902342+03	490
5356	AMBOHIDRATRIMO	2025-01-03 10:52:39.914586+03	485
5357	AMBOHIMANDROSO	2025-01-03 10:52:39.926863+03	491
5358	Ampanihy 	2025-01-03 10:52:39.941307+03	492
5359	ANDROKA	2025-01-03 10:52:39.953408+03	492
5360	ANTALY	2025-01-03 10:52:39.97558+03	492
5361	Ambohimanga Rova	2025-01-03 10:52:39.988546+03	493
5362	MAGNIRY	2025-01-03 10:52:40.000601+03	492
5363	ANKILIMIVONY	2025-01-03 10:52:40.011376+03	492
5364	EJEDA 	2025-01-03 10:52:40.02341+03	492
5365	BEARA	2025-01-03 10:52:40.035494+03	492
5366	AMPANIHY 	2025-01-03 10:52:40.059282+03	492
5367	AMPANIHY	2025-01-03 10:52:40.071456+03	492
5368	AMBONDRO	2025-01-03 10:52:40.084461+03	490
5369	AMPARAFARAVOLA II 	2025-01-03 10:52:40.09741+03	494
5370	MORARANO CHROME III	2025-01-03 10:52:40.10838+03	494
5371	TANAMBE	2025-01-03 10:52:40.120223+03	494
5372	ANALALAVA	2025-01-03 10:52:40.134629+03	495
5373	ANTONIBE I	2025-01-03 10:52:40.145601+03	495
5374	ANALALAVA 	2025-01-03 10:52:40.157616+03	495
5375	Ambondromamy	2025-01-03 10:52:40.169583+03	475
5376	BELAMBO	2025-01-03 10:52:40.183611+03	496
5377	AMBODIMANGA II	2025-01-03 10:52:40.194412+03	496
5378	ANTANIMENABAKA	2025-01-03 10:52:40.20682+03	497
5379	MAROMANDIA	2025-01-03 10:52:40.21887+03	497
5380	ANDILAMENA 	2025-01-03 10:52:40.230829+03	497
5381	AMBOHITROLOMAHITSY	2025-01-03 10:52:40.264443+03	484
5382	AMBOHITROMBY	2025-01-03 10:52:40.277641+03	498
5383	AMBOLOTARAKELY	2025-01-03 10:52:40.290404+03	499
5384	AMPANEFY	2025-01-03 10:52:40.313421+03	498
5385	ANKAZOABO	2025-01-03 10:52:40.326309+03	500
5386	BERENTY	2025-01-03 10:52:40.338781+03	500
5387	ANDRANONAHOATRA	2025-01-03 10:52:40.350749+03	498
5388	AMPASIMPOTSY	2025-01-03 10:52:40.365515+03	501
5389	AMPITATAFIKA	2025-01-03 10:52:40.376745+03	498
5390	ANDAPA	2025-01-03 10:52:40.387679+03	496
5391	ANKAZOBE	2025-01-03 10:52:40.399746+03	499
5392	ANOSIALA	2025-01-03 10:52:40.410733+03	485
5393	ANTANANARIVO AVARADRANO 	2025-01-03 10:52:40.423342+03	493
5394	LONGOZABE	2025-01-03 10:52:40.4365+03	502
5395	AMPANDROATRAKA	2025-01-03 10:52:40.448723+03	502
5396	ANOSIBE AN’ALA	2025-01-03 10:52:40.459292+03	502
5397	AMBATOHARANANA	2025-01-03 10:52:40.471497+03	502
5398	ANDEMAKA	2025-01-03 10:52:40.486455+03	503
5399	MAROFINARITRA	2025-01-03 10:52:40.498569+03	504
5400	MAEVATANANA	2025-01-03 10:52:40.509528+03	504
5401	ANTANAMBAO MANAMPOTSY	2025-01-03 10:52:40.522617+03	505
5402	ANTANAMBAO MANAMPONTSY	2025-01-03 10:52:40.534724+03	505
5403	ANTANETIBE MAHAZAZA	2025-01-03 10:52:40.558693+03	485
5404	FENOARIVO	2025-01-03 10:52:40.570708+03	498
5405	ITAOSY	2025-01-03 10:52:40.582613+03	498
5406	MANANDRIANA	2025-01-03 10:52:40.594084+03	493
5407	MANDROSOA	2025-01-03 10:52:40.605841+03	483
5408	MANGASOAVINA	2025-01-03 10:52:40.618267+03	499
5409	MANJAKANDRIANA	2025-01-03 10:52:40.630235+03	484
5410	ANIVORANO NORD	2025-01-03 10:52:40.643217+03	506
5411	MARONDRY	2025-01-03 10:52:40.655326+03	499
5412	MASINDRAY	2025-01-03 10:52:40.667403+03	493
5413	SABOTSY AMBOHITROMBY	2025-01-03 10:52:40.678466+03	483
5414	SAMBAINA	2025-01-03 10:52:40.691508+03	484
5415	TALATA ANGAVO	2025-01-03 10:52:40.703403+03	499
5416	TALATAMATY	2025-01-03 10:52:40.714458+03	485
5417	ANJOZOROBE	2025-01-03 10:52:40.725654+03	486
5418	TANA III	2025-01-03 10:52:40.738886+03	507
5419	Ankadinandriana	2025-01-03 10:52:40.751421+03	493
5420	Ankazobe	2025-01-03 10:52:40.76448+03	499
5421	AMBATOLAHY	2025-01-03 10:52:40.775451+03	491
5422	AMBATOTSIPIHINA	2025-01-03 10:52:40.787474+03	491
5423	ANTALAHA	2025-01-03 10:52:40.80139+03	504
5424	ANTSIRABE	2025-01-03 10:52:40.81435+03	508
5425	AMBOHIBARY	2025-01-03 10:52:40.826317+03	509
5426	MAROMANDRAY	2025-01-03 10:52:40.838315+03	509
5427	VINANINKARENA	2025-01-03 10:52:40.850256+03	509
5428	ANDRANOMANELATRA	2025-01-03 10:52:40.862194+03	509
5429	TSARAHONENANA	2025-01-03 10:52:40.875289+03	509
5430	Antetezambaro	2025-01-03 10:52:40.890225+03	510
5431	DIEGO SUAREZ	2025-01-03 10:52:40.905662+03	511
5432	SADJOAVATO	2025-01-03 10:52:40.951709+03	506
5433	ANDRANOVONDRONINA	2025-01-03 10:52:40.967675+03	506
5434	ANTANAMITARANA	2025-01-03 10:52:40.984527+03	506
5435	AMBATO BOENY 	2025-01-03 10:52:41.016722+03	475
5436	MAROALA	2025-01-03 10:52:41.035413+03	512
5437	ANTSIRABE CU	2025-01-03 10:52:41.051633+03	508
5438	ANTSOHIHY	2025-01-03 10:52:41.069526+03	512
5439	BEANDRAREZONA	2025-01-03 10:52:41.087683+03	513
5440	ARIVONIMAMO	2025-01-03 10:52:41.10643+03	514
5441	ANDRANOMIELY	2025-01-03 10:52:41.122462+03	514
5442	BEKILY	2025-01-03 10:52:41.140403+03	515
5443	Bealanana, 	2025-01-03 10:52:41.156494+03	513
5444	BEALANANA II	2025-01-03 10:52:41.173282+03	513
5445	AMBARARATA	2025-01-03 10:52:41.190179+03	516
5446	ANTSAKABARY	2025-01-03 10:52:41.206796+03	516
5447	Befandriana-Nord, 	2025-01-03 10:52:41.223745+03	516
5448	AMBODIMITSO SUD	2025-01-03 10:52:41.239553+03	516
5449	TANAMBAO	2025-01-03 10:52:41.259743+03	517
5450	BEFOTAKA	2025-01-03 10:52:41.27695+03	517
5451	BELOHA	2025-01-03 10:52:41.294817+03	518
5452	ANTSAKOAMARO	2025-01-03 10:52:41.310935+03	515
5453	BEKITRO	2025-01-03 10:52:41.342151+03	515
5454	BELO TSIRIBIHINA-BEMARIVO	2025-01-03 10:52:41.36408+03	519
5455	BELO TSRIBIHINA-BRERAKETA	2025-01-03 10:52:41.382676+03	519
5456	Belo sur tsiribihina	2025-01-03 10:52:41.399818+03	519
5457	TRANOVAHO	2025-01-03 10:52:41.41678+03	518
5458	TRANOROA	2025-01-03 10:52:41.433565+03	518
5459	AMBATOTSIVALA	2025-01-03 10:52:41.466684+03	518
5460	MAROLINTA	2025-01-03 10:52:41.48446+03	518
5461	Benenitra	2025-01-03 10:52:41.503225+03	520
5462	ITANDRANO	2025-01-03 10:52:41.522314+03	521
5463	TANAMARY AMBATOVY	2025-01-03 10:52:41.540254+03	521
5464	BEROROHA	2025-01-03 10:52:41.558526+03	521
5465	BESALAMPY	2025-01-03 10:52:41.574307+03	522
5466	BORIZINY	2025-01-03 10:52:41.588775+03	523
5467	SOAVINA	2025-01-03 10:52:41.604864+03	524
5468	ANTOHOBE	2025-01-03 10:52:41.618829+03	524
5469	SOASERANA	2025-01-03 10:52:41.633087+03	525
5470	BETIOKY CENTRE	2025-01-03 10:52:41.646574+03	525
5471	ANKILIVALO AMBOLAGNIEVO	2025-01-03 10:52:41.659534+03	525
5472	VOHIMARY	2025-01-03 10:52:41.67216+03	525
5473	Brickaville	2025-01-03 10:52:41.688505+03	526
5474	 AMPEFY  	2025-01-03 10:52:41.70228+03	527
5475	ANDRIAMBE	2025-01-03 10:52:41.739112+03	527
5476	EPP Amborovy	2025-01-03 10:52:41.755056+03	528
5477	Commune TSINDROMITONDRAKA	2025-01-03 10:52:41.768644+03	523
5478	AMBANJABE	2025-01-03 10:52:41.781611+03	523
5479	EPP Tsongobory	2025-01-03 10:52:41.794339+03	529
5480	ANTSAMPANANA	2025-01-03 10:52:41.80934+03	530
5481	RANOMAFANA-EST	2025-01-03 10:52:41.822573+03	530
5482	FANANDRANA	2025-01-03 10:52:41.838529+03	531
5483	VOHITRANIVONA	2025-01-03 10:52:41.852202+03	530
5484	ISANDAHINY AMBONY	2025-01-03 10:52:41.878641+03	532
5485	FANDRIANA	2025-01-03 10:52:41.891413+03	532
5486	IMITO	2025-01-03 10:52:41.904684+03	532
5487	BETSIMISOTRA	2025-01-03 10:52:41.918263+03	532
5488	FARAFANGANA	2025-01-03 10:52:41.947414+03	533
5489	FARAVOHITRA	2025-01-03 10:52:41.963289+03	534
5490	ANKARANA	2025-01-03 10:52:41.976653+03	533
5491	VOHILENGO	2025-01-03 10:52:41.990385+03	533
5492	ANIVORANO	2025-01-03 10:52:42.004698+03	533
5493	FIANARANTSOA	2025-01-03 10:52:42.020567+03	535
5494	VALABETOKANA	2025-01-03 10:52:42.034741+03	534
5495	VINANINONY SUD	2025-01-03 10:52:42.050495+03	534
5496	Fianarantsoa	2025-01-03 10:52:42.06397+03	535
5497	AMBODIMANGA II	2025-01-03 10:52:42.078003+03	501
5498	VOHIPENO	2025-01-03 10:52:42.090998+03	501
5499	BETAMPONA	2025-01-03 10:52:42.105485+03	501
5500	KIRANOMENA	2025-01-03 10:52:42.122707+03	536
5501	TSINJOARIVO	2025-01-03 10:52:42.136803+03	536
5502	FIRAVAHANA	2025-01-03 10:52:42.150258+03	536
5503	MORARANO 	2025-01-03 10:52:42.166275+03	536
5504	AMBOHIMENA	2025-01-03 10:52:42.180741+03	536
5505	FENOARIVOBE	2025-01-03 10:52:42.194435+03	536
5506	IFANADINA	2025-01-03 10:52:42.223068+03	537
5507	RANOHIRA	2025-01-03 10:52:42.240493+03	538
5508	SAHALAVA	2025-01-03 10:52:42.293543+03	535
5509	ANDROMBA	2025-01-03 10:52:42.308913+03	539
5510	IAKORA	2025-01-03 10:52:42.322596+03	539
5511	IFANADIIANA 	2025-01-03 10:52:42.350354+03	537
5512	IMERINTSIATOSIKA	2025-01-03 10:52:42.365377+03	514
5513	AMBIABE	2025-01-03 10:52:42.37837+03	537
5514	TSARATANANA	2025-01-03 10:52:42.39224+03	537
5515	MAROTOKO	2025-01-03 10:52:42.406354+03	537
5516	IHOSY	2025-01-03 10:52:42.420682+03	538
5517	MAEVATANANA I	2025-01-03 10:52:42.451353+03	540
5518	Mahajanga	2025-01-03 10:52:42.465417+03	528
5519	ILAKAKA	2025-01-03 10:52:42.480699+03	538
5520	IHAZORA	2025-01-03 10:52:42.493431+03	538
5521	SOLILA	2025-01-03 10:52:42.509548+03	541
5522	TANAMARINA BEKISOPA	2025-01-03 10:52:42.523524+03	541
5523	AMBOLOMADINIKA	2025-01-03 10:52:42.539776+03	542
5524	IKONGO	2025-01-03 10:52:42.554778+03	542
5525	MAROMIANDRA	2025-01-03 10:52:42.56874+03	542
5526	ANDEFAMPONY	2025-01-03 10:52:42.583328+03	542
5527	AMBINANITROMBY	2025-01-03 10:52:42.598385+03	542
5528	ANDOHARANOMAINTSO	2025-01-03 10:52:42.61381+03	543
5529	SOATANANA	2025-01-03 10:52:42.627774+03	543
5530	NASANDRATRONY	2025-01-03 10:52:42.641929+03	543
5531	 ANDREAMALAMA	2025-01-03 10:52:42.655406+03	543
5532	AMBOZA	2025-01-03 10:52:42.671568+03	544
5533	ANTARAMENA	2025-01-03 10:52:42.686881+03	544
5534	ANTAMBOHOBE	2025-01-03 10:52:42.700297+03	544
5535	KOTIPA	2025-01-03 10:52:42.713631+03	544
5536	MAHATSINJONY	2025-01-03 10:52:42.726792+03	478
5537	IVOAMBA	2025-01-03 10:52:42.740634+03	478
5538	AMBALAKELY	2025-01-03 10:52:42.755624+03	478
5539	ANDRAINJATO EST	2025-01-03 10:52:42.768699+03	478
5540	MAHAJANGA	2025-01-03 10:52:42.792419+03	528
5541	Ialananindro	2025-01-03 10:52:42.819658+03	478
5542	MAROKORO	2025-01-03 10:52:42.833645+03	540
5543	AMBALANJANAKOMBY	2025-01-03 10:52:42.847942+03	540
5544	MAHAVELONA	2025-01-03 10:52:42.861388+03	510
5545	Mahabo	2025-01-03 10:52:42.876462+03	545
5546	ANKILIZATO	2025-01-03 10:52:42.905167+03	546
5547	AMPANIHY	2025-01-03 10:52:42.918956+03	546
5548	Mahajanga I 	2025-01-03 10:52:42.933368+03	528
5549	MANABARO	2025-01-03 10:52:42.950276+03	547
5550	MANAKARA	2025-01-03 10:52:42.965403+03	548
5551	Mahajanga II	2025-01-03 10:52:43.003412+03	549
5552	Ambalabe Befanjava	2025-01-03 10:52:43.0294+03	549
5553	BEKOBAY	2025-01-03 10:52:43.042358+03	549
5554	MAHAJAMBA USINE	2025-01-03 10:52:43.057414+03	549
5555	MANANJARY	2025-01-03 10:52:43.07353+03	550
5556	MAMPIKONY	2025-01-03 10:52:43.124744+03	551
5557	AMBOHITOAKA NORD	2025-01-03 10:52:43.138537+03	551
5558	KOMAJIA	2025-01-03 10:52:43.153416+03	551
5559	LOKOMBY	2025-01-03 10:52:43.166544+03	548
5560	SAHASINAKA	2025-01-03 10:52:43.192306+03	548
5561	ONILAHY	2025-01-03 10:52:43.206368+03	548
5562	MANAMBOLOSO	2025-01-03 10:52:43.234517+03	552
5563	MANANARA NORD	2025-01-03 10:52:43.248825+03	552
5564	SAHASOA	2025-01-03 10:52:43.262538+03	552
5565	ANJOMAN'ANKONA	2025-01-03 10:52:43.279561+03	553
5566	AMBATOMARINA	2025-01-03 10:52:43.29335+03	553
5567	AMBOHIPO	2025-01-03 10:52:43.306345+03	553
5568	MAROANTSETRA	2025-01-03 10:52:43.335516+03	554
5569	KIANJAVATO 	2025-01-03 10:52:43.35024+03	550
5570	VOHILAVA	2025-01-03 10:52:43.376722+03	550
5571	TSIATOSIKA	2025-01-03 10:52:43.391504+03	550
5572	MANDOTO	2025-01-03 10:52:43.406641+03	555
5573	FIDIRANA	2025-01-03 10:52:43.421298+03	555
5574	 Commune MAROTANDRANO	2025-01-03 10:52:43.437816+03	556
5575	MAROAMBOAKA / AMBARIPAIKA	2025-01-03 10:52:43.451776+03	556
5576	MANDRITSARA	2025-01-03 10:52:43.47989+03	556
5577	MAROFANTSY	2025-01-03 10:52:43.493402+03	533
5578	Manja	2025-01-03 10:52:43.508806+03	557
5579	Miarinarivo II	2025-01-03 10:52:43.525567+03	558
5580	MITSINJO	2025-01-03 10:52:43.540524+03	529
5581	MORAMANGA	2025-01-03 10:52:43.557566+03	559
5582	MOROMBE	2025-01-03 10:52:43.57245+03	560
5583	TSARARIVOTRA	2025-01-03 10:52:43.585649+03	498
5585	AMBODIMANGA	2025-01-03 10:52:43.614928+03	554
5586	ANJANAZANA	2025-01-03 10:52:43.629743+03	554
5587	MAROLAMBO	2025-01-03 10:52:43.642258+03	562
5588	NOSY BE	2025-01-03 10:52:43.65741+03	563
5589	NOSY VARIKA	2025-01-03 10:52:43.672396+03	564
5590	ANKAZOMBORONA	2025-01-03 10:52:43.687577+03	565
5591	MAROSAKOA	2025-01-03 10:52:43.700321+03	565
5592	Miandrivazo	2025-01-03 10:52:43.715171+03	566
5593	BETSIPOLOTRA	2025-01-03 10:52:43.727274+03	566
5594	ANKOTROFOTSY	2025-01-03 10:52:43.74024+03	566
5595	SOAVIMBAZAHA	2025-01-03 10:52:43.753274+03	558
5596	SOAMAHAMANINA	2025-01-03 10:52:43.76639+03	558
5597	ANALAVORY	2025-01-03 10:52:43.780376+03	558
5598	Sainte Marie	2025-01-03 10:52:43.792871+03	567
5599	MIDONGY ATSIMO	2025-01-03 10:52:43.808372+03	568
5600	MITSINJO	2025-01-03 10:52:43.83432+03	569
5601	BEBOKOY	2025-01-03 10:52:43.849507+03	570
5602	ANKALALO	2025-01-03 10:52:43.862308+03	570
5603	ANDRAMY	2025-01-03 10:52:43.874679+03	570
5604	ANKELIANDILANA	2025-01-03 10:52:43.887643+03	570
5605	SAKARAHA	2025-01-03 10:52:43.902158+03	571
5606	LAKATO II	2025-01-03 10:52:43.915922+03	559
5607	VODIRIANA	2025-01-03 10:52:43.928963+03	559
5608	ANDAINGO	2025-01-03 10:52:43.941633+03	559
5609	BEMBARY	2025-01-03 10:52:43.95463+03	559
5610	SAMBAVA	2025-01-03 10:52:43.96959+03	572
5611	Morombe	2025-01-03 10:52:43.982755+03	560
5612	 Antanimieva	2025-01-03 10:52:43.995407+03	560
5613	TANAMBAO	2025-01-03 10:52:44.007374+03	560
5614	ANDRANOVORINDREGATAKY	2025-01-03 10:52:44.019343+03	560
5615	SOANIERANA IVONGO	2025-01-03 10:52:44.034049+03	573
5616	Morondava	2025-01-03 10:52:44.049655+03	574
5617	MAROVOAY	2025-01-03 10:52:44.063706+03	574
5618	SOAVINANDRIANA	2025-01-03 10:52:44.121337+03	575
5619	SAINTE MARIE	2025-01-03 10:52:44.15791+03	576
5620	TANA II	2025-01-03 10:52:44.185564+03	577
5621	Sakaraha	2025-01-03 10:52:44.210545+03	571
5622	TANA IV	2025-01-03 10:52:44.238454+03	578
5623	AMBOHIMALAZA	2025-01-03 10:52:44.264329+03	572
5624	SAMBAVA I	2025-01-03 10:52:44.277564+03	572
5625	TANA V	2025-01-03 10:52:44.291302+03	579
5626	ANTSAKOAMILEKA	2025-01-03 10:52:44.307147+03	580
5627	AMBODIHAMPANA	2025-01-03 10:52:44.335485+03	573
5628	AMBAHOABE	2025-01-03 10:52:44.35096+03	573
5629	AMPARIBOHITRA	2025-01-03 10:52:44.36722+03	575
5630	MANANASY	2025-01-03 10:52:44.383343+03	575
5631	TANA VI	2025-01-03 10:52:44.401763+03	581
5632	SOAVINANDRIANA 	2025-01-03 10:52:44.417075+03	575
5633	AMPANGABE	2025-01-03 10:52:44.433588+03	485
5634	ATSIMONDRANO	2025-01-03 10:52:44.465378+03	498
5635	Tanjombato	2025-01-03 10:52:44.496334+03	498
5636	TAOLAGNARO	2025-01-03 10:52:44.512409+03	547
5637	TOAMASINA 	2025-01-03 10:52:44.526397+03	582
5638	VANGAINDRANO	2025-01-03 10:52:44.53969+03	583
5639	ANTANANARIVO AVARADRANO	2025-01-03 10:52:44.553228+03	493
5640	SADABE	2025-01-03 10:52:44.5652+03	484
5641	VOHIMARINA	2025-01-03 10:52:44.57617+03	584
5642	VOHIPENO	2025-01-03 10:52:44.664884+03	503
5643	 ANDRANOBORY 	2025-01-03 10:52:44.675399+03	547
5644	IAMBOAKOHO 	2025-01-03 10:52:44.6864+03	547
5645	ANKARIERA	2025-01-03 10:52:44.697675+03	547
5646	ENAKARA HAUT	2025-01-03 10:52:44.709288+03	547
5647	AMBATOABO	2025-01-03 10:52:44.721336+03	547
5648	ANKILIVALO	2025-01-03 10:52:44.733447+03	547
5649	BERONGO	2025-01-03 10:52:44.745285+03	547
5650	ANKARAMENA	2025-01-03 10:52:44.756826+03	547
5651	IAVOLOHA	2025-01-03 10:52:44.771236+03	498
5652	RANOPISO	2025-01-03 10:52:44.792584+03	547
5653	BETROKA	2025-01-03 10:52:44.835604+03	527
5654	SUBURBAINE	2025-01-03 10:52:44.847514+03	510
5655	SAHAMBALA	2025-01-03 10:52:44.857487+03	510
5656	ANTETEZAMBARO	2025-01-03 10:52:44.868457+03	510
5657	MANJA	2025-01-03 10:52:44.889739+03	585
5658	ANKETRAKE	2025-01-03 10:52:44.901634+03	529
5659	MAHAVATSE II	2025-01-03 10:52:44.913397+03	529
5660	TOLIARA I	2025-01-03 10:52:44.923703+03	529
5661	Morafeno Namaboha.	2025-01-03 10:52:44.934562+03	586
5662	Ankazotrano Andranohinaly	2025-01-03 10:52:44.944469+03	586
5663	BETSINJAKA	2025-01-03 10:52:44.95442+03	586
5664	TANAMBAO MAHASOA	2025-01-03 10:52:44.965192+03	586
5665	TOLIARA II	2025-01-03 10:52:44.975142+03	586
5666	MAROVOAY	2025-01-03 10:52:44.986342+03	565
5667	ANTANIMBARY	2025-01-03 10:52:44.998711+03	587
5668	KANDREEHO 	2025-01-03 10:52:45.008198+03	587
5669	TSARATANANA	2025-01-03 10:52:45.019407+03	587
5670	ANDRIAMENA	2025-01-03 10:52:45.040555+03	587
5671	BEVORY NORD	2025-01-03 10:52:45.055319+03	588
5672	TSIHOMBE	2025-01-03 10:52:45.066374+03	588
5673	NIKOLY	2025-01-03 10:52:45.078294+03	588
5674	IMONGY	2025-01-03 10:52:45.089266+03	588
5675	ANKILIVALO	2025-01-03 10:52:45.100272+03	588
5676	MAHASOLO	2025-01-03 10:52:45.110282+03	487
5677	TSIROANOMANDIDY	2025-01-03 10:52:45.122415+03	487
5678	MIARINARIVO	2025-01-03 10:52:45.132378+03	558
5679	ANOSIBE AN'ALA	2025-01-03 10:52:45.142364+03	559
5680	TSIATELY	2025-01-03 10:52:45.153339+03	583
5681	MANAMBONDRO	2025-01-03 10:52:45.174282+03	583
5682	MASIANAKA	2025-01-03 10:52:45.196522+03	583
5683	MATANGY 	2025-01-03 10:52:45.215432+03	583
5684	VATOMANDRY	2025-01-03 10:52:45.225967+03	589
5685	TSIVANGINA	2025-01-03 10:52:45.236637+03	589
5686	AMBODONONOKA	2025-01-03 10:52:45.257195+03	589
5687	MIARINARIVO	2025-01-03 10:52:45.269163+03	590
5688	VAVATENINA	2025-01-03 10:52:45.281214+03	590
5689	AMBOHIBE	2025-01-03 10:52:45.290769+03	590
5690	VOHEMAR	2025-01-03 10:52:45.301224+03	584
5691	MANEVA	2025-01-03 10:52:45.322153+03	591
5692	LAMOSINA	2025-01-03 10:52:45.33334+03	591
5693	TALATA AMPANO	2025-01-03 10:52:45.342984+03	591
5694	IFANADIANA	2025-01-03 10:52:45.354425+03	537
5695	TANA I	2025-01-03 10:52:45.370382+03	592
5696	MAROMOKOTRA BOBAKINDRO	2025-01-03 10:52:45.382957+03	584
5697	DOANIHELY	2025-01-03 10:52:45.395899+03	584
5698	ANTSENAVOLO 	2025-01-03 10:52:45.408465+03	503
5699	IFASY	2025-01-03 10:52:45.421664+03	503
5700	NATO	2025-01-03 10:52:45.435275+03	503
5701	VOHIPENO 	2025-01-03 10:52:45.448601+03	503
5702	ANOLOKA	2025-01-03 10:52:45.496849+03	503
5703	ANDOHARANO	2025-01-03 10:52:45.511453+03	593
5704	VOHIMARY	2025-01-03 10:52:45.524976+03	593
5705	KARIANGA	2025-01-03 10:52:45.538653+03	593
5706	MOROTEZA	2025-01-03 10:52:45.55432+03	593
5707	Andranovory	2025-01-03 10:52:45.570278+03	586
5708	Autre	2025-01-03 10:52:45.589259+03	594
5719	ANTANAMBAO ANDRANOLAVA	2025-01-03 10:52:45.904432+03	596
5720	MAROVOAY BANLIEUE	2025-01-03 10:52:45.949905+03	596
5721	AMBOLOMOTY	2025-01-03 10:52:45.981896+03	596
5722	TSARARANO	2025-01-03 10:52:46.012529+03	596
5723	ANTANIMASAKA	2025-01-03 10:52:46.028525+03	596
5724	BEMAHARIVO	2025-01-03 10:52:46.060779+03	596
5725	ANKABOKA	2025-01-03 10:52:46.120791+03	596
5726	ANKAZOMBORONA	2025-01-03 10:52:46.180662+03	596
5727	MAROSAKOA	2025-01-03 10:52:46.197497+03	596
5728	MADIROVALO	2025-01-03 10:52:46.215448+03	597
5729	AMBATOBOENY	2025-01-03 10:52:46.260473+03	597
5730	ANKIJABE 	2025-01-03 10:52:46.277736+03	597
5731	ANDRANOFASIKA	2025-01-03 10:52:46.312331+03	597
5732	ANJIAJIA	2025-01-03 10:52:46.358516+03	597
5733	AMBONDROMAMY	2025-01-03 10:52:46.407689+03	597
5734	ANDRANOMAMY 	2025-01-03 10:52:46.424157+03	597
5735	MANERINERINA	2025-01-03 10:52:46.488324+03	597
5736	Soaindrana	2025-01-03 10:52:46.538431+03	598
5737	Talata Ampano	2025-01-03 10:52:46.570924+03	598
5738	Andranovorivato	2025-01-03 10:52:46.604025+03	598
5739	Andranomiditra	2025-01-03 10:52:46.636477+03	598
5740	Vohibato Ouest	2025-01-03 10:52:46.652826+03	598
5741	Ihazoara	2025-01-03 10:52:46.670445+03	598
5742	Tanambao Manamisoa	2025-01-03 10:52:46.687489+03	598
5743	TANAMARINA SAKAY	2025-01-03 10:52:46.839863+03	541
5744	MANGIDY	2025-01-03 10:52:46.862457+03	541
5745	IKALAMAVONY	2025-01-03 10:52:46.895269+03	541
5746	AMBATOMAINTY	2025-01-03 10:52:46.951323+03	541
5747	FITAMPITO	2025-01-03 10:52:46.999008+03	541
5748	SAKOANA	2025-01-03 10:52:47.071515+03	548
5749	AMBOHITROVA	2025-01-03 10:52:47.084368+03	548
5750	AMBANDRIKA	2025-01-03 10:52:47.108255+03	548
5751	AMBAHATRAZO	2025-01-03 10:52:47.120451+03	548
5752	AMBALAVERO	2025-01-03 10:52:47.133277+03	548
5753	AMBOHITSARA M	2025-01-03 10:52:47.146913+03	548
5754	MAROFARIHY	2025-01-03 10:52:47.169389+03	548
5755	AMBOANJO	2025-01-03 10:52:47.183397+03	548
5756	AMBILA	2025-01-03 10:52:47.230036+03	548
5757	MANGATSIOTRA	2025-01-03 10:52:47.241376+03	548
5758	VATANA	2025-01-03 10:52:47.268962+03	548
5759	AMBALAROKA	2025-01-03 10:52:47.282961+03	548
5760	AMBINANY	2025-01-03 10:52:47.327376+03	571
5761	VINETA ANDAMASINY	2025-01-03 10:52:47.388609+03	571
5762	AMBORONABO	2025-01-03 10:52:47.448611+03	571
5763	MAHABOBOKA	2025-01-03 10:52:47.465668+03	571
5764	MIARY LAMATIHY	2025-01-03 10:52:47.481907+03	571
5765	BEREKETA	2025-01-03 10:52:47.512493+03	571
5766	MIARY TAHEZA	2025-01-03 10:52:47.529447+03	571
5767	AMBATOLAHY	2025-01-03 10:52:47.633418+03	566
5768	MIANDRIVAZO	2025-01-03 10:52:47.692716+03	566
5769	ISALO	2025-01-03 10:52:47.723531+03	566
5770	ANDRANOMAINTY	2025-01-03 10:52:47.786385+03	566
5771	DABOLAVA	2025-01-03 10:52:47.803536+03	566
5772	MANAMBINA	2025-01-03 10:52:47.821278+03	566
5773	ANOSIMENA	2025-01-03 10:52:47.839675+03	566
5774	Ambalatany	2025-01-03 10:52:47.925566+03	533
5775	Ambalavato Nord 	2025-01-03 10:52:47.961222+03	533
5776	ANOSY TSARARAFA	2025-01-03 10:52:47.972722+03	533
5777	ANOSIVELO	2025-01-03 10:52:48.044388+03	533
5778	VOHIMASY	2025-01-03 10:52:48.067327+03	533
5779	IVANDRIKA	2025-01-03 10:52:48.079319+03	533
5780	Iabohazo	2025-01-03 10:52:48.089292+03	533
5781	IABOHAZO	2025-01-03 10:52:48.099438+03	533
5782	Manambotra Sud	2025-01-03 10:52:48.139362+03	533
5783	AMBODIARA	2025-01-03 10:52:48.15338+03	599
5717	MANGABE	2025-01-03 10:52:45.841762+03	540
5710	BEANANA	2025-01-03 10:52:45.662737+03	540
5711	MAEVATANANA I	2025-01-03 10:52:45.690653+03	540
5712	ANTANIMBARY	2025-01-03 10:52:45.73558+03	540
5713	BEMOKOTRA	2025-01-03 10:52:45.780716+03	540
5714	TSARARANO	2025-01-03 10:52:45.796532+03	540
5715	AMBALAJIA	2025-01-03 10:52:45.811458+03	540
5716	BERIVOTRA 5/5	2025-01-03 10:52:45.82624+03	540
5784	ANDRORANGAVOLA	2025-01-03 10:52:48.182355+03	599
5785	AMBODIRIAN°I  SAHAFARY	2025-01-03 10:52:48.192322+03	599
5786	VOHILAVA	2025-01-03 10:52:48.202143+03	599
5787	VOHITRANDRIANA	2025-01-03 10:52:48.213423+03	599
5788	AMBAHY	2025-01-03 10:52:48.224675+03	599
5789	ANKISATRA	2025-01-03 10:52:48.237976+03	600
5790	ANTSONDRODAVA	2025-01-03 10:52:48.249306+03	600
5791	ANDRANOVAO	2025-01-03 10:52:48.260449+03	600
5792	BEMOKOTRA SUD	2025-01-03 10:52:48.271419+03	600
5793	VEROMANGA	2025-01-03 10:52:48.294894+03	600
5794	ANTSALOVA	2025-01-03 10:52:48.306695+03	601
5795	TRANGAHY	2025-01-03 10:52:48.349636+03	601
5796	MANARANTSANDRY	2025-01-03 10:52:48.361654+03	505
5797	MAHELA	2025-01-03 10:52:48.371899+03	505
5798	ANTANANDEHIBE	2025-01-03 10:52:48.382443+03	505
5799	ANTANAMBAO MANAMPONTSY II	2025-01-03 10:52:48.40303+03	505
5800	SAIVAZA	2025-01-03 10:52:48.434769+03	505
5801	LOHAVANANA	2025-01-03 10:52:48.478943+03	562
5802	ANKILIVALOKELY	2025-01-03 10:52:48.520284+03	500
5803	FOTIVOLO	2025-01-03 10:52:48.545461+03	500
5804	TANDRANO	2025-01-03 10:52:48.556556+03	500
5805	AMBATOLAHY	2025-01-03 10:52:48.57921+03	500
5806	ANDRANOMAFANA	2025-01-03 10:52:48.59045+03	500
5807	AMBALAVATO	2025-01-03 10:52:48.602798+03	520
5808	IANAPERA	2025-01-03 10:52:48.628139+03	520
5809	BENENITRA	2025-01-03 10:52:48.660781+03	520
5810	ANKILIMARY	2025-01-03 10:52:48.678814+03	520
5811	EHARA	2025-01-03 10:52:48.695398+03	520
5812	ANONTSIBE	2025-01-03 10:52:48.72086+03	585
5813	ANKILIABO	2025-01-03 10:52:48.732346+03	585
5814	BETSIOKY	2025-01-03 10:52:48.744424+03	585
5815	AMBAKOBE	2025-01-03 10:52:48.784408+03	599
5816	FIADANANA	2025-01-03 10:52:48.846381+03	599
5817	SAHAVATO	2025-01-03 10:52:48.89807+03	599
5818	MAINTIRANO	2025-01-03 10:52:48.908451+03	600
5819	BETANATANANA	2025-01-03 10:52:48.919488+03	600
5820	MAROHAZO	2025-01-03 10:52:48.940356+03	600
5821	ANTSAIDOHA-BEBAO	2025-01-03 10:52:48.961613+03	600
5822	BEREVO/RANOBE	2025-01-03 10:52:48.991596+03	600
5823	BEBABOKY SUD	2025-01-03 10:52:49.002603+03	600
5824	BEMARAHA EST	2025-01-03 10:52:49.05446+03	601
5825	SOAHANY	2025-01-03 10:52:49.066483+03	601
5826	MASOARIVO	2025-01-03 10:52:49.098469+03	601
5827	BEKOPAKA	2025-01-03 10:52:49.130068+03	601
5828	MANAKANA	2025-01-03 10:52:49.25539+03	505
5829	SAHAKEVO	2025-01-03 10:52:49.307546+03	562
5830	MAROLAMBO II	2025-01-03 10:52:49.319714+03	562
5831	ANOSIARIVO I	2025-01-03 10:52:49.331214+03	562
5832	AMBODINONOKA	2025-01-03 10:52:49.343139+03	562
5833	AMBOHIMILANJA	2025-01-03 10:52:49.354353+03	562
5834	BETAMPONA	2025-01-03 10:52:49.377216+03	562
5835	TANAMBAO-RABEMANANA	2025-01-03 10:52:49.399265+03	562
5836	AMBALAPAISO II	2025-01-03 10:52:49.412277+03	562
5837	ANDONABE-SUD	2025-01-03 10:52:49.423251+03	562
5838	AMBATOFISAKA II	2025-01-03 10:52:49.435605+03	562
5839	AMBOASARY	2025-01-03 10:52:49.488272+03	562
5840	ANDRORANGAVOLA	2025-01-03 10:52:49.508441+03	562
5841	ANKERIKY	2025-01-03 10:52:49.539774+03	500
5842	ILEMBY	2025-01-03 10:52:49.582257+03	500
5843	BENONOKA	2025-01-03 10:52:49.713546+03	520
5844	SOASERANA	2025-01-03 10:52:49.765271+03	585
5845	ANDRANOPASY	2025-01-03 10:52:49.796968+03	585
5846	BEHARONA	2025-01-03 10:52:49.817361+03	585
5847	Andranobao	2025-01-03 10:52:49.889294+03	539
5848	Ranotsara Nord	2025-01-03 10:52:49.900215+03	539
5849	Volambita	2025-01-03 10:52:50.001743+03	539
5850	Iakora	2025-01-03 10:52:50.022028+03	539
5851	Begogo	2025-01-03 10:52:50.081357+03	539
5852	Kelivaho	2025-01-03 10:52:50.103263+03	527
5853	Benato Toby	2025-01-03 10:52:50.152318+03	527
5854	Ambalasoa	2025-01-03 10:52:50.164359+03	527
5855	Iaborotra	2025-01-03 10:52:50.185297+03	527
5856	Ianakafy	2025-01-03 10:52:50.197267+03	527
5857	Tsaraitso	2025-01-03 10:52:50.208279+03	527
5858	Ivahona	2025-01-03 10:52:50.219249+03	527
5859	Mahabo	2025-01-03 10:52:50.231458+03	527
5860	Ianabinda	2025-01-03 10:52:50.264961+03	527
5861	Isoanala	2025-01-03 10:52:50.297638+03	527
5862	Ankazovelo	2025-01-03 10:52:50.320498+03	568
5863	Bevaho	2025-01-03 10:52:50.362841+03	568
5864	Andranolalina	2025-01-03 10:52:50.375548+03	568
5865	Midongy	2025-01-03 10:52:50.3979+03	568
5866	Lavaraty	2025-01-03 10:52:50.418854+03	568
5867	Soakibany	2025-01-03 10:52:50.452314+03	568
5868	Maliorano	2025-01-03 10:52:50.519331+03	568
5869	AMBALAKINDRESY	2025-01-03 10:52:50.542781+03	489
5870	SAHAVE	2025-01-03 10:52:50.553772+03	489
5871	ISAKA	2025-01-03 10:52:50.578737+03	489
5718	BERATSIMANINA	2025-01-03 10:52:45.857202+03	540
5709	MAEVATANANA II	2025-01-03 10:52:45.606705+03	540
\.


--
-- TOC entry 5029 (class 0 OID 33393)
-- Dependencies: 255
-- Data for Name: construction_conge; Type: TABLE DATA; Schema: public; Owner: michpi
--

COPY public.construction_conge (id, annee, date_debut, date_fin, statut, justification, fond, utilisateur_id, type_conge_id) FROM stdin;
1	2023	2025-01-15	2025-01-22	approuve	Essaie		1	1
6	2023	2025-01-31	2025-02-09	approuve			1	1
7	2023	2025-03-19	2025-03-21	en_attente			1	1
\.


--
-- TOC entry 5014 (class 0 OID 17087)
-- Dependencies: 240
-- Data for Name: construction_district; Type: TABLE DATA; Schema: public; Owner: michpi
--

COPY public.construction_district (id, name, create_on, region_id) FROM stdin;
471	MAHANORO	2025-01-03 10:52:39.189109+03	115
472	AMBALAVAO	2025-01-03 10:52:39.216463+03	116
473	AMBANJA	2025-01-03 10:52:39.266181+03	117
474	AMBOSITRA	2025-01-03 10:52:39.304288+03	118
475	AMBATO BOENI	2025-01-03 10:52:39.318346+03	119
476	AMBATOFINANDRAHANA	2025-01-03 10:52:39.341377+03	118
477	AMBATOLAMPY	2025-01-03 10:52:39.423385+03	120
478	LALANGINA	2025-01-03 10:52:39.436234+03	116
479	AMBATOMAINTY	2025-01-03 10:52:39.47274+03	121
480	AMBATONDRAZAKA	2025-01-03 10:52:39.50068+03	122
481	AMBILOBE	2025-01-03 10:52:39.536551+03	117
482	AMBOASARY SUD	2025-01-03 10:52:39.576532+03	123
483	ANDRAMASINA	2025-01-03 10:52:39.626395+03	124
484	MANJAKANDRIANA	2025-01-03 10:52:39.640357+03	124
485	AMBOHIDRATRIMO	2025-01-03 10:52:39.654624+03	124
486	ANJOZOROBE	2025-01-03 10:52:39.666542+03	124
487	TSIROANOMANDIDY	2025-01-03 10:52:39.692319+03	125
488	Ambanja	2025-01-03 10:52:39.705267+03	117
489	AMBOHIMAHASOA	2025-01-03 10:52:39.753651+03	116
490	AMBOVOMBE ANDROY	2025-01-03 10:52:39.827418+03	126
491	ANTANIFOTSY	2025-01-03 10:52:39.924352+03	120
492	AMPANIHY OUEST	2025-01-03 10:52:39.939312+03	127
493	ANTANANARIVO AVARADRANO	2025-01-03 10:52:39.986551+03	124
494	AMPARAFARAVOLA	2025-01-03 10:52:40.094417+03	122
495	ANALALAVA	2025-01-03 10:52:40.132635+03	128
496	ANDAPA	2025-01-03 10:52:40.181447+03	129
497	ANDILAMENA	2025-01-03 10:52:40.204408+03	122
498	ANTANANARIVO-ATSIMONDRANO	2025-01-03 10:52:40.275414+03	124
499	ANKAZOBE	2025-01-03 10:52:40.288598+03	124
500	ANKAZOABO SUD	2025-01-03 10:52:40.323701+03	127
501	FENERIVE EST	2025-01-03 10:52:40.363304+03	130
502	ANOSIBE AN ALA	2025-01-03 10:52:40.434552+03	122
503	VOHIPENO	2025-01-03 10:52:40.48446+03	131
504	ANTALAHA	2025-01-03 10:52:40.496511+03	129
505	ANTANAMBAO MANAMPONTSY	2025-01-03 10:52:40.520563+03	115
506	ANTSIRANANA II	2025-01-03 10:52:40.640553+03	117
507	ANTANANARIVO_III	2025-01-03 10:52:40.736894+03	124
508	ANTSIRABE I	2025-01-03 10:52:40.810389+03	120
509	ANTSIRABE II	2025-01-03 10:52:40.824394+03	120
510	TOAMASINA II	2025-01-03 10:52:40.888421+03	115
511	ANTSIRANANA I	2025-01-03 10:52:40.903117+03	117
512	ANTSOHIHY	2025-01-03 10:52:41.031649+03	128
513	BEALANANA	2025-01-03 10:52:41.084519+03	128
514	ARIVONIMAMO	2025-01-03 10:52:41.103054+03	132
515	BEKILY	2025-01-03 10:52:41.137412+03	126
516	BEFANDRIANA NORD	2025-01-03 10:52:41.187143+03	128
517	BEFOTAKA ATSIMO	2025-01-03 10:52:41.256538+03	133
518	BELOHA ANDROY	2025-01-03 10:52:41.291536+03	126
519	BELO SUR TSIRIBIHINA	2025-01-03 10:52:41.36009+03	134
520	BENENITRA	2025-01-03 10:52:41.499536+03	127
521	BEROROHA	2025-01-03 10:52:41.518844+03	127
522	BESALAMPY	2025-01-03 10:52:41.571767+03	121
523	PORT-BERGE	2025-01-03 10:52:41.586238+03	128
524	BETAFO	2025-01-03 10:52:41.602008+03	120
525	BETIOKY SUD	2025-01-03 10:52:41.630721+03	127
526	Brickaville	2025-01-03 10:52:41.686186+03	115
527	BETROKA	2025-01-03 10:52:41.700286+03	123
528	MAHAJANGA I	2025-01-03 10:52:41.752625+03	119
529	TOLIARY I	2025-01-03 10:52:41.791835+03	127
530	BRICKAVILLE	2025-01-03 10:52:41.806411+03	115
531	Toamasina II	2025-01-03 10:52:41.835538+03	115
532	FANDRIANA	2025-01-03 10:52:41.875733+03	118
533	FARAFANGANA	2025-01-03 10:52:41.943391+03	133
534	FARATSIHO	2025-01-03 10:52:41.959804+03	120
535	FIANARANTSOA	2025-01-03 10:52:42.017747+03	116
536	FENOARIVOBE	2025-01-03 10:52:42.119743+03	125
537	IFANADIANA	2025-01-03 10:52:42.221039+03	135
538	IHOSY	2025-01-03 10:52:42.237493+03	136
539	IAKORA	2025-01-03 10:52:42.306539+03	136
540	MAEVATANANA	2025-01-03 10:52:42.448522+03	137
541	IKALAMAVONY	2025-01-03 10:52:42.506677+03	116
542	IKONGO	2025-01-03 10:52:42.536583+03	131
543	ISANDRA	2025-01-03 10:52:42.609924+03	116
544	IVOHIBE	2025-01-03 10:52:42.669101+03	136
545	Mahabo	2025-01-03 10:52:42.873755+03	134
546	MAHABO	2025-01-03 10:52:42.90274+03	134
547	TAOLANARO	2025-01-03 10:52:42.947416+03	123
548	MANAKARA	2025-01-03 10:52:42.962246+03	131
549	MAHAJANGA II	2025-01-03 10:52:43.001417+03	119
550	MANANJARY	2025-01-03 10:52:43.070699+03	135
551	MAMPIKONY	2025-01-03 10:52:43.122239+03	128
552	MANANARA-NORD	2025-01-03 10:52:43.232323+03	130
553	MANANDRIANA	2025-01-03 10:52:43.275603+03	118
554	MAROANTSETRA	2025-01-03 10:52:43.333297+03	130
555	MANDOTO	2025-01-03 10:52:43.404521+03	120
556	MANDRITSARA	2025-01-03 10:52:43.434825+03	128
557	Manja	2025-01-03 10:52:43.505371+03	134
558	MIARINARIVO	2025-01-03 10:52:43.52262+03	132
559	MORAMANGA	2025-01-03 10:52:43.554582+03	122
560	MOROMBE	2025-01-03 10:52:43.569534+03	127
562	MAROLAMBO	2025-01-03 10:52:43.640341+03	115
563	NOSY-BE	2025-01-03 10:52:43.654416+03	117
564	NOSY VARIKA	2025-01-03 10:52:43.669404+03	135
565	MAROVOAY	2025-01-03 10:52:43.684362+03	119
566	MIANDRIVAZO	2025-01-03 10:52:43.711682+03	134
567	Sainte Marie	2025-01-03 10:52:43.791029+03	130
568	MIDONGY SUD	2025-01-03 10:52:43.805379+03	133
569	MITSINJO	2025-01-03 10:52:43.832326+03	119
570	MORAFENOBE	2025-01-03 10:52:43.847393+03	121
571	SAKARAHA	2025-01-03 10:52:43.900163+03	127
572	SAMBAVA	2025-01-03 10:52:43.966598+03	129
573	SOANIERANA IVONGO	2025-01-03 10:52:44.031528+03	130
574	Morondava	2025-01-03 10:52:44.046663+03	134
575	SOAVINANDRIANA	2025-01-03 10:52:44.119339+03	132
576	SAINTE MARIE	2025-01-03 10:52:44.15492+03	130
577	ANTANANARIVO_II	2025-01-03 10:52:44.183441+03	124
578	ANTANANARIVO_IV	2025-01-03 10:52:44.235492+03	124
579	ANTANANARIVO_V	2025-01-03 10:52:44.289277+03	124
580	SOALALA	2025-01-03 10:52:44.305154+03	119
581	ANTANANARIVO_VI	2025-01-03 10:52:44.397774+03	124
582	TOAMASINA I	2025-01-03 10:52:44.523723+03	115
583	VANGAINDRANO	2025-01-03 10:52:44.537639+03	133
584	VOHEMAR	2025-01-03 10:52:44.574176+03	129
585	MANJA	2025-01-03 10:52:44.887744+03	134
586	TOLIARY II	2025-01-03 10:52:44.933567+03	127
587	TSARATANANA	2025-01-03 10:52:44.996468+03	137
588	TSIHOMBE	2025-01-03 10:52:45.052329+03	126
589	VATOMANDRY	2025-01-03 10:52:45.224338+03	115
590	VAVATENINA	2025-01-03 10:52:45.267294+03	130
591	VOHIBATO	2025-01-03 10:52:45.321155+03	116
592	ANTANANARIVO_I	2025-01-03 10:52:45.36681+03	124
593	VONDROZO	2025-01-03 10:52:45.507493+03	133
594	Autre	2025-01-03 10:52:45.586298+03	139
598	Vohibato	2025-01-03 10:52:46.534516+03	116
599	NOSY VARIKA	2025-01-03 10:52:48.151191+03	142
600	MAINTIRANO	2025-01-03 10:52:48.235318+03	121
601	ANTSALOVA	2025-01-03 10:52:48.304702+03	121
597	AMBATO BOENI	2025-01-03 10:52:46.211459+03	119
596	MAROVOAY	2025-01-03 10:52:45.901318+03	119
\.


--
-- TOC entry 5021 (class 0 OID 17193)
-- Dependencies: 247
-- Data for Name: construction_marche; Type: TABLE DATA; Schema: public; Owner: michpi
--

COPY public.construction_marche (id, "numMarche", "NbSalle", "Titulaire", "NumTitulaire", "delaiEx", batiment, travaux, financement, os, create_on, site_id) FROM stdin;
1984	… / MEN/PRMP-Tx/2020	12	SEMLS	nan	150 jours	Scolaire	Constr. Neuve	RPI	OS_2021	2025-01-03 10:52:39.206341+03	2870
1985	… / MEN/PRMP-Tx/2020	2	Entreprise SOAFANIRY	nan	90 jours	Scolaire	Constr. Neuve	RPI	OS_2020	2025-01-03 10:52:39.224852+03	2871
1986	… / MEN/PRMP-Tx/2020	2	Entreprise HASSIM	nan	90 jours	Scolaire	Constr. Neuve	RPI	OS_2020	2025-01-03 10:52:39.237154+03	2872
1987	… / MEN/PRMP-Tx/2020	2	ENTREPRISE ANJARASOA	nan	nan	Scolaire	Constr. Neuve	RPI	OS_2020	2025-01-03 10:52:39.249244+03	2873
1988	… / MEN/PRMP-Tx/2020	2	LENO	327489519	90 Jours	Scolaire	Constr. Neuve	RPI	OS_2020	2025-01-03 10:52:39.274197+03	2874
1989	… / MEN/PRMP-Tx/2020	2	Entreprise WILIAM ET FILS	348505122	90 Jours	Scolaire	Constr. Neuve	RPI	OS_2021	2025-01-03 10:52:39.286713+03	2875
1990	… / MEN/PRMP-Tx/2020	2	Entreprise WILIAM ET FILS	348505122	90 Jours	Scolaire	Constr. Neuve	RPI	OS_2021	2025-01-03 10:52:39.298304+03	2876
1991	… / MEN/PRMP-Tx/2020	12	Entreprise MARISIKA	034 11 782 41	60 Jours	Scolaire	Constr. Neuve	RPI	OS_2020	2025-01-03 10:52:39.311303+03	2877
1994	… / MEN/PRMP-Tx/2020	2	Entreprise SOAFANIRY	034 99 113 03	90 Jours	Scolaire	Constr. Neuve	RPI	OS_2020	2025-01-03 10:52:39.350354+03	2880
1995	… / MEN/PRMP-Tx/2020	2	Entreprise MIOTISOA	034 11 069 99	90 Jours	Scolaire	Constr. Neuve	RPI	OS_2020	2025-01-03 10:52:39.360502+03	2881
1996	… / MEN/PRMP-Tx/2020	2	Entreprise TSARA	034 12 222 81	90 Jours	Scolaire	Constr. Neuve	RPI	OS_2021	2025-01-03 10:52:39.372066+03	2882
1997	… / MEN/PRMP-Tx/2020	2	Entreprise TSARA	034 12 222 81	90 Jours	Scolaire	Constr. Neuve	RPI	OS_2021	2025-01-03 10:52:39.382547+03	2883
1998	… / MEN/PRMP-Tx/2020	2	Entreprise SOAVINTANA	033 86 921 07\n034 02 344 64	90 Jours	Scolaire	Constr. Neuve	RPI	OS_2021	2025-01-03 10:52:39.393517+03	2884
1999	… / MEN/PRMP-Tx/2020	2	Entreprise SOAVINTANA	033 86 921 07\n034 02 344 64	90 Jours	Scolaire	Constr. Neuve	RPI	OS_2021	2025-01-03 10:52:39.405548+03	2885
2000	… / MEN/PRMP-Tx/2020	4	Entreprise ANDRAINA	nan	nan	Scolaire	Constr. Neuve	RPI	OS_2021	2025-01-03 10:52:39.416672+03	2886
2001	… / MEN/PRMP-Tx/2020	2	BRIGITTE ANITA	nan	nan	Scolaire	Constr. Neuve	RPI	OS_2023	2025-01-03 10:52:39.431238+03	2887
2002	… / MEN/PRMP-Tx/2020	12	Entreprise Manantena	nan	nan	Scolaire	Constr. Neuve	RPI	OS_2022	2025-01-03 10:52:39.443732+03	2888
2003	… / MEN/PRMP-Tx/2020	2	REDSTATE SARL	'0346958505	120	Scolaire	Constr. Neuve	RPI	OS_2020	2025-01-03 10:52:39.454764+03	2889
2004	… / MEN/PRMP-Tx/2020	4	Entreprise RIJAVOLA	034 66 047 11\n034 79 102 23	150	Scolaire	Constr. Neuve	RPI	OS_2021	2025-01-03 10:52:39.46679+03	2890
2005	… / MEN/PRMP-Tx/2020	4	Entreprise ELICOM	nan	nan	Scolaire	Constr. Neuve	RPI	OS_2021	2025-01-03 10:52:39.482643+03	2891
2006	… / MEN/PRMP-Tx/2020	24	Entreprise HJ Herinirina Marie Joceline	nan	180 jours	Scolaire	Constr. Neuve	RPI	OS_2022	2025-01-03 10:52:39.493699+03	2892
2007	… / MEN/PRMP-Tx/2020	2	ENTREPRISE ALPHA	343150653	90 jours	Scolaire	Constr. Neuve	RPI	OS_2020	2025-01-03 10:52:39.508567+03	2893
2008	… / MEN/PRMP-Tx/2020	2	Entreprise SYNTHIA	343806858	90 jours	Scolaire	Constr. Neuve	RPI	OS_2020	2025-01-03 10:52:39.521624+03	2894
2009	… / MEN/PRMP-Tx/2020	12	Ense NIRINA T	034 45 639 40	180	Scolaire	Constr. Neuve	RPI	OS_2022	2025-01-03 10:52:39.53192+03	2895
2010	… / MEN/PRMP-Tx/2020	2	LENO	327489519	90 Jours	Scolaire	Constr. Neuve	RPI	OS_2020	2025-01-03 10:52:39.543896+03	2896
2011	… / MEN/PRMP-Tx/2020	2	LENO	327489519	90 Jours	Scolaire	Constr. Neuve	RPI	OS_2020	2025-01-03 10:52:39.557398+03	2897
2012	… / MEN/PRMP-Tx/2020	12	Entreprise RAHARISOA	nan	60 jours	Scolaire	Constr. Neuve	RPI	OS_2020	2025-01-03 10:52:39.569689+03	2898
2013	… / MEN/PRMP-Tx/2020	2	Entreprise AVISOA	nan	90	Scolaire	Constr. Neuve	RPI	OS_2020	2025-01-03 10:52:39.585868+03	2899
2015	… / MEN/PRMP-Tx/2020	4	Entreprise RAOBELINA HARIMALALA	nan	100	Scolaire	Constr. Neuve	RPI	OS_2021	2025-01-03 10:52:39.609501+03	2901
2016	… / MEN/PRMP-Tx/2020	4	Entreprise RAOBELINA HARIMALALA	nan	100	Scolaire	Constr. Neuve	RPI	OS_2021	2025-01-03 10:52:39.620607+03	2902
2017	… / MEN/PRMP-Tx/2020	2	ENTREPRISE SOMEEIM	nan	nan	Scolaire	Constr. Neuve	RPI	OS_2020	2025-01-03 10:52:39.636367+03	2903
2018	… / MEN/PRMP-Tx/2020	2	ENTREPRISE NIRISOA	nan	nan	Scolaire	Constr. Neuve	RPI	OS_2020	2025-01-03 10:52:39.649966+03	2904
2019	… / MEN/PRMP-Tx/2020	2	Entreprise EDEN	nan	nan	Scolaire	Constr. Neuve	RPI	OS_2021	2025-01-03 10:52:39.662044+03	2905
2020	… / MEN/PRMP-Tx/2020	2	ENTREPRISE KOLOINA	nan	nan	Scolaire	Constr. Neuve	RPI	OS_2020	2025-01-03 10:52:39.675674+03	2906
2021	… / MEN/PRMP-Tx/2020	2	ENTREPRISE MBC	nan	nan	Scolaire	Constr. Neuve	RPI	OS_2023	2025-01-03 10:52:39.687641+03	2907
2022	… / MEN/PRMP-Tx/2020	12	Entreprise ANJOMBA 	nan	nan	Scolaire	Constr. Neuve	RPI	OS_2021	2025-01-03 10:52:39.701287+03	2908
2023	… / MEN/PRMP-Tx/2020	2	Entreprise HARY	348505122	90 Jours	Scolaire	Constr. Neuve	RPI	OS_2023	2025-01-03 10:52:39.714243+03	2909
2024	… / MEN/PRMP-Tx/2020	4	Entreprise NASRA	nan	nan	Scolaire	Constr. Neuve	RPI	OS_2023	2025-01-03 10:52:39.72621+03	2910
2025	… / MEN/PRMP-Tx/2020	12	Entreprise JAY	nan	nan	Scolaire	Constr. Neuve	RPI	OS_2023	2025-01-03 10:52:39.738178+03	2911
2026	… / MEN/PRMP-Tx/2020	4	Entreprise LUC 	nan	100	Scolaire	Constr. Neuve	RPI	OS_2023	2025-01-03 10:52:39.749663+03	2912
2027	… / MEN/PRMP-Tx/2020	2	RAZAFINDRAMANANA ERIKA LAI	nan	nan	Scolaire	Constr. Neuve	RPI	OS_2023	2025-01-03 10:52:39.762413+03	2913
2028	… / MEN/PRMP-Tx/2020	2	FANJANIRINA SYLVIA FENOSOA	nan	nan	Scolaire	Constr. Neuve	RPI	OS_2023	2025-01-03 10:52:39.774392+03	2914
2029	… / MEN/PRMP-Tx/2020	12	Entreprise NASRA	320426967	150 Jours	Scolaire	Constr. Neuve	RPI	OS_2020	2025-01-03 10:52:39.786717+03	2915
2030	… / MEN/PRMP-Tx/2020	2	Entreprise MIOTISOA	034 11 069 99	90 Jours	Scolaire	Constr. Neuve	RPI	OS_2020	2025-01-03 10:52:39.798859+03	2916
2031	… / MEN/PRMP-Tx/2020	2	Entreprise MIOTISOA	034 11 069 99	90 Jours	Scolaire	Constr. Neuve	RPI	OS_2020	2025-01-03 10:52:39.809662+03	2917
2032	… / MEN/PRMP-Tx/2020	4	Entreprise TSIORY	034 20 400 14	90 Jours	Scolaire	Constr. Neuve	RPI	OS_2021	2025-01-03 10:52:39.821467+03	2918
2033	… / MEN/PRMP-Tx/2020	4	ENTREPRISE RAMPANJATO	nan	nan	Scolaire	Constr. Neuve	RPI	OS_2020	2025-01-03 10:52:39.836924+03	2919
2034	… / MEN/PRMP-Tx/2020	12	Ese VALA BTP	nan	150	Scolaire	Constr. Neuve	RPI	OS_2021	2025-01-03 10:52:39.849493+03	2920
2035	… / MEN/PRMP-Tx/2020	2	Entreprise AMBELIA	nan	90 jours 	Scolaire	Constr. Neuve	RPI	OS_2020	2025-01-03 10:52:39.860519+03	2921
2036	… / MEN/PRMP-Tx/2020	2	Entreprise AMBELIA	nan	90 jours 	Scolaire	Constr. Neuve	RPI	OS_2020	2025-01-03 10:52:39.872539+03	2922
2037	… / MEN/PRMP-Tx/2020	4	EntrepriseBEANJARA	nan	90 jours 	Scolaire	Constr. Neuve	RPI	OS_2021	2025-01-03 10:52:39.883758+03	2923
1992	-MS/MEN/PRMP/Tvx/20 Sous lot n°IV- D .1b	2	e/se DANIEL	344559575	90	Scolaire	Constr. Neuve	RPI	OS_2020	2025-01-03 10:52:39.326522+03	2878
1993	-MS/MEN/PRMP/Tvx/20 Sous lot n°IV- D .1a	2	e/se DANIEL	344559575	90	Scolaire	Constr. Neuve	RPI	OS_2020	2025-01-03 10:52:39.337644+03	2879
2038	… / MEN/PRMP-Tx/2020	4	Entreprise SOA	nan	90 jours 	Scolaire	Constr. Neuve	RPI	OS_2021	2025-01-03 10:52:39.894814+03	2924
2039	… / MEN/PRMP-Tx/2020	4	Entreprise ANJOMBA 	nan	nan	Scolaire	Constr. Neuve	RPI	OS_2021	2025-01-03 10:52:39.908325+03	2925
2040	… / MEN/PRMP-Tx/2020	12	Ese RASOAVELONIAINA	nan	nan	Scolaire	Constr. Neuve	RPI	OS_2021	2025-01-03 10:52:39.920611+03	2926
2041	… / MEN/PRMP-Tx/2020	12	R.Haja Aimé	034 60 558 14	150	Scolaire	Constr. Neuve	RPI	OS_2022	2025-01-03 10:52:39.933389+03	2927
2042	… / MEN/PRMP-Tx/2020	2	Entreprise IDEAL	347078200	90 jours	Scolaire	Constr. Neuve	RPI	OS_2022	2025-01-03 10:52:39.947628+03	2928
2043	… / MEN/PRMP-Tx/2020	2	Entreprise IDEAL	347078200	90 jours	Scolaire	Constr. Neuve	RPI	OS_2022	2025-01-03 10:52:39.958791+03	2929
2044	… / MEN/PRMP-Tx/2020	2	Entreprise ECB	034 02 444 40	100 jours	Scolaire	Constr. Neuve	RPI	OS_2021	2025-01-03 10:52:39.970028+03	2930
2045	… / MEN/PRMP-Tx/2020	2	Entreprise ETRO	034 02 444 40	100 jours	Scolaire	Constr. Neuve	RPI	OS_2021	2025-01-03 10:52:39.982576+03	2931
2046	… / MEN/PRMP-Tx/2020	12	Entreprise TSIMANAVAKA	nan	nan	Scolaire	Constr. Neuve	RPI	OS_2021	2025-01-03 10:52:39.994282+03	2932
2047	… / MEN/PRMP-Tx/2020	4	Entreprise MIHAJA 	034 15 065 87	100 jours	Scolaire	Constr. Neuve	RPI	OS_2023	2025-01-03 10:52:40.00639+03	2933
2048	… / MEN/PRMP-Tx/2020	2	Entreprise JASON	347093700	100 jours	Scolaire	Constr. Neuve	RPI	OS_2020	2025-01-03 10:52:40.018357+03	2934
2049	… / MEN/PRMP-Tx/2020	2	Entreprise ECB	034 02 444 40	100 jours	Scolaire	Constr. Neuve	RPI	OS_2021	2025-01-03 10:52:40.02935+03	2935
2050	… / MEN/PRMP-Tx/2020	2	Entreprise ETRO	034 02 444 40	100 jours	Scolaire	Constr. Neuve	RPI	OS_2021	2025-01-03 10:52:40.041316+03	2936
2051	… / MEN/PRMP-Tx/2020	4	Entreprise ANDRIAMAROTIA Ludovic Edmond                    \n	nan	nan	Scolaire	Constr. Neuve	RPI	OS_2021	2025-01-03 10:52:40.053295+03	2937
2052	… / MEN/PRMP-Tx/2020	2	Entreprise ZANAMIADANA ZICO\n	nan	nan	Scolaire	Constr. Neuve	RPI	OS_2024	2025-01-03 10:52:40.06575+03	2938
2053	… / MEN/PRMP-Tx/2020	4	Entreprise MIHAJA 	nan	nan	Scolaire	Constr. Neuve	RPI	OS_2024	2025-01-03 10:52:40.07744+03	2939
2054	… / MEN/PRMP-Tx/2020	12	Entreprise EHS	nan	nan	Scolaire	Constr. Neuve	RPI	OS_2023	2025-01-03 10:52:40.090428+03	2940
2055	… / MEN/PRMP-Tx/2020	2	ENTREPRISE ROVA	344562879	90 jours	Scolaire	Constr. Neuve	RPI	OS_2020	2025-01-03 10:52:40.102948+03	2941
2056	… / MEN/PRMP-Tx/2020	2	ENTREPRISE RAHARIMANGA ANGELE	340114922	90 jours	Scolaire	Constr. Neuve	RPI	OS_2020	2025-01-03 10:52:40.114639+03	2942
2057	… / MEN/PRMP-Tx/2020	4	Entreprise RAHARIMANGA	340114922	90 jours	Scolaire	Constr. Neuve	RPI	OS_2021	2025-01-03 10:52:40.125663+03	2943
2058	… / MEN/PRMP-Tx/2020	2	Entreprise NASRA	342721066	90	Scolaire	Constr. Neuve	RPI	OS_2020	2025-01-03 10:52:40.139615+03	2944
2059	… / MEN/PRMP-Tx/2020	4	Entreprise BITENY DIANE	349677824	100	Scolaire	Constr. Neuve	RPI	OS_2021	2025-01-03 10:52:40.152625+03	2945
2060	… / MEN/PRMP-Tx/2020	2	Entreprise NASRA	342721066	90	Scolaire	Constr. Neuve	RPI	OS_2020	2025-01-03 10:52:40.164598+03	2946
2062	… / MEN/PRMP-Tx/2020	2	Entreprise CHEZ HONORAT	'0320466033	90 Jours	Scolaire	Constr. Neuve	RPI	OS_2020	2025-01-03 10:52:40.188664+03	2948
2063	… / MEN/PRMP-Tx/2020	4	Entreprise NASRA	0342721066	100 Jours	Scolaire	Constr. Neuve	RPI	OS_2021	2025-01-03 10:52:40.200923+03	2949
2064	… / MEN/PRMP-Tx/2020	2	Entreprise HARIZAKA	383895425	90 jours	Scolaire	Constr. Neuve	RPI	OS_2021	2025-01-03 10:52:40.212363+03	2950
2065	… / MEN/PRMP-Tx/2020	2	Entreprise HARIZAKA	383895425	90 jours	Scolaire	Constr. Neuve	RPI	OS_2021	2025-01-03 10:52:40.224844+03	2951
2066	… / MEN/PRMP-Tx/2020	2	Entreprise RATSIMIZIVA	nan	nan	Scolaire	Constr. Neuve	RPI	OS_2023	2025-01-03 10:52:40.237267+03	2952
2067	… / MEN/PRMP-Tx/2020	2	Entreprise RAMANAMITSIRY	nan	nan	Scolaire	Constr. Neuve	RPI	OS_2023	2025-01-03 10:52:40.248462+03	2953
2068	… / MEN/PRMP-Tx/2020	12	Ese VALA BTP	nan	150 jours	Scolaire	Constr. Neuve	RPI	OS_2021	2025-01-03 10:52:40.258008+03	2954
2069	… / MEN/PRMP-Tx/2020	2	ENTREPRISE NIRISOA	nan	nan	Scolaire	Constr. Neuve	RPI	OS_2020	2025-01-03 10:52:40.270428+03	2955
2070	… / MEN/PRMP-Tx/2020	4	Entreprise FIFALIANA	nan	nan	Scolaire	Constr. Neuve	RPI	OS_2021	2025-01-03 10:52:40.284389+03	2956
2071	… / MEN/PRMP-Tx/2020	4	Entreprise MENDRIKINIAINA	nan	nan	Scolaire	Constr. Neuve	RPI	OS_2022	2025-01-03 10:52:40.296358+03	2957
2072	… / MEN/PRMP-Tx/2020	4	Entreprise MENDRIKINIAINA	nan	nan	Scolaire	Constr. Neuve	RPI	OS_2021	2025-01-03 10:52:40.30738+03	2958
2073	… / MEN/PRMP-Tx/2020	2	ENTREPRISE SOMEEIM	nan	nan	Scolaire	Constr. Neuve	RPI	OS_2020	2025-01-03 10:52:40.318915+03	2959
2074	… / MEN/PRMP-Tx/2020	2	Entreprise Fanomezanjanahary	343197592	90 jours	Scolaire	Constr. Neuve	RPI	OS_2020	2025-01-03 10:52:40.332794+03	2960
2075	… / MEN/PRMP-Tx/2020	4	Entreprise MIHAJA 	034 15 065 87	100 jours	Scolaire	Constr. Neuve	RPI	OS_2022	2025-01-03 10:52:40.344171+03	2961
2076	… / MEN/PRMP-Tx/2020	4	Entreprise JONASTIN\n	nan	nan	Scolaire	Constr. Neuve	RPI	OS_2023	2025-01-03 10:52:40.356932+03	2962
2077	… / MEN/PRMP-Tx/2020	12	Entreprise RABEANDALANA	nan	60 jours	Scolaire	Constr. Neuve	RPI	OS_2020	2025-01-03 10:52:40.371319+03	2963
2078	… / MEN/PRMP-Tx/2020	24	Ese FIHARY	nan	nan	Scolaire	Constr. Neuve	RPI	OS_2022	2025-01-03 10:52:40.382299+03	2964
2079	… / MEN/PRMP-Tx/2020	12	ENTREPRISE LONGOMAMY	0342034464	60 Jours	Scolaire	Constr. Neuve	RPI	OS_2022	2025-01-03 10:52:40.393763+03	2965
2080	… / MEN/PRMP-Tx/2020	2	ENTREPRISE TAMBATRA	nan	nan	Scolaire	Constr. Neuve	RPI	OS_2020	2025-01-03 10:52:40.405747+03	2966
2081	… / MEN/PRMP-Tx/2020	2	Entreprise EDEN	nan	nan	Scolaire	Constr. Neuve	RPI	OS_2022	2025-01-03 10:52:40.417254+03	2967
2082	… / MEN/PRMP-Tx/2020	2	ENTREPRISE NIRISOA	nan	nan	Scolaire	Constr. Neuve	RPI	OS_2020	2025-01-03 10:52:40.429326+03	2968
2083	… / MEN/PRMP-Tx/2020	2	ENTREPRISE HERILALA	341776948	90 jours	Scolaire	Constr. Neuve	RPI	OS_2020	2025-01-03 10:52:40.4422+03	2969
2084	… / MEN/PRMP-Tx/2020	2	ENTREPRISE LALASOA	340605453	90 jours	Scolaire	Constr. Neuve	RPI	OS_2020	2025-01-03 10:52:40.454336+03	2970
2085	… / MEN/PRMP-Tx/2020	4	Entreprise MAGIC SA	342733842	nan	Scolaire	Constr. Neuve	RPI	OS_2021	2025-01-03 10:52:40.466227+03	2971
2086	… / MEN/PRMP-Tx/2020	4	Entreprise RAMANAMITSIRY	nan	nan	Scolaire	Constr. Neuve	RPI	OS_2022	2025-01-03 10:52:40.477291+03	2972
2087	… / MEN/PRMP-Tx/2020	12	Société MITEA	nan	60Jours	Scolaire	Constr. Neuve	RPI	OS_2022	2025-01-03 10:52:40.491471+03	2973
2088	… / MEN/PRMP-Tx/2020	2	Entreprise CHEZ HONORAT	'0320466033	90 Jours	Scolaire	Constr. Neuve	RPI	OS_2020	2025-01-03 10:52:40.504543+03	2974
2089	… / MEN/PRMP-Tx/2020	2	Entreprise CHEZ HONORAT	'0320466033	90 Jours	Scolaire	Constr. Neuve	RPI	OS_2020	2025-01-03 10:52:40.516343+03	2975
2090	… / MEN/PRMP-Tx/2020	2	Entreprise ECG MAZAVA	nan	nan	Scolaire	Constr. Neuve	RPI	OS_2023	2025-01-03 10:52:40.528534+03	2976
2091	… / MEN/PRMP-Tx/2020	2	LUCIEN HARIVELO FEFARISOA	nan	90 jours	Scolaire	Constr. Neuve	RPI	OS_2020	2025-01-03 10:52:40.540678+03	2977
2092	… / MEN/PRMP-Tx/2020	2	LUCIEN HARIVELO FEFARISOA	nan	90 jours	Scolaire	Constr. Neuve	RPI	OS_2020	2025-01-03 10:52:40.552705+03	2978
2093	… / MEN/PRMP-Tx/2020	2	ENTREPRISE KOLOINA	nan	nan	Scolaire	Constr. Neuve	RPI	OS_2020	2025-01-03 10:52:40.564923+03	2979
2094	… / MEN/PRMP-Tx/2020	2	ENTREPRISE SOMEEIM	nan	nan	Scolaire	Constr. Neuve	RPI	OS_2020	2025-01-03 10:52:40.576584+03	2980
2095	… / MEN/PRMP-Tx/2020	2	ENTREPRISE NAMOASOA	nan	nan	Scolaire	Constr. Neuve	RPI	OS_2020	2025-01-03 10:52:40.588601+03	2981
2096	… / MEN/PRMP-Tx/2020	2	ENTREPRISE TAMBATRA	nan	nan	Scolaire	Constr. Neuve	RPI	OS_2020	2025-01-03 10:52:40.599848+03	2982
2097	… / MEN/PRMP-Tx/2020	2	ENTREPRISE SOMEEIM	nan	nan	Scolaire	Constr. Neuve	RPI	OS_2020	2025-01-03 10:52:40.611093+03	2983
2098	… / MEN/PRMP-Tx/2020	2	ENTREPRISE COGELEC	nan	nan	Scolaire	Constr. Neuve	RPI	OS_2020	2025-01-03 10:52:40.623618+03	2984
2099	… / MEN/PRMP-Tx/2020	2	ENTREPRISE HRC	nan	nan	Scolaire	Constr. Neuve	RPI	OS_2020	2025-01-03 10:52:40.636237+03	2985
2100	… / MEN/PRMP-Tx/2020	12	Entreprise NARINDRARIMBAVAKA	nan	150 Jours	Scolaire	Constr. Neuve	RPI	OS_2023	2025-01-03 10:52:40.649733+03	2986
2101	… / MEN/PRMP-Tx/2020	2	ENTREPRISE TAMBATRA	nan	nan	Scolaire	Constr. Neuve	RPI	OS_2020	2025-01-03 10:52:40.660731+03	2987
2102	… / MEN/PRMP-Tx/2020	2	ENTREPRISE NIRISOA	nan	nan	Scolaire	Constr. Neuve	RPI	OS_2020	2025-01-03 10:52:40.673466+03	2988
2103	… / MEN/PRMP-Tx/2020	2	ENTREPRISE SOMEEIM	nan	nan	Scolaire	Constr. Neuve	RPI	OS_2020	2025-01-03 10:52:40.685965+03	2989
2104	… / MEN/PRMP-Tx/2020	2	ENTREPRISE NIRISOA	nan	nan	Scolaire	Constr. Neuve	RPI	OS_2020	2025-01-03 10:52:40.698012+03	2990
2105	… / MEN/PRMP-Tx/2020	2	ENTREPRISE COGELEC	nan	nan	Scolaire	Constr. Neuve	RPI	OS_2020	2025-01-03 10:52:40.70906+03	2991
2106	… / MEN/PRMP-Tx/2020	2	ENTREPRISE KOLOINA	nan	nan	Scolaire	Constr. Neuve	RPI	OS_2020	2025-01-03 10:52:40.720515+03	2992
2107	… / MEN/PRMP-Tx/2020	12	Entreprise MAHERY TIANA	nan	nan	Scolaire	Constr. Neuve	RPI	OS_2021	2025-01-03 10:52:40.731403+03	2993
2108	… / MEN/PRMP-Tx/2020	4	Entreprise MAGIC SA	nan	nan	Scolaire	Constr. Neuve	RPI	OS_2021	2025-01-03 10:52:40.744914+03	2994
2109	… / MEN/PRMP-Tx/2020	12	Entreprise TSIMANAVAKA	nan	nan	Scolaire	Constr. Neuve	RPI	OS_2021	2025-01-03 10:52:40.75766+03	2995
2110	… / MEN/PRMP-Tx/2020	12	Ese NECOBA	nan	nan	Scolaire	Constr. Neuve	RPI	OS_2021	2025-01-03 10:52:40.770463+03	2996
2111	… / MEN/PRMP-Tx/2020	2	Entreprise voahirana	0341207711/0349926019	120	Scolaire	Constr. Neuve	RPI	OS_2020	2025-01-03 10:52:40.78194+03	2997
2112	… / MEN/PRMP-Tx/2020	2	Entreprise voahirana	0341207711/0349926019	120	Scolaire	Constr. Neuve	RPI	OS_2020	2025-01-03 10:52:40.794621+03	2998
2113	… / MEN/PRMP-Tx/2020	12	ENTREPRISE LONGOMAMY	0342034464	60 Jours	Scolaire	Constr. Neuve	RPI	OS_2022	2025-01-03 10:52:40.806779+03	2999
2114	… / MEN/PRMP-Tx/2020	2	Entreprise voahirana	0341207711/0349926019	120	Scolaire	Constr. Neuve	RPI	OS_2020	2025-01-03 10:52:40.820334+03	3000
2115	… / MEN/PRMP-Tx/2020	2	COMPTOIR GENERAL DE CAB	034 02 064 03	120	Scolaire	Constr. Neuve	RPI	OS_2020	2025-01-03 10:52:40.83333+03	3001
2116	… / MEN/PRMP-Tx/2020	2	REDSTATE SARL	'0346958505	120	Scolaire	Constr. Neuve	RPI	OS_2020	2025-01-03 10:52:40.844248+03	3002
2117	… / MEN/PRMP-Tx/2020	2	COMPTOIR GENERAL DE CAB	034 02 064 03	120	Scolaire	Constr. Neuve	RPI	OS_2020	2025-01-03 10:52:40.856246+03	3003
2118	… / MEN/PRMP-Tx/2020	4	Entreprise LICA BUILDING	034 12 535 57	150	Scolaire	Constr. Neuve	RPI	OS_2021	2025-01-03 10:52:40.868716+03	3004
2119	… / MEN/PRMP-Tx/2020	4	Entreprise COGECAB	034 02 064 03	150	Scolaire	Constr. Neuve	RPI	OS_2021	2025-01-03 10:52:40.883237+03	3005
2120	… / MEN/PRMP-Tx/2020	12	Entreprise CONSTRUMAD	345584231	150 jours	Scolaire	Constr. Neuve	RPI	OS_2023	2025-01-03 10:52:40.898199+03	3006
2121	… / MEN/PRMP-Tx/2020	2	SODIMEX SARL	33660245568	90 Jours	Scolaire	Constr. Neuve	RPI	OS_2020	2025-01-03 10:52:40.912646+03	3007
2122	… / MEN/PRMP-Tx/2020	2	SODIMEX SARL	33660245568	90 Jours	Scolaire	Constr. Neuve	RPI	OS_2020	2025-01-03 10:52:40.926672+03	3008
2123	… / MEN/PRMP-Tx/2020	24	Ese NOMENTSOA	034 76 503 81	180	Scolaire	Constr. Neuve	RPI	OS_2022	2025-01-03 10:52:40.942416+03	3009
2124	… / MEN/PRMP-Tx/2020	2	SODIMEX SARL	33660245568	90 Jours	Scolaire	Constr. Neuve	RPI	OS_2020	2025-01-03 10:52:40.959133+03	3010
2125	… / MEN/PRMP-Tx/2020	2	LENO	327489519	90 Jours	Scolaire	Constr. Neuve	RPI	OS_2020	2025-01-03 10:52:40.975194+03	3011
2126	… / MEN/PRMP-Tx/2020	2	Entreprise LES CONSTRUCTEURS	343726827	90 Jours	Scolaire	Constr. Neuve	RPI	OS_2021	2025-01-03 10:52:40.992435+03	3012
2127	… / MEN/PRMP-Tx/2020	4	Entreprise NIARY	340524168	90 Jours	Scolaire	Constr. Neuve	RPI	OS_2021	2025-01-03 10:52:41.007431+03	3013
2129	… / MEN/PRMP-Tx/2020	2	Entreprise NASRA	342721066	60	Scolaire	Constr. Neuve	RPI	OS_2020	2025-01-03 10:52:41.042491+03	3015
2130	… / MEN/PRMP-Tx/2020	12	Entreprise EHS	033 09 683 65	180	Scolaire	Constr. Neuve	RPI	OS_2023	2025-01-03 10:52:41.05962+03	3016
2131	… / MEN/PRMP-Tx/2020	12	Entreprise ANTONIA	340213507	150	Scolaire	Constr. Neuve	RPI	OS_2020	2025-01-03 10:52:41.077503+03	3017
2132	… / MEN/PRMP-Tx/2020	12	Entreprise SCORF	nan	150	Scolaire	Constr. Neuve	RPI	OS_2022	2025-01-03 10:52:41.095335+03	3018
2133	… / MEN/PRMP-Tx/2020	2	ENTREPRISE  AN’I AVO	332407493	cquatre vingt dix jours(90)	Scolaire	Constr. Neuve	RPI	OS_2020	2025-01-03 10:52:41.114581+03	3019
2134	… / MEN/PRMP-Tx/2020	2	ENTREPRISE  AN’I AVO	332407493	cquatre vingt dix jours(90)	Scolaire	Constr. Neuve	RPI	OS_2020	2025-01-03 10:52:41.1314+03	3020
2135	… / MEN/PRMP-Tx/2020	12	Ese ALD	nan	150 jours	Scolaire	Constr. Neuve	RPI	OS_2021	2025-01-03 10:52:41.148953+03	3021
2136	… / MEN/PRMP-Tx/2020	2	Entreprise NASRA	342721066	90	Scolaire	Constr. Neuve	RPI	OS_2020	2025-01-03 10:52:41.165303+03	3022
2137	… / MEN/PRMP-Tx/2020	2	Entreprise NASRA	342721066	90	Scolaire	Constr. Neuve	RPI	OS_2020	2025-01-03 10:52:41.1815+03	3023
2138	… / MEN/PRMP-Tx/2020	4	ENTREPRISE LITO	nan	nan	Scolaire	Constr. Neuve	RPI	OS_2020	2025-01-03 10:52:41.199214+03	3024
2139	… / MEN/PRMP-Tx/2020	4	E/se MOHAMED RAFIK	nan	nan	Scolaire	Constr. Neuve	RPI	OS_2020	2025-01-03 10:52:41.216235+03	3025
2140	… / MEN/PRMP-Tx/2020	2	ENTREPRISE HASSIM	340710302	90	Scolaire	Constr. Neuve	RPI	OS_2020	2025-01-03 10:52:41.232567+03	3026
2141	… / MEN/PRMP-Tx/2020	4	Entreprise HARY	340213507	90	Scolaire	Constr. Neuve	RPI	OS_2021	2025-01-03 10:52:41.248331+03	3027
2142	… / MEN/PRMP-Tx/2020	2	ENTREPRISE AS	nan	90 jours	Scolaire	Constr. Neuve	RPI	OS_2020	2025-01-03 10:52:41.269444+03	3028
2143	… / MEN/PRMP-Tx/2020	2	ENTREPRISE AS	nan	90 jours	Scolaire	Constr. Neuve	RPI	OS_2020	2025-01-03 10:52:41.285556+03	3029
2144	… / MEN/PRMP-Tx/2020	12	Ese ALD	nan	150 jours	Scolaire	Constr. Neuve	RPI	OS_2021	2025-01-03 10:52:41.303786+03	3030
2145	… / MEN/PRMP-Tx/2020	2	Entreprise ZEFANIA	nan	90 jours 	Scolaire	Constr. Neuve	RPI	OS_2020	2025-01-03 10:52:41.31969+03	3031
2146	… / MEN/PRMP-Tx/2020	2	Entreprise BEANJARA	nan	90 jours 	Scolaire	Constr. Neuve	RPI	OS_2021	2025-01-03 10:52:41.334529+03	3032
2147	… / MEN/PRMP-Tx/2020	2	Entreprise BEANJARA	nan	90 jours 	Scolaire	Constr. Neuve	RPI	OS_2021	2025-01-03 10:52:41.351674+03	3033
2148	… / MEN/PRMP-Tx/2020	4	Entreprise LONGOMAMY	 033 03 344 64\n034 02 344 64	90 Jours	Scolaire	Constr. Neuve	RPI	OS_2021	2025-01-03 10:52:41.371293+03	3034
2149	… / MEN/PRMP-Tx/2020	4	Entreprise LONGOMAMY	 033 03 344 64\n034 02 344 64	90 Jours	Scolaire	Constr. Neuve	RPI	OS_2021	2025-01-03 10:52:41.391305+03	3035
2150	… / MEN/PRMP-Tx/2020	2	Entreprise  NIMRODE	nan	90 Jours	Scolaire	Constr. Neuve	RPI	OS_2020	2025-01-03 10:52:41.407853+03	3036
2151	… / MEN/PRMP-Tx/2020	2	Entreprise ZEFANIA	nan	90 jours 	Scolaire	Constr. Neuve	RPI	OS_2020	2025-01-03 10:52:41.42457+03	3037
2152	… / MEN/PRMP-Tx/2020	2	Entreprise NARINDRA	nan	90 jours 	Scolaire	Constr. Neuve	RPI	OS_2020	2025-01-03 10:52:41.441433+03	3038
2153	… / MEN/PRMP-Tx/2020	4	Entreprise JOSEPH	nan	90 jours 	Scolaire	Constr. Neuve	RPI	OS_2021	2025-01-03 10:52:41.456857+03	3039
2154	… / MEN/PRMP-Tx/2020	4	Entreprise JOSEPH	nan	90 jours 	Scolaire	Constr. Neuve	RPI	OS_2021	2025-01-03 10:52:41.474916+03	3040
2155	… / MEN/PRMP-Tx/2020	4	Entreprise JOSEPH	nan	150 jours	Scolaire	Constr. Neuve	RPI	OS_2021	2025-01-03 10:52:41.49249+03	3041
2156	… / MEN/PRMP-Tx/2020	2	Entreprise HAY BTP	349066513	90 jours	Scolaire	Constr. Neuve	RPI	OS_2020	2025-01-03 10:52:41.512076+03	3042
2157	… / MEN/PRMP-Tx/2020	2	Entreprise SYLVIANE	345176306	90 jours	Scolaire	Constr. Neuve	RPI	OS_2020	2025-01-03 10:52:41.532277+03	3043
2158	… / MEN/PRMP-Tx/2020	4	Entreprise VINTANTSOA	nan	nan	Scolaire	Constr. Neuve	RPI	OS_2021	2025-01-03 10:52:41.550485+03	3044
2159	… / MEN/PRMP-Tx/2020	4	Entreprise MIHAJA 	034 15 065 87	100 jours	Scolaire	Constr. Neuve	RPI	OS_2023	2025-01-03 10:52:41.566544+03	3045
2160	… / MEN/PRMP-Tx/2020	4	Entreprise ELICOM	nan	nan	Scolaire	Constr. Neuve	RPI	OS_2021	2025-01-03 10:52:41.580608+03	3046
2161	… / MEN/PRMP-Tx/2020	24	Ese ROMANUS	345394036	180	Scolaire	Constr. Neuve	RPI	OS_2022	2025-01-03 10:52:41.596212+03	3047
2162	… / MEN/PRMP-Tx/2020	2	Entreprise JDA	0346380408/0340013035	120	Scolaire	Constr. Neuve	RPI	OS_2020	2025-01-03 10:52:41.611491+03	3048
2163	… / MEN/PRMP-Tx/2020	2	Entreprise JDA	0346380408/0340013035	120	Scolaire	Constr. Neuve	RPI	OS_2020	2025-01-03 10:52:41.624993+03	3049
2164	… / MEN/PRMP-Tx/2020	4	Entreprise ANDRIAMAROTIA Ludovic Edmond	034 15 065 87	100 jours	Scolaire	Constr. Neuve	RPI	OS_2021	2025-01-03 10:52:41.639075+03	3050
2165	… / MEN/PRMP-Tx/2020	4	Entreprise MIHAJA 	034 15 065 87	100 jours	Scolaire	Constr. Neuve	RPI	OS_2021	2025-01-03 10:52:41.652553+03	3051
2166	… / MEN/PRMP-Tx/2020	4	Entreprise MIHAJA 	034 15 065 87	100 jours	Scolaire	Constr. Neuve	RPI	OS_2021	2025-01-03 10:52:41.666249+03	3052
2167	… / MEN/PRMP-Tx/2020	2	Entreprise MILLENIUM\n	343318314	100 jours	Scolaire	Constr. Neuve	RPI	OS_2023	2025-01-03 10:52:41.680139+03	3053
2168	… / MEN/PRMP-Tx/2022	12	Entreprise IMG	nan	150 jours	Scolaire	Constr. Neuve	RPI	OS_2023	2025-01-03 10:52:41.694301+03	3054
2169	… / MEN/PRMP-Tx/2020	4	Entreprise SOAVINTANA	nan	nan	Scolaire	Constr. Neuve	RPI	OS_2023	2025-01-03 10:52:41.708264+03	3055
2170	… / MEN/PRMP-Tx/2020	12	Entreprise FANOMEZANA	320457022	150 Jours	Scolaire	Constr. Neuve	RPI	OS_2020	2025-01-03 10:52:41.720723+03	3056
2171	… / MEN/PRMP-Tx/2020	12	Entreprise MILLENIUM\n	343318314	150 jours	Scolaire	Constr. Neuve	RPI	OS_2023	2025-01-03 10:52:41.732691+03	3057
2172	… / MEN/PRMP-Tx/2020	2	Entreprise SYLVIANNE 	nan	90	Scolaire	Constr. Neuve	RPI	OS_2020	2025-01-03 10:52:41.746504+03	3058
2174	… / MEN/PRMP-Tx/2020	2	e/se VAGNONA 	349737271	90	Scolaire	Constr. Neuve	RPI	OS_2020	2025-01-03 10:52:41.77469+03	3060
2175	… / MEN/PRMP-Tx/2020	2	E/SE VAGNONA 	349737271	90	Scolaire	Constr. Neuve	RPI	OS_2020	2025-01-03 10:52:41.787114+03	3061
2176	… / MEN/PRMP-Tx/2020	12	Entreprise IMG	340521570	150 jours	Scolaire	Constr. Neuve	RPI	OS_2020	2025-01-03 10:52:41.801802+03	3062
2177	… / MEN/PRMP-Tx/2020	2	Entreprise CONSTRUMAD	nan	nan	Scolaire	Constr. Neuve	RPI	OS_2023	2025-01-03 10:52:41.816919+03	3063
2178	… / MEN/PRMP-Tx/2020	2	Entreprise CONSTRUMAD	nan	nan	Scolaire	Constr. Neuve	RPI	OS_2023	2025-01-03 10:52:41.830715+03	3064
2179	… / MEN/PRMP-Tx/2020	12	Société Immobilière Fanomezantsoa	nan	nan	Scolaire	Constr. Neuve	RPI	OS_2020	2025-01-03 10:52:41.84554+03	3065
2180	… / MEN/PRMP-Tx/2020	2	Entreprise GROUPE MITOU	nan	nan	Scolaire	Constr. Neuve	RPI	OS_2020	2025-01-03 10:52:41.858692+03	3066
2181	… / MEN/PRMP-Tx/2020	4	Entreprise RAVAOARIMANANA LOVASOA JOHANESA	346976905	nan	Scolaire	Constr. Neuve	RPI	OS_2021	2025-01-03 10:52:41.870662+03	3067
2182	… / MEN/PRMP-Tx/2020	2	ENTREPRISE KINGA	nan	nan	Scolaire	Constr. Neuve	RPI	OS_2020	2025-01-03 10:52:41.885362+03	3068
2183	… / MEN/PRMP-Tx/2020	12	Ese SIF	034 05 174 13	150 Jours	Scolaire	Constr. Neuve	RPI	OS_2022	2025-01-03 10:52:41.898701+03	3069
2184	… / MEN/PRMP-Tx/2020	4	Entreprise INTERPRO – TECH	034 03 884 79	nan	Scolaire	Constr. Neuve	RPI	OS_2021	2025-01-03 10:52:41.910926+03	3070
2185	… / MEN/PRMP-Tx/2020	2	Entreprise MANAMBINA	nan	nan	Scolaire	Constr. Neuve	RPI	OS_2022	2025-01-03 10:52:41.924473+03	3071
2186	… / MEN/PRMP-Tx/2020	2	Entreprise ENINJARA 	nan	nan	Scolaire	Constr. Neuve	RPI	OS_2023	2025-01-03 10:52:41.938139+03	3072
2187	… / MEN/PRMP-Tx/2020	4	ENTREPRISE NARISOA ROGINE	nan	nan	Scolaire	Constr. Neuve	RPI	OS_2024	2025-01-03 10:52:41.953975+03	3073
2188	… / MEN/PRMP-Tx/2020	12	Entreprise Mon Tresor	034 99 654 71	180	Scolaire	Constr. Neuve	RPI	OS_2022	2025-01-03 10:52:41.970272+03	3074
2189	… / MEN/PRMP-Tx/2020	2	ENTREPRISE MANANJARA	nan	90 jours	Scolaire	Constr. Neuve	RPI	OS_2020	2025-01-03 10:52:41.984401+03	3075
2190	… / MEN/PRMP-Tx/2020	2	ENTREPRISE MANANJARA	nan	90 jours	Scolaire	Constr. Neuve	RPI	OS_2020	2025-01-03 10:52:41.998363+03	3076
2191	… / MEN/PRMP-Tx/2020	4	Entreprise RAMANANA	348530506	90 jours	Scolaire	Constr. Neuve	RPI	OS_2023	2025-01-03 10:52:42.01159+03	3077
2192	… / MEN/PRMP-Tx/2020	12	Ese MANAMBINA	nan	150 jours	Scolaire	Constr. Neuve	RPI	OS_2021	2025-01-03 10:52:42.027549+03	3078
2193	… / MEN/PRMP-Tx/2020	2	SOMEEIM SARL 	0344467508	120	Scolaire	Constr. Neuve	RPI	OS_2020	2025-01-03 10:52:42.041529+03	3079
2194	… / MEN/PRMP-Tx/2020	4	Entreprise LICA BUILDING	034 12 535 57	150	Scolaire	Constr. Neuve	RPI	OS_2021	2025-01-03 10:52:42.056989+03	3080
2195	… / MEN/PRMP-Tx/2020	12	Ese LONGOMAMY	nan	60 jours	Scolaire	Constr. Neuve	RPI	OS_2024	2025-01-03 10:52:42.070952+03	3081
2196	… / MEN/PRMP-Tx/2020	2	Entreprise CONSTRUMAD	340777074	90 Jours	Scolaire	Constr. Neuve	RPI	OS_2020	2025-01-03 10:52:42.085018+03	3082
2197	… / MEN/PRMP-Tx/2020	2	Entreprise CONSTRUMAD	340777074	90 Jours	Scolaire	Constr. Neuve	RPI	OS_2020	2025-01-03 10:52:42.09953+03	3083
2198	… / MEN/PRMP-Tx/2020	4	Entreprise CONSTRUMAD	nan	nan	Scolaire	Constr. Neuve	RPI	OS_2023	2025-01-03 10:52:42.113985+03	3084
2199	… / MEN/PRMP-Tx/2020	2	Entreprise MIHARY	nan	nan	Scolaire	Constr. Neuve	RPI	OS_2020	2025-01-03 10:52:42.129714+03	3085
2200	… / MEN/PRMP-Tx/2020	2	GROUPEMENT HARY FENITRA	349531741	90 j	Scolaire	Constr. Neuve	RPI	OS_2020	2025-01-03 10:52:42.143297+03	3086
2201	… / MEN/PRMP-Tx/2020	2	Groupement MIHARY Entreprise et HARIFENITRA	349531741	90 j	Scolaire	Constr. Neuve	RPI	OS_2021	2025-01-03 10:52:42.157575+03	3087
2202	… / MEN/PRMP-Tx/2020	2	Groupement MIHARY Entreprise et HARIFENITRA	349531741	nan	Scolaire	Constr. Neuve	RPI	OS_2021	2025-01-03 10:52:42.172809+03	3088
2203	… / MEN/PRMP-Tx/2020	2	Groupement MIHARY Entreprise et HARIFENITRA	349531741	90 j	Scolaire	Constr. Neuve	RPI	OS_2021	2025-01-03 10:52:42.187235+03	3089
2204	… / MEN/PRMP-Tx/2020	2	Groupement MIHARY Entreprise et HARIFENITRA	349531741	nan	Scolaire	Constr. Neuve	RPI	OS_2021	2025-01-03 10:52:42.202333+03	3090
2205	… / MEN/PRMP-Tx/2020	12	Entreprise RANDRIANIRAINY Samy Jaona	nan	nan	Scolaire	Constr. Neuve	RPI	OS_2020	2025-01-03 10:52:42.213313+03	3091
2206	… / MEN/PRMP-Tx/2020	12	Entreprise R. Annie	nan	60 Jours	Scolaire	Constr. Neuve	RPI	OS_2020	2025-01-03 10:52:42.231014+03	3092
2207	… / MEN/PRMP-Tx/2020	12	Ese R.Vojanahary	nan	90 jours	Scolaire	Constr. Neuve	RPI	OS_2022	2025-01-03 10:52:42.248953+03	3093
2208	… / MEN/PRMP-Tx/2020	2	Entreprise HASSIM	nan	90 jours	Scolaire	Constr. Neuve	RPI	OS_2020	2025-01-03 10:52:42.259922+03	3094
2209	… / MEN/PRMP-Tx/2020	2	Entreprise ANJARASOA	nan	90 jours	Scolaire	Constr. Neuve	RPI	OS_2020	2025-01-03 10:52:42.273483+03	3095
2210	… / MEN/PRMP-Tx/2020	2	Entreprise MANAMBINA	nan	nan	Scolaire	Constr. Neuve	RPI	OS_2020	2025-01-03 10:52:42.286503+03	3096
2211	… / MEN/PRMP-Tx/2020	2	FANJANIRINA SYLVIA FENOSOA	nan	nan	Scolaire	Constr. Neuve	RPI	OS_2023	2025-01-03 10:52:42.300843+03	3097
2212	… / MEN/PRMP-Tx/2020	2	Entreprise COGELEC	331160391	90 jours	Scolaire	Constr. Neuve	RPI	OS_2020	2025-01-03 10:52:42.316327+03	3098
2213	… / MEN/PRMP-Tx/2020	2	Entreprise COGELEC	331160391	90 jours	Scolaire	Constr. Neuve	RPI	OS_2020	2025-01-03 10:52:42.331014+03	3099
2214	… / MEN/PRMP-Tx/2020	4	Entreprise TSARA	nan	nan	Scolaire	Constr. Neuve	RPI	OS_2021	2025-01-03 10:52:42.342386+03	3100
2215	… / MEN/PRMP-Tx/2020	2	Entreprise RAVAOARIMANANA LOVASOA JOHANESA	nan	nan	Scolaire	Constr. Neuve	RPI	OS_2023	2025-01-03 10:52:42.357668+03	3101
2216	… / MEN/PRMP-Tx/2020	12	EGCAP	340145941	cent  vingt jours(120)	Scolaire	Constr. Neuve	RPI	OS_2021	2025-01-03 10:52:42.37147+03	3102
2217	… / MEN/PRMP-Tx/2020	2	Entreprise NAMBININA	342004899	90 jours	Scolaire	Constr. Neuve	RPI	OS_2020	2025-01-03 10:52:42.385313+03	3103
2218	… / MEN/PRMP-Tx/2020	2	Entreprise RAZANABELONA	340236886	90 jours	Scolaire	Constr. Neuve	RPI	OS_2020	2025-01-03 10:52:42.40025+03	3104
2219	… / MEN/PRMP-Tx/2020	4	Entreprise DOMBOLO	340778096	95 jours	Scolaire	Constr. Neuve	RPI	OS_2021	2025-01-03 10:52:42.414697+03	3105
2220	… / MEN/PRMP-Tx/2020	2	Entreprise SOAFANIRY\n	nan	nan	Scolaire	Constr. Neuve	RPI	OS_2023	2025-01-03 10:52:42.428229+03	3106
2221	… / MEN/PRMP-Tx/2020	24	Ese LBS	349965471	180	Scolaire	Constr. Neuve	RPI	OS_2022	2025-01-03 10:52:42.440648+03	3107
2224	… / MEN/PRMP-Tx/2020	2	Entreprise RAZANABELONA	340236886	90 jours	Scolaire	Constr. Neuve	RPI	OS_2020	2025-01-03 10:52:42.487389+03	3110
2225	… / MEN/PRMP-Tx/2020	2	Entreprise NAMBININA	342004899	90 jours	Scolaire	Constr. Neuve	RPI	OS_2020	2025-01-03 10:52:42.501409+03	3111
2226	… / MEN/PRMP-Tx/2020	2	Entreprise COGELEC	nan	90 jours	Scolaire	Constr. Neuve	RPI	OS_2020	2025-01-03 10:52:42.516976+03	3112
2227	… / MEN/PRMP-Tx/2020	2	Entreprise COGELEC	nan	90 jours	Scolaire	Constr. Neuve	RPI	OS_2020	2025-01-03 10:52:42.531436+03	3113
2228	… / MEN/PRMP-Tx/2020	2	Entreprise RAZANABELONA	340236886	90 jours	Scolaire	Constr. Neuve	RPI	OS_2020	2025-01-03 10:52:42.547797+03	3114
2229	… / MEN/PRMP-Tx/2020	2	Entreprise ANJARASOA	340916763	90 jours	Scolaire	Constr. Neuve	RPI	OS_2020	2025-01-03 10:52:42.562755+03	3115
2230	… / MEN/PRMP-Tx/2020	4	Entreprise VAHINY	348470597	nan	Scolaire	Constr. Neuve	RPI	OS_2021	2025-01-03 10:52:42.575749+03	3116
2231	… / MEN/PRMP-Tx/2020	4	Entreprise VAHINY	348470597	nan	Scolaire	Constr. Neuve	RPI	OS_2021	2025-01-03 10:52:42.590343+03	3117
2232	… / MEN/PRMP-Tx/2020	4	Entreprise VAHINY	348470597	nan	Scolaire	Constr. Neuve	RPI	OS_2021	2025-01-03 10:52:42.604834+03	3118
2233	… / MEN/PRMP-Tx/2020	2	Entreprise ANJARASOA	nan	90 jours	Scolaire	Constr. Neuve	RPI	OS_2020	2025-01-03 10:52:42.620792+03	3119
2234	… / MEN/PRMP-Tx/2020	2	Entreprise ANJARASOA	nan	90 jours	Scolaire	Constr. Neuve	RPI	OS_2020	2025-01-03 10:52:42.635504+03	3120
2235	… / MEN/PRMP-Tx/2020	4	Entreprise NAMBININA	342004899	100jours	Scolaire	Constr. Neuve	RPI	OS_2021	2025-01-03 10:52:42.649732+03	3121
2236	… / MEN/PRMP-Tx/2020	4	Entreprise ANDRISOA	340152009	100 jours	Scolaire	Constr. Neuve	RPI	OS_2021	2025-01-03 10:52:42.663588+03	3122
2237	… / MEN/PRMP-Tx/2020	2	Entreprise ANJARASOA	340916763	90 jours	Scolaire	Constr. Neuve	RPI	OS_2020	2025-01-03 10:52:42.679546+03	3123
2238	… / MEN/PRMP-Tx/2020	2	Entreprise COGELEC	331160391	90 jours	Scolaire	Constr. Neuve	RPI	OS_2020	2025-01-03 10:52:42.693151+03	3124
2239	… / MEN/PRMP-Tx/2020	2	Entreprise TSARA	nan	nan	Scolaire	Constr. Neuve	RPI	OS_2021	2025-01-03 10:52:42.706889+03	3125
2240	… / MEN/PRMP-Tx/2020	2	Entreprise TSARA	nan	nan	Scolaire	Constr. Neuve	RPI	OS_2021	2025-01-03 10:52:42.720613+03	3126
2241	… / MEN/PRMP-Tx/2020	2	Entreprise SOAFANIRY	nan	90 jours	Scolaire	Constr. Neuve	RPI	OS_2020	2025-01-03 10:52:42.734189+03	3127
2242	… / MEN/PRMP-Tx/2020	2	Entreprise HASSIM	nan	90 jours	Scolaire	Constr. Neuve	RPI	OS_2020	2025-01-03 10:52:42.748612+03	3128
2243	… / MEN/PRMP-Tx/2020	4	Entreprise ENINJARA	341355635	100 jours	Scolaire	Constr. Neuve	RPI	OS_2021	2025-01-03 10:52:42.761578+03	3129
2244	… / MEN/PRMP-Tx/2020	4	Entreprise ENINJARA	341355635	100 jours	Scolaire	Constr. Neuve	RPI	OS_2021	2025-01-03 10:52:42.774645+03	3130
2245	… / MEN/PRMP-Tx/2020	4	Entreprise RANDRIANIRINA	nan	100 jours	Scolaire	Constr. Neuve	RPI	OS_2022	2025-01-03 10:52:42.786678+03	3131
2247	… / MEN/PRMP-Tx/2020	2	Entreprise ENINJARA	nan	nan	Scolaire	Constr. Neuve	RPI	OS_2023	2025-01-03 10:52:42.813389+03	3133
2248	… / MEN/PRMP-Tx/2020	4	Entreprise RANDRIANIRINA 	nan	nan	Scolaire	Constr. Neuve	RPI	OS_2023	2025-01-03 10:52:42.826044+03	3134
2250	… / MEN/PRMP-Tx/2020	2	e/se DANIEL 	344559575	90	Scolaire	Constr. Neuve	RPI	OS_2020	2025-01-03 10:52:42.854436+03	3136
2251	… / MEN/PRMP-Tx/2020	12	Ese RABEANDALANA	nan	150 jours	Scolaire	Constr. Neuve	RPI	OS_2022	2025-01-03 10:52:42.868455+03	3137
2252	… / MEN/PRMP-Tx/2020	2	Entreprise  TSILAVO	343735035	90 Jours	Scolaire	Constr. Neuve	RPI	OS_2020	2025-01-03 10:52:42.884441+03	3138
2246	04/32 – MS/MEN/PRMP/TvX/20	12	Entreprise TSARALAZA	340593219	150	Scolaire	Constr. Neuve	RPI	OS_2019	2025-01-03 10:52:42.801388+03	3132
2249	IV-C.2b / DREN - 34	2	e/se DANIEL	344559575	90	Scolaire	Constr. Neuve	RPI	OS_2020	2025-01-03 10:52:42.840655+03	3135
2222	24-22/MEN/PRMP/Tvx-PI	12	Entreprise TSARALAZA	340593219	150	Scolaire	Constr. Neuve	RPI	OS_2023	2025-01-03 10:52:42.45837+03	3108
2253	… / MEN/PRMP-Tx/2020	2	Entreprise  TSILAVO	343735035	90 Jours	Scolaire	Constr. Neuve	RPI	OS_2020	2025-01-03 10:52:42.897591+03	3139
2254	… / MEN/PRMP-Tx/2020	4	Entreprise ANJOMBA 	034 38 509 09	90 Jours	Scolaire	Constr. Neuve	RPI	OS_2021	2025-01-03 10:52:42.912705+03	3140
2255	… / MEN/PRMP-Tx/2020	4	Entreprise ANJOMBA 	034 38 509 09	90 Jours	Scolaire	Constr. Neuve	RPI	OS_2021	2025-01-03 10:52:42.925971+03	3141
2256	… / MEN/PRMP-Tx/2020	4	Entreprise BITENY DIANE                                 \n	nan	nan	Scolaire	Constr. Neuve	RPI	OS_2020	2025-01-03 10:52:42.940581+03	3142
2257	… / MEN/PRMP-Tx/2020	12	Entreprise RAOBELINA HARIMALALA	nan	150	Scolaire	Constr. Neuve	RPI	OS_2023	2025-01-03 10:52:42.957257+03	3143
2258	… / MEN/PRMP-Tx/2020	12	Entreprise HANITRA	nan	nan	Scolaire	Constr. Neuve	RPI	OS_2020	2025-01-03 10:52:42.972037+03	3144
2261	… / MEN/PRMP-Tx/2020	4	AVO PRO	nan	nan	Scolaire	Constr. Neuve	RPI	OS_2023	2025-01-03 10:52:43.009396+03	3147
2262	… / MEN/PRMP-Tx/2020	2	RAZAFINDRAMANANA ERIKA LAI	nan	nan	Scolaire	Constr. Neuve	RPI	OS_2023	2025-01-03 10:52:43.022425+03	3148
2263	… / MEN/PRMP-Tx/2020	2	e/se DANIEL 	344559575	90	Scolaire	Constr. Neuve	RPI	OS_2020	2025-01-03 10:52:43.036417+03	3149
2265	… / MEN/PRMP-Tx/2020	4	Entreprise MENDRIKINIAINA	342311206	100	Scolaire	Constr. Neuve	RPI	OS_2021	2025-01-03 10:52:43.065392+03	3151
2266	… / MEN/PRMP-Tx/2020	12	Entreprise EHS	346478491	150 jours	Scolaire	Constr. Neuve	RPI	OS_2022	2025-01-03 10:52:43.081375+03	3152
2267	… / MEN/PRMP-Tx/2020	2	Entreprise RAHARIMANGA ANGELE	nan	90 jours	Scolaire	Constr. Neuve	RPI	OS_2020	2025-01-03 10:52:43.092366+03	3153
2268	… / MEN/PRMP-Tx/2020	2	Entreprise MOUNIR	nan	90 jours	Scolaire	Constr. Neuve	RPI	OS_2020	2025-01-03 10:52:43.104802+03	3154
2269	… / MEN/PRMP-Tx/2020	2	Entreprise RAHARIMANGA ANGELE	nan	90 jours	Scolaire	Constr. Neuve	RPI	OS_2020	2025-01-03 10:52:43.117343+03	3155
2270	… / MEN/PRMP-Tx/2020	2	ZAFITIANA DELVIN	341020551	90	Scolaire	Constr. Neuve	RPI	OS_2020	2025-01-03 10:52:43.132288+03	3156
2271	… / MEN/PRMP-Tx/2020	2	ZAFITIANA DELVIN	341020551	90	Scolaire	Constr. Neuve	RPI	OS_2020	2025-01-03 10:52:43.146338+03	3157
2272	… / MEN/PRMP-Tx/2020	4	Entreprise SHALOM	340339825	100	Scolaire	Constr. Neuve	RPI	OS_2021	2025-01-03 10:52:43.159628+03	3158
2273	… / MEN/PRMP-Tx/2020	2	Entreprise RAZANABELONA	340236886	90 jours	Scolaire	Constr. Neuve	RPI	OS_2020	2025-01-03 10:52:43.173915+03	3159
2274	… / MEN/PRMP-Tx/2020	2	Entreprise RAZANABELONA	340236886	90 jours	Scolaire	Constr. Neuve	RPI	OS_2020	2025-01-03 10:52:43.186378+03	3160
2275	… / MEN/PRMP-Tx/2020	4	Entreprise EGCR	348470597	100 jours	Scolaire	Constr. Neuve	RPI	OS_2021	2025-01-03 10:52:43.200273+03	3161
2276	… / MEN/PRMP-Tx/2020	4	Entreprise EGCR	348470597	100 jours	Scolaire	Constr. Neuve	RPI	OS_2021	2025-01-03 10:52:43.21429+03	3162
2277	… / MEN/PRMP-Tx/2020	12	Entreprise LICA BUILDING	nan	nan	Scolaire	Constr. Neuve	RPI	OS_2023	2025-01-03 10:52:43.226314+03	3163
2278	… / MEN/PRMP-Tx/2020	2	Entreprise CONSTRUMAD	340777074	90 Jours	Scolaire	Constr. Neuve	RPI	OS_2020	2025-01-03 10:52:43.24157+03	3164
2279	… / MEN/PRMP-Tx/2020	4	Entreprise CRYSTAL	345584231	nan	Scolaire	Constr. Neuve	RPI	OS_2021	2025-01-03 10:52:43.255554+03	3165
2280	… / MEN/PRMP-Tx/2020	4	Entreprise CRYSTAL	345584231	nan	Scolaire	Constr. Neuve	RPI	OS_2021	2025-01-03 10:52:43.269524+03	3166
2281	… / MEN/PRMP-Tx/2020	2	Entreprise NAMBININA	034 17 979 89	90 Jours	Scolaire	Constr. Neuve	RPI	OS_2020	2025-01-03 10:52:43.286541+03	3167
2282	… / MEN/PRMP-Tx/2020	2	Entreprise INTERPRO - TECH	034 03 884 79	nan	Scolaire	Constr. Neuve	RPI	OS_2021	2025-01-03 10:52:43.300331+03	3168
2283	… / MEN/PRMP-Tx/2020	2	Entreprise INTERPRO - TECH	034 03 884 79	nan	Scolaire	Constr. Neuve	RPI	OS_2021	2025-01-03 10:52:43.314294+03	3169
2284	… / MEN/PRMP-Tx/2020	Autres	ENTREPRISE BEANJARA	nan	nan	Scolaire	Réhabilitation	RPI	OS_2023	2025-01-03 10:52:43.326345+03	3170
2285	… / MEN/PRMP-Tx/2020	12	Ese CRYSTAL	nan	150 jours	Scolaire	Constr. Neuve	RPI	OS_2021	2025-01-03 10:52:43.342274+03	3171
2286	… / MEN/PRMP-Tx/2020	2	Entreprise MIOTISOA	341071267	90 jours	Scolaire	Constr. Neuve	RPI	OS_2020	2025-01-03 10:52:43.357238+03	3172
2287	… / MEN/PRMP-Tx/2020	2	Entreprise MIOTISOA	341071267	90 jours	Scolaire	Constr. Neuve	RPI	OS_2020	2025-01-03 10:52:43.370419+03	3173
2288	… / MEN/PRMP-Tx/2020	4	Entreprise EGCR	348770597	100 jours	Scolaire	Constr. Neuve	RPI	OS_2021	2025-01-03 10:52:43.384523+03	3174
2289	… / MEN/PRMP-Tx/2020	2	Entreprise DOMBOLO	nan	nan	Scolaire	Constr. Neuve	RPI	OS_2023	2025-01-03 10:52:43.398624+03	3175
2290	… / MEN/PRMP-Tx/2020	2	REDSTATE SARL	'0346958505	120	Scolaire	Constr. Neuve	RPI	OS_2020	2025-01-03 10:52:43.414737+03	3176
2291	… / MEN/PRMP-Tx/2020	4	Entreprise FANAMBINANTSOA	034 31 455 61	150	Scolaire	Constr. Neuve	RPI	OS_2021	2025-01-03 10:52:43.429341+03	3177
2292	… / MEN/PRMP-Tx/2020	2	Entreprise NASRA	342721066	90	Scolaire	Constr. Neuve	RPI	OS_2020	2025-01-03 10:52:43.444798+03	3178
2293	… / MEN/PRMP-Tx/2020	2	Entreprise BRIGITTE ANITA	342721066	90	Scolaire	Constr. Neuve	RPI	OS_2021	2025-01-03 10:52:43.45876+03	3179
2294	… / MEN/PRMP-Tx/2020	2	Entreprise BRIGITTE ANITA	342721066	90	Scolaire	Constr. Neuve	RPI	OS_2021	2025-01-03 10:52:43.471724+03	3180
2295	… / MEN/PRMP-Tx/2020	4	Entreprise STE	nan	nan	Scolaire	Constr. Neuve	RPI	OS_2022	2025-01-03 10:52:43.48642+03	3181
2296	… / MEN/PRMP-Tx/2020	12	Entreprise MAHASOA	nan	60 jours	Scolaire	Constr. Neuve	RPI	OS_2020	2025-01-03 10:52:43.500383+03	3182
2297	… / MEN/PRMP-Tx/2020	2	Entreprise AVISOA	0348220437/0348067918	90 Jours	Scolaire	Constr. Neuve	RPI	OS_2020	2025-01-03 10:52:43.516429+03	3183
2298	… / MEN/PRMP-Tx/2020	12	Entreprise Mon Tresor	349965471	150	Scolaire	Constr. Neuve	RPI	OS_2023	2025-01-03 10:52:43.533971+03	3184
2299	… / MEN/PRMP-Tx/2020	12	Entreprise RAVAOARISOA Christine Aimée	340979493	150 jours 	Scolaire	Constr. Neuve	RPI	OS_2020	2025-01-03 10:52:43.548559+03	3185
2300	… / MEN/PRMP-Tx/2020	24	Ese IHARISOA	nan	180 jours	Scolaire	Constr. Neuve	RPI	OS_2022	2025-01-03 10:52:43.564546+03	3186
2301	… / MEN/PRMP-Tx/2020	12	Société ERIC	340234301	150 jours	Scolaire	Constr. Neuve	RPI	OS_2021	2025-01-03 10:52:43.579395+03	3187
2302	… / MEN/PRMP-Tx/2020	2	ENTREPRISE HRC	nan	nan	Scolaire	Constr. Neuve	RPI	OS_2020	2025-01-03 10:52:43.591707+03	3188
2303	… / MEN/PRMP-Tx/2020	24	Entreprise MAHEFA	nan	180 Jours	Scolaire	Constr. Neuve	RPI	OS_2022	2025-01-03 10:52:43.607616+03	3189
2304	… / MEN/PRMP-Tx/2020	2	Entreprise CONSTRUMAD	340777074	90 Jours	Scolaire	Constr. Neuve	RPI	OS_2020	2025-01-03 10:52:43.622771+03	3190
2305	… / MEN/PRMP-Tx/2020	2	Entreprise ECG MAZAVA	nan	nan	Scolaire	Constr. Neuve	RPI	OS_2023	2025-01-03 10:52:43.636273+03	3191
2306	… / MEN/PRMP-Tx/2020	2	nan	nan	nan	Scolaire	Constr. Neuve	RPI	OS_2020	2025-01-03 10:52:43.650235+03	3192
2260	-MS/MEN/PRMP/Tvx/20 : Sous lot n°IV- D .2b	2	Entreprise NASRA	342721066	90	Scolaire	Constr. Neuve	RPI	OS_2020	2025-01-03 10:52:42.99643+03	3146
2307	… / MEN/PRMP-Tx/2020	12	Ese HARY	340502204	150 Jours	Scolaire	Constr. Neuve	RPI	OS_2022	2025-01-03 10:52:43.664635+03	3193
2308	… / MEN/PRMP-Tx/2020	12	Ese TIANAHA	340962252	150 jours	Scolaire	Constr. Neuve	RPI	OS_2022	2025-01-03 10:52:43.680375+03	3194
2311	… / MEN/PRMP-Tx/2020	2	Entreprise TSILAVO	nan	nan	Scolaire	Constr. Neuve	RPI	OS_2020	2025-01-03 10:52:43.72124+03	3197
2312	… / MEN/PRMP-Tx/2020	2	Entreprise TSILAVO	343735035	nan	Scolaire	Constr. Neuve	RPI	OS_2020	2025-01-03 10:52:43.734255+03	3198
2313	… / MEN/PRMP-Tx/2020	2	Entreprise MANENDRIKA	034 26 254 46	90 Jours	Scolaire	Constr. Neuve	RPI	OS_2023	2025-01-03 10:52:43.746635+03	3199
2314	… / MEN/PRMP-Tx/2020	2	ENTREPRISE  AN’I AVO	332407493	90	Scolaire	Constr. Neuve	RPI	OS_2020	2025-01-03 10:52:43.759258+03	3200
2315	… / MEN/PRMP-Tx/2020	4	Entreprise MAGIC SA	340145941	90	Scolaire	Constr. Neuve	RPI	OS_2021	2025-01-03 10:52:43.772393+03	3201
2316	… / MEN/PRMP-Tx/2020	4	Entreprise MAGIC SA	340145941	90	Scolaire	Constr. Neuve	RPI	OS_2022	2025-01-03 10:52:43.786425+03	3202
2317	… / MEN/PRMP-Tx/2020	12	Entreprise ECG MAZAVA	nan	nan	Scolaire	Constr. Neuve	RPI	OS_2023	2025-01-03 10:52:43.800849+03	3203
2318	… / MEN/PRMP-Tx/2020	2	ENTREPRISE MANANJARA	nan	90 jours	Scolaire	Constr. Neuve	RPI	OS_2020	2025-01-03 10:52:43.815352+03	3204
2319	… / MEN/PRMP-Tx/2020	2	ENTREPRISE AS	nan	90 jours	Scolaire	Constr. Neuve	RPI	OS_2020	2025-01-03 10:52:43.825344+03	3205
2321	… / MEN/PRMP-Tx/2020	2	Entreprise ELICOM	nan	nan	Scolaire	Constr. Neuve	RPI	OS_2021	2025-01-03 10:52:43.855476+03	3207
2322	… / MEN/PRMP-Tx/2020	2	Entreprise ELICOM	nan	nan	Scolaire	Constr. Neuve	RPI	OS_2021	2025-01-03 10:52:43.868538+03	3208
2323	… / MEN/PRMP-Tx/2020	2	Entreprise ELICOM	nan	nan	Scolaire	Constr. Neuve	RPI	OS_2021	2025-01-03 10:52:43.881715+03	3209
2324	… / MEN/PRMP-Tx/2020	2	Entreprise ELICOM	nan	nan	Scolaire	Constr. Neuve	RPI	OS_2021	2025-01-03 10:52:43.894181+03	3210
2325	… / MEN/PRMP-Tx/2020	12	Ese MITEA 	nan	150 jours	Scolaire	Constr. Neuve	RPI	OS_2021	2025-01-03 10:52:43.908817+03	3211
2326	… / MEN/PRMP-Tx/2020	2	ENTREPRISE RAMILA	341649803	90 jours	Scolaire	Constr. Neuve	RPI	OS_2020	2025-01-03 10:52:43.922721+03	3212
2327	… / MEN/PRMP-Tx/2020	2	ENTREPRISE TANTELY	346088778	90 jours	Scolaire	Constr. Neuve	RPI	OS_2020	2025-01-03 10:52:43.935103+03	3213
2328	… / MEN/PRMP-Tx/2020	2	Entreprise MENDRIKA\n	nan	nan	Scolaire	Constr. Neuve	RPI	OS_2023	2025-01-03 10:52:43.948023+03	3214
2329	… / MEN/PRMP-Tx/2020	2	Entreprise JONASTIN\n	nan	nan	Scolaire	Constr. Neuve	RPI	OS_2023	2025-01-03 10:52:43.960614+03	3215
2330	… / MEN/PRMP-Tx/2020	12	SHALOM	0340339825	150 Jours	Scolaire	Constr. Neuve	RPI	OS_2020	2025-01-03 10:52:43.975654+03	3216
2331	… / MEN/PRMP-Tx/2020	2	Entreprise AVISOA	348067918	90 jours	Scolaire	Constr. Neuve	RPI	OS_2020	2025-01-03 10:52:43.988742+03	3217
2332	… / MEN/PRMP-Tx/2020	2	Entreprise TSIAROVY AHO	341984223	90 jours	Scolaire	Constr. Neuve	RPI	OS_2020	2025-01-03 10:52:44.001605+03	3218
2333	… / MEN/PRMP-Tx/2020	2	Entreprise YVES	347005528	100 jours	Scolaire	Constr. Neuve	RPI	OS_2020	2025-01-03 10:52:44.013403+03	3219
2334	… / MEN/PRMP-Tx/2020	4	Entreprise MIHAJA 	nan	nan	Scolaire	Constr. Neuve	RPI	OS_2024	2025-01-03 10:52:44.026017+03	3220
2335	… / MEN/PRMP-Tx/2020	12	Ese MITEA 	nan	150 jours	Scolaire	Constr. Neuve	RPI	OS_2020	2025-01-03 10:52:44.039575+03	3221
2336	… / MEN/PRMP-Tx/2020	2	Entreprise TSILAVO	nan	nan	Scolaire	Constr. Neuve	RPI	OS_2020	2025-01-03 10:52:44.056707+03	3222
2337	… / MEN/PRMP-Tx/2020	2	Entreprise TSILAVO	343735035	nan	Scolaire	Constr. Neuve	RPI	OS_2023	2025-01-03 10:52:44.069989+03	3223
2338	… / MEN/PRMP-Tx/2020	12	Entreprise NOMENTSOA	034 76 503 81	150	Scolaire	Constr. Neuve	RPI	OS_2020	2025-01-03 10:52:44.0816+03	3224
2339	… / MEN/PRMP-Tx/2020	2	SODIMEX SARL	nan	nan	Scolaire	Constr. Neuve	RPI	OS_2020	2025-01-03 10:52:44.091968+03	3225
2340	… / MEN/PRMP-Tx/2020	2	SODIMEX SARL	33660245568	90 Jours	Scolaire	Constr. Neuve	RPI	OS_2020	2025-01-03 10:52:44.103448+03	3226
2341	… / MEN/PRMP-Tx/2020	2	Entreprise LES CONSTRUCTEURS	343726827	90 Jours	Scolaire	Constr. Neuve	RPI	OS_2021	2025-01-03 10:52:44.114513+03	3227
2342	… / MEN/PRMP-Tx/2020	12	R.Marie Josette	340524168	cent  vingt jours(120)	Scolaire	Constr. Neuve	RPI	OS_2021	2025-01-03 10:52:44.127317+03	3228
2343	… / MEN/PRMP-Tx/2020	2	nan	nan	nan	Scolaire	Constr. Neuve	RPI	OS_2020	2025-01-03 10:52:44.138342+03	3229
2344	… / MEN/PRMP-Tx/2020	2	nan	nan	nan	Scolaire	Constr. Neuve	RPI	OS_2020	2025-01-03 10:52:44.149825+03	3230
2345	… / MEN/PRMP-Tx/2020	2	Entreprise SOLOARIVONY MARIKA FRANCK	340102482	90 Jours	Scolaire	Constr. Neuve	RPI	OS_2020	2025-01-03 10:52:44.165921+03	3231
2346	… / MEN/PRMP-Tx/2020	2	Entreprise ECO TSARAZARA	nan	nan	Scolaire	Constr. Neuve	RPI	OS_2023	2025-01-03 10:52:44.177403+03	3232
2347	… / MEN/PRMP-Tx/2020	12	TSIORY	nan	nan	Scolaire	Constr. Neuve	RPI	OS_2020	2025-01-03 10:52:44.192414+03	3233
2348	… / MEN/PRMP-Tx/2020	12	Entreprise MIHAJA 	nan	nan	Scolaire	Constr. Neuve	RPI	OS_2023	2025-01-03 10:52:44.204432+03	3234
2349	… / MEN/PRMP-Tx/2020	2	Entreprise NOELLA	034 18 292 91	90 jours	Scolaire	Constr. Neuve	RPI	OS_2020	2025-01-03 10:52:44.217431+03	3235
2350	… / MEN/PRMP-Tx/2020	2	Entreprise NOELLA	034 18 292 91	90 jours	Scolaire	Constr. Neuve	RPI	OS_2020	2025-01-03 10:52:44.230475+03	3236
2351	… / MEN/PRMP-Tx/2020	12	ERM	nan	nan	Scolaire	Constr. Neuve	RPI	OS_2022	2025-01-03 10:52:44.245588+03	3237
2352	… / MEN/PRMP-Tx/2020	2	Entreprise CHEZ HONORAT	'0320466033	90 Jours	Scolaire	Constr. Neuve	RPI	OS_2020	2025-01-03 10:52:44.257139+03	3238
2353	… / MEN/PRMP-Tx/2020	4	Entreprise SHALOM	0340339825	100 Jours	Scolaire	Constr. Neuve	RPI	OS_2021	2025-01-03 10:52:44.27041+03	3239
2354	… / MEN/PRMP-Tx/2020	4	Entreprise NIARY	0340524168	90 Jours	Scolaire	Constr. Neuve	RPI	OS_2022	2025-01-03 10:52:44.284563+03	3240
2355	… / MEN/PRMP-Tx/2022	12	Entreprise FIFALIANA	nan	nan	Scolaire	Constr. Neuve	RPI	OS_2023	2025-01-03 10:52:44.299854+03	3241
2356	… / MEN/PRMP-Tx/2020	4	Entreprise FAMENONTSOA	nan	100	Scolaire	Constr. Neuve	RPI	OS_2023	2025-01-03 10:52:44.315204+03	3242
2357	… / MEN/PRMP-Tx/2020	24	Entreprise FIFALIANA	nan	nan	Scolaire	Constr. Neuve	RPI	OS_2023	2025-01-03 10:52:44.328382+03	3243
2358	… / MEN/PRMP-Tx/2020	2	Entreprise SOLOARIVONY MARIKA FRANCK	340102482	90 Jours	Scolaire	Constr. Neuve	RPI	OS_2020	2025-01-03 10:52:44.343054+03	3244
2359	… / MEN/PRMP-Tx/2020	2	Entreprise SOLOARIVONY MARIKA FRANCK	340102482	90 Jours	Scolaire	Constr. Neuve	RPI	OS_2020	2025-01-03 10:52:44.35903+03	3245
2360	… / MEN/PRMP-Tx/2020	2	Entreprise NASRA	nan	nan	Scolaire	Constr. Neuve	RPI	OS_2022	2025-01-03 10:52:44.374927+03	3246
2474	412100015	2	nan	nan	nan	Scolaire	Constr. Neuve	PAEB	OS_PAEB	2025-01-03 10:52:45.756642+03	3360
2310	-MS/MEN/PRMP/Tvx/20  Sous lot n°IV- D .2a	2	ZAFITIANA DELVIN	341020551	90	Scolaire	Constr. Neuve	RPI	OS_2020	2025-01-03 10:52:43.706695+03	3196
2361	… / MEN/PRMP-Tx/2020	2	Entreprise OCEANE IMMOBILIER	nan	nan	Scolaire	Constr. Neuve	RPI	OS_2022	2025-01-03 10:52:44.391335+03	3247
2362	… / MEN/PRMP-Tx/2020	12	MAHARAVO	nan	nan	Scolaire	Constr. Neuve	RPI	OS_2020	2025-01-03 10:52:44.409015+03	3248
2363	… / MEN/PRMP-Tx/2020	2	ENTREPRISE  KOLOINA I	348871270	90	Scolaire	Constr. Neuve	RPI	OS_2020	2025-01-03 10:52:44.424807+03	3249
2364	… / MEN/PRMP-Tx/2020	4	ENTREPRISE NAMOASOA	nan	nan	Scolaire	Constr. Neuve	RPI	OS_2022	2025-01-03 10:52:44.441598+03	3250
2365	… / MEN/PRMP-Tx/2020	2	Entreprise TCB MENDRIKA	nan	nan	Scolaire	Constr. Neuve	RPI	OS_2023	2025-01-03 10:52:44.456275+03	3251
2366	… / MEN/PRMP-Tx/2020	2	Entreprise FIFALIANA	nan	nan	Scolaire	Constr. Neuve	RPI	OS_2024	2025-01-03 10:52:44.473743+03	3252
2367	… / MEN/PRMP-Tx/2020	2	ZANAMIADANA ZICO	nan	nan	Scolaire	Constr. Neuve	RPI	OS_2023	2025-01-03 10:52:44.488332+03	3253
2368	… / MEN/PRMP-Tx/2020	12	Entreprise MAHERY TIANA	nan	nan	Scolaire	Constr. Neuve	RPI	OS_2023	2025-01-03 10:52:44.504025+03	3254
2369	… / MEN/PRMP-Tx/2020	12	Entreprise JAY	nan	150 jours	Scolaire	Constr. Neuve	RPI	OS_2023	2025-01-03 10:52:44.518974+03	3255
2370	… / MEN/PRMP-Tx/2020	12	Entreprise MIHAJA 	nan	150 jours	Scolaire	Constr. Neuve	RPI	OS_2024	2025-01-03 10:52:44.532626+03	3256
2371	… / MEN/PRMP-Tx/2020	12	Ese FENOSOA	341510000	60 jours	Scolaire	Constr. Neuve	RPI	OS_2020	2025-01-03 10:52:44.546572+03	3257
2372	… / MEN/PRMP-Tx/2020	4	Entreprise NASRA	nan	nan	Scolaire	Constr. Neuve	RPI	OS_2023	2025-01-03 10:52:44.558219+03	3258
2373	… / MEN/PRMP-Tx/2020	2	Entreprise RAMANAMITSIRY	nan	nan	Scolaire	Constr. Neuve	RPI	OS_2023	2025-01-03 10:52:44.57022+03	3259
2374	… / MEN/PRMP-Tx/2020	12	Entreprise VOHITRA	0347569749	60 Jours	Scolaire	Constr. Neuve	RPI	OS_2020	2025-01-03 10:52:44.582683+03	3260
2375	… / MEN/PRMP-Tx/2020	Autres	Entreprise EHS	nan	nan	Administratif	Constr. Neuve	RPI	OS_2023	2025-01-03 10:52:44.592657+03	3261
2376	… / MEN/PRMP-Tx/2020	Autres	Entreprise MIMO	nan	nan	Administratif	Réhabilitation	RPI	OS_2023	2025-01-03 10:52:44.602527+03	3262
2377	… / MEN/PRMP-Tx/2020	Autres	Entreprise MIMO	nan	nan	Administratif	Réhabilitation	RPI	OS_2023	2025-01-03 10:52:44.612468+03	3263
2378	… / MEN/PRMP-Tx/2020	Autres	Entreprise MIMO	nan	nan	Administratif	Réhabilitation	RPI	OS_2023	2025-01-03 10:52:44.621971+03	3264
2379	… / MEN/PRMP-Tx/2020	Autres	Entreprise MIMO	nan	nan	Administratif	Réhabilitation	RPI	OS_2023	2025-01-03 10:52:44.632536+03	3265
2380	… / MEN/PRMP-Tx/2020	Autres	Entreprise MIMO	nan	nan	Administratif	Réhabilitation	RPI	OS_2023	2025-01-03 10:52:44.640459+03	3266
2381	… / MEN/PRMP-Tx/2020	Autres	LE   SANDRIFY	nan	nan	Administratif	Réhabilitation	RPI	OS_2023	2025-01-03 10:52:44.649921+03	3267
2382	… / MEN/PRMP-Tx/2020	Autres	LE   SANDRIFY	nan	nan	Administratif	Réhabilitation	RPI	OS_2023	2025-01-03 10:52:44.659433+03	3268
2383	… / MEN/PRMP-Tx/2020	12	Société MITEA	nan	60Jours	Scolaire	Constr. Neuve	RPI	OS_2020	2025-01-03 10:52:44.669872+03	3269
2384	… / MEN/PRMP-Tx/2020	4	ENTREPRISE MBC	nan	nan	Scolaire	Constr. Neuve	RPI	OS_2023	2025-01-03 10:52:44.681457+03	3270
2385	… / MEN/PRMP-Tx/2020	4	Entreprise ZANAMIADANA ZICO	nan	nan	Scolaire	Constr. Neuve	RPI	OS_2024	2025-01-03 10:52:44.691385+03	3271
2386	… / MEN/PRMP-Tx/2020	2	Entreprise AMBELIA	nan	90	Scolaire	Constr. Neuve	RPI	OS_2020	2025-01-03 10:52:44.703304+03	3272
2387	… / MEN/PRMP-Tx/2020	2	Entreprise NIMROD	nan	90	Scolaire	Constr. Neuve	RPI	OS_2020	2025-01-03 10:52:44.716351+03	3273
2388	… / MEN/PRMP-Tx/2020	4	Entreprise IMG	340521570	100	Scolaire	Constr. Neuve	RPI	OS_2021	2025-01-03 10:52:44.72773+03	3274
2389	… / MEN/PRMP-Tx/2020	4	Entreprise IMG	340521570	100	Scolaire	Constr. Neuve	RPI	OS_2021	2025-01-03 10:52:44.73923+03	3275
2390	… / MEN/PRMP-Tx/2020	4	Entreprise LUC 	nan	100	Scolaire	Constr. Neuve	RPI	OS_2023	2025-01-03 10:52:44.751269+03	3276
2391	… / MEN/PRMP-Tx/2020	4	Entreprise FIFALIANA	nan	100	Scolaire	Constr. Neuve	RPI	OS_2023	2025-01-03 10:52:44.764263+03	3277
2392	… / MEN/PRMP-Tx/2020	12	Entreprise EHS	nan	nan	Scolaire	Réhabilitation	RPI	OS_2024	2025-01-03 10:52:44.777219+03	3278
2393	… / MEN/PRMP-Tx/2020	12	Entreprise EHS	nan	nan	Scolaire	Réhabilitation	RPI	OS_2024	2025-01-03 10:52:44.787673+03	3279
2394	… / MEN/PRMP-Tx/2020	4	Entreprise IDEAL	nan	100	Scolaire	Constr. Neuve	RPI	OS_2023	2025-01-03 10:52:44.799149+03	3280
2395	… / MEN/PRMP-Tx/2020	12	RAMANANJAONA VONIJANAHARY	nan	nan	Scolaire	Constr. Neuve	RPI	OS_2020	2025-01-03 10:52:44.808691+03	3281
2396	… / MEN/PRMP-Tx/2020	12	Entreprise NARINDRARIMBAVAKA	nan	nan	Scolaire	Constr. Neuve	RPI	OS_2023	2025-01-03 10:52:44.818582+03	3282
2397	… / MEN/PRMP-Tx/2020	24	Entreprise MILLENIUM\n	nan	nan	Scolaire	Constr. Neuve	RPI	OS_2024	2025-01-03 10:52:44.829595+03	3283
2398	… / MEN/PRMP-Tx/2020	12	Entreprise FIFALIANA	nan	nan	Scolaire	Constr. Neuve	RPI	OS_2023	2025-01-03 10:52:44.840814+03	3284
2399	… / MEN/PRMP-Tx/2020	2	Entreprise ERDICO	nan	90 jours	Scolaire	Constr. Neuve	RPI	OS_2020	2025-01-03 10:52:44.852501+03	3285
2400	… / MEN/PRMP-Tx/2020	2	Entreprise ERDICO	nan	nan	Scolaire	Constr. Neuve	RPI	OS_2020	2025-01-03 10:52:44.863501+03	3286
2401	… / MEN/PRMP-Tx/2020	2	Entreprise EGCT	nan	nan	Scolaire	Constr. Neuve	RPI	OS_2020	2025-01-03 10:52:44.873765+03	3287
2402	… / MEN/PRMP-Tx/2020	12	Entreprise EHS	nan	nan	Scolaire	Constr. Neuve	RPI	OS_2023	2025-01-03 10:52:44.883756+03	3288
2403	… / MEN/PRMP-Tx/2020	12	Entreprise MIHAJA 	nan	nan	Scolaire	Constr. Neuve	RPI	OS_2023	2025-01-03 10:52:44.895651+03	3289
2404	… / MEN/PRMP-Tx/2020	2	Entreprise BANIA	342016292	90 jours	Scolaire	Constr. Neuve	RPI	OS_2020	2025-01-03 10:52:44.906415+03	3290
2405	… / MEN/PRMP-Tx/2020	2	Entreprise BANIA	342016292	90 jours	Scolaire	Constr. Neuve	RPI	OS_2020	2025-01-03 10:52:44.918383+03	3291
2406	… / MEN/PRMP-Tx/2020	2	Entreprise JONASTIN\n	nan	nan	Scolaire	Constr. Neuve	RPI	OS_2024	2025-01-03 10:52:44.929687+03	3292
2407	… / MEN/PRMP-Tx/2020	2	Entreprise NIMRODA	342978852	90 jours	Scolaire	Constr. Neuve	RPI	OS_2020	2025-01-03 10:52:44.939548+03	3293
2408	… / MEN/PRMP-Tx/2020	2	Entreprise NIMRODA	342978852	90 jours	Scolaire	Constr. Neuve	RPI	OS_2020	2025-01-03 10:52:44.949419+03	3294
2409	… / MEN/PRMP-Tx/2020	4	Entreprise VINTANTSOA	034 43 431 67	100 jours	Scolaire	Constr. Neuve	RPI	OS_2021	2025-01-03 10:52:44.959408+03	3295
2410	… / MEN/PRMP-Tx/2020	2	Entreprise IDEAL	345582216	100 jours	Scolaire	Constr. Neuve	RPI	OS_2023	2025-01-03 10:52:44.970282+03	3296
2411	… / MEN/PRMP-Tx/2020	2	Entreprise MILLENIUM\n	nan	nan	Scolaire	Constr. Neuve	RPI	OS_2024	2025-01-03 10:52:44.981835+03	3297
2412	… / MEN/PRMP-Tx/2020	12	Entreprise IMG	nan	nan	Scolaire	Constr. Neuve	RPI	OS_2023	2025-01-03 10:52:44.991972+03	3298
2415	… / MEN/PRMP-Tx/2020	4	BAMAL	nan	nan	Scolaire	Constr. Neuve	RPI	OS_2023	2025-01-03 10:52:45.024629+03	3301
2416	… / MEN/PRMP-Tx/2020	4	BAMAL	nan	nan	Scolaire	Constr. Neuve	RPI	OS_2023	2025-01-03 10:52:45.034973+03	3302
2417	… / MEN/PRMP-Tx/2020	2	e/se DANIEL 	344559575	90	Scolaire	Constr. Neuve	RPI	OS_2020	2025-01-03 10:52:45.048339+03	3303
2418	… / MEN/PRMP-Tx/2020	2	Entreprise NARINDRA	nan	90 jours 	Scolaire	Constr. Neuve	RPI	OS_2020	2025-01-03 10:52:45.061339+03	3304
2419	… / MEN/PRMP-Tx/2020	4	Entreprise IMG	nan	150 jours	Scolaire	Constr. Neuve	RPI	OS_2021	2025-01-03 10:52:45.072308+03	3305
2420	… / MEN/PRMP-Tx/2020	4	Entreprise IMG	nan	150 jours	Scolaire	Constr. Neuve	RPI	OS_2021	2025-01-03 10:52:45.08428+03	3306
2421	… / MEN/PRMP-Tx/2020	4	Entreprise RMC	nan	150 jours	Scolaire	Constr. Neuve	RPI	OS_2021	2025-01-03 10:52:45.094307+03	3307
2422	… / MEN/PRMP-Tx/2020	4	Entreprise RMC	nan	150 jours	Scolaire	Constr. Neuve	RPI	OS_2021	2025-01-03 10:52:45.10528+03	3308
2423	… / MEN/PRMP-Tx/2020	2	GROUPEMENT HARY FENITRA	349531741	90 j	Scolaire	Constr. Neuve	RPI	OS_2020	2025-01-03 10:52:45.116823+03	3309
2424	… / MEN/PRMP-Tx/2020	2	GROUPEMENT HARY FENITRA	349531741	90 j	Scolaire	Constr. Neuve	RPI	OS_2020	2025-01-03 10:52:45.127391+03	3310
2425	… / MEN/PRMP-Tx/2020	24	Entreprise ANJOMBA 	nan	nan	Scolaire	Constr. Neuve	RPI	OS_2024	2025-01-03 10:52:45.137818+03	3311
2426	… / MEN/PRMP-Tx/2020	24	Entreprise RAOBELINA HARIMALALA	nan	nan	Scolaire	Constr. Neuve	RPI	OS_2021	2025-01-03 10:52:45.148678+03	3312
2427	… / MEN/PRMP-Tx/2020	2	MANANJARA STENNY EUGENE	nan	90 jours	Scolaire	Constr. Neuve	RPI	OS_2020	2025-01-03 10:52:45.158826+03	3313
2428	… / MEN/PRMP-Tx/2020	2	ANJARASOA	nan	90 jours	Scolaire	Constr. Neuve	RPI	OS_2020	2025-01-03 10:52:45.168754+03	3314
2429	… / MEN/PRMP-Tx/2020	2	Entreprise RAMANANA	348530506	90 jours	Scolaire	Constr. Neuve	RPI	OS_2021	2025-01-03 10:52:45.181263+03	3315
2430	… / MEN/PRMP-Tx/2020	2	Entreprise RAMANANA	348530506	90 jours	Scolaire	Constr. Neuve	RPI	OS_2021	2025-01-03 10:52:45.190398+03	3316
2431	… / MEN/PRMP-Tx/2020	4	Entreprise RAMANANA	348530506	90 jours	Scolaire	Constr. Neuve	RPI	OS_2021	2025-01-03 10:52:45.201482+03	3317
2432	… / MEN/PRMP-Tx/2020	4	Entreprise ALICE	347021811	90 jours	Scolaire	Constr. Neuve	RPI	OS_2021	2025-01-03 10:52:45.210375+03	3318
2433	… / MEN/PRMP-Tx/2020	2	ENTREPRISE MAHAVORY	nan	nan	Scolaire	Constr. Neuve	RPI	OS_2023	2025-01-03 10:52:45.220348+03	3319
2434	… / MEN/PRMP-Tx/2020	2	Entreprise GROUPE MITOU	nan	90 jours	Scolaire	Constr. Neuve	RPI	OS_2020	2025-01-03 10:52:45.232102+03	3320
2435	… / MEN/PRMP-Tx/2020	2	Entreprise MOUNIR	nan	nan	Scolaire	Constr. Neuve	RPI	OS_2020	2025-01-03 10:52:45.242203+03	3321
2436	… / MEN/PRMP-Tx/2020	2	nan	nan	nan	Scolaire	Constr. Neuve	RPI	OS_2020	2025-01-03 10:52:45.25228+03	3322
2437	… / MEN/PRMP-Tx/2020	4	Entreprise MAGIC SA	342733842	nan	Scolaire	Constr. Neuve	RPI	OS_2021	2025-01-03 10:52:45.263179+03	3323
2438	… / MEN/PRMP-Tx/2020	2	Entreprise ROVA	343613927	90 Jours	Scolaire	Constr. Neuve	RPI	OS_2020	2025-01-03 10:52:45.275307+03	3324
2439	… / MEN/PRMP-Tx/2020	2	GROUPE MITOU	349098610	90 Jours	Scolaire	Constr. Neuve	RPI	OS_2020	2025-01-03 10:52:45.2862+03	3325
2440	… / MEN/PRMP-Tx/2020	4	Entreprise RAVAOARIMANANA LOVASOA JOHANESA	nan	nan	Scolaire	Constr. Neuve	RPI	OS_2021	2025-01-03 10:52:45.296237+03	3326
2441	… / MEN/PRMP-Tx/2020	2	Entreprise LONGOMAMY\n	nan	nan	Scolaire	Constr. Neuve	RPI	OS_2023	2025-01-03 10:52:45.307193+03	3327
2442	… / MEN/PRMP-Tx/2020	2	HASINA	nan	nan	Scolaire	Constr. Neuve	RPI	OS_2023	2025-01-03 10:52:45.317166+03	3328
2443	… / MEN/PRMP-Tx/2020	2	Entreprise SOAFANIRY	nan	90 jours	Scolaire	Constr. Neuve	RPI	OS_2020	2025-01-03 10:52:45.328069+03	3329
2444	… / MEN/PRMP-Tx/2020	2	Entreprise COGELEC	nan	99 jours	Scolaire	Constr. Neuve	RPI	OS_2020	2025-01-03 10:52:45.338345+03	3330
2445	… / MEN/PRMP-Tx/2020	4	Entreprise ENINJARA 	nan	nan	Scolaire	Constr. Neuve	RPI	OS_2023	2025-01-03 10:52:45.348991+03	3331
2446	… / MEN/PRMP-Tx/2019	4	R -ANNIE	nan	nan	Scolaire	Constr. Neuve	RPI	OS_2020	2025-01-03 10:52:45.361407+03	3332
2447	… / MEN/PRMP-Tx/2020	24	Entreprise TSARALAZA	nan	nan	Scolaire	Constr. Neuve	RPI	OS_2023	2025-01-03 10:52:45.375962+03	3333
2448	… / MEN/PRMP-Tx/2020	2	Entreprise DERA	0328304554	90 Jours	Scolaire	Constr. Neuve	RPI	OS_2020	2025-01-03 10:52:45.389226+03	3334
2449	… / MEN/PRMP-Tx/2020	2	  Entreprise DERA	0328304554	90 Jours	Scolaire	Constr. Neuve	RPI	OS_2020	2025-01-03 10:52:45.402549+03	3335
2450	… / MEN/PRMP-Tx/2020	2	Entreprise DOMBOLO	nan	nan	Scolaire	Constr. Neuve	RPI	OS_2023	2025-01-03 10:52:45.41568+03	3336
2451	… / MEN/PRMP-Tx/2020	2	Entreprise SOAVINTANA	nan	nan	Scolaire	Constr. Neuve	RPI	OS_2023	2025-01-03 10:52:45.428648+03	3337
2452	… / MEN/PRMP-Tx/2020	2	Entreprise SOAVINTANA	nan	nan	Scolaire	Constr. Neuve	RPI	OS_2023	2025-01-03 10:52:45.441498+03	3338
2453	… / MEN/PRMP-Tx/2020	4	ENTREPRISE HORIZON	nan	nan	Scolaire	Constr. Neuve	RPI	OS_2022	2025-01-03 10:52:45.454942+03	3339
2454	… / MEN/PRMP-Tx/2020	2	Entreprise TCB MENDRIKA\n	nan	nan	Scolaire	Constr. Neuve	RPI	OS_2023	2025-01-03 10:52:45.466534+03	3340
2455	… / MEN/PRMP-Tx/2020	Autres	Entreprise FIFALIANA	nan	nan	Scolaire	Constr. Neuve	RPI	OS_2020	2025-01-03 10:52:45.478322+03	3341
2456	… / MEN/PRMP-Tx/2020	2	Entreprise NAMBININA	342004899	90 jours	Scolaire	Constr. Neuve	RPI	OS_2020	2025-01-03 10:52:45.489732+03	3342
2457	… / MEN/PRMP-Tx/2020	2	Entreprise NAMBININA	342004899	90 jours	Scolaire	Constr. Neuve	RPI	OS_2020	2025-01-03 10:52:45.503474+03	3343
2458	… / MEN/PRMP-Tx/2020	2	ENTREPRISE AS	nan	90 jours	Scolaire	Constr. Neuve	RPI	OS_2020	2025-01-03 10:52:45.518435+03	3344
2459	… / MEN/PRMP-Tx/2020	2	ANDRIAMANJAKA SEVERIN	nan	90 jours	Scolaire	Constr. Neuve	RPI	OS_2020	2025-01-03 10:52:45.532127+03	3345
2460	… / MEN/PRMP-Tx/2020	4	Entreprise ALICE	347021811	90 jours	Scolaire	Constr. Neuve	RPI	OS_2021	2025-01-03 10:52:45.545825+03	3346
2461	… / MEN/PRMP-Tx/2020	4	Entreprise ALICE	347021811	90 jours	Scolaire	Constr. Neuve	RPI	OS_2021	2025-01-03 10:52:45.563298+03	3347
2462	… / MEN/PRMP-Tx/2020	12	Entreprise MILLENIUM\n	nan	nan	Scolaire	Constr. Neuve	RPI	OS_2023	2025-01-03 10:52:45.577604+03	3348
2463	… / MEN/PRMP-Tx/2020	Autres	Entreprise MILLENIUM\n	nan	nan	Scolaire	Réhabilitation	RPI	OS_2023	2025-01-03 10:52:45.597237+03	3349
2464	412100004	2	nan	nan	nan	Scolaire	Constr. Neuve	PAEB	OS_PAEB	2025-01-03 10:52:45.614605+03	3350
2465	412100035	2	nan	nan	nan	Scolaire	Constr. Neuve	PAEB	OS_PAEB	2025-01-03 10:52:45.628077+03	3351
2466	412100092	2	nan	nan	nan	Scolaire	Constr. Neuve	PAEB	OS_PAEB	2025-01-03 10:52:45.641567+03	3352
2467	412100018	2	nan	nan	nan	Scolaire	Constr. Neuve	PAEB	OS_PAEB	2025-01-03 10:52:45.654718+03	3353
2468	412100009	2	nan	nan	nan	Scolaire	Constr. Neuve	PAEB	OS_PAEB	2025-01-03 10:52:45.669909+03	3354
2469	412100090	2	nan	nan	nan	Scolaire	Constr. Neuve	PAEB	OS_PAEB	2025-01-03 10:52:45.683544+03	3355
2470	412180003	2	nan	nan	nan	Scolaire	Constr. Neuve	PAEB	OS_PAEB	2025-01-03 10:52:45.699319+03	3356
2471	412100023	2	nan	nan	nan	Scolaire	Constr. Neuve	PAEB	OS_PAEB	2025-01-03 10:52:45.713239+03	3357
2472	412100091	2	nan	nan	nan	Scolaire	Constr. Neuve	PAEB	OS_PAEB	2025-01-03 10:52:45.72757+03	3358
2473	412050003	2	nan	nan	nan	Scolaire	Constr. Neuve	PAEB	OS_PAEB	2025-01-03 10:52:45.743592+03	3359
2475	412100024	2	nan	nan	nan	Scolaire	Constr. Neuve	PAEB	OS_PAEB	2025-01-03 10:52:45.771572+03	3361
2476	412070002	2	nan	nan	nan	Scolaire	Constr. Neuve	PAEB	OS_PAEB	2025-01-03 10:52:45.787771+03	3362
2477	412160090	2	nan	nan	nan	Scolaire	Constr. Neuve	PAEB	OS_PAEB	2025-01-03 10:52:45.803885+03	3363
2478	412010090	2	nan	nan	nan	Scolaire	Constr. Neuve	PAEB	OS_PAEB	2025-01-03 10:52:45.818939+03	3364
2479	412200002	2	nan	nan	nan	Scolaire	Constr. Neuve	PAEB	OS_PAEB	2025-01-03 10:52:45.834782+03	3365
2480	412130090	2	nan	nan	nan	Scolaire	Constr. Neuve	PAEB	OS_PAEB	2025-01-03 10:52:45.850666+03	3366
2481	412080005	2	nan	nan	nan	Scolaire	Constr. Neuve	PAEB	OS_PAEB	2025-01-03 10:52:45.865466+03	3367
2482	412080004	2	nan	nan	nan	Scolaire	Constr. Neuve	PAEB	OS_PAEB	2025-01-03 10:52:45.878959+03	3368
2483	412100011	2	nan	nan	nan	Scolaire	Constr. Neuve	PAEB	OS_PAEB	2025-01-03 10:52:45.892304+03	3369
2484	416040002	2	nan	nan	nan	Scolaire	Constr. Neuve	PAEB	OS_PAEB	2025-01-03 10:52:45.913376+03	3370
2485	416040004	2	nan	nan	nan	Scolaire	Constr. Neuve	PAEB	OS_PAEB	2025-01-03 10:52:45.927484+03	3371
2486	416040003	2	nan	nan	nan	Scolaire	Constr. Neuve	PAEB	OS_PAEB	2025-01-03 10:52:45.941506+03	3372
2487	416090015	2	nan	nan	nan	Scolaire	Constr. Neuve	PAEB	OS_PAEB	2025-01-03 10:52:45.957851+03	3373
2488	416090004	2	nan	nan	nan	Scolaire	Constr. Neuve	PAEB	OS_PAEB	2025-01-03 10:52:45.972883+03	3374
2489	416010005	2	nan	nan	nan	Scolaire	Constr. Neuve	PAEB	OS_PAEB	2025-01-03 10:52:45.990253+03	3375
2490	416010091	2	nan	nan	nan	Scolaire	Constr. Neuve	PAEB	OS_PAEB	2025-01-03 10:52:46.004513+03	3376
2491	416110004	2	nan	nan	nan	Scolaire	Constr. Neuve	PAEB	OS_PAEB	2025-01-03 10:52:46.020504+03	3377
2492	416050005	2	nan	nan	nan	Scolaire	Constr. Neuve	PAEB	OS_PAEB	2025-01-03 10:52:46.03566+03	3378
2493	416050003	2	nan	nan	nan	Scolaire	Constr. Neuve	PAEB	OS_PAEB	2025-01-03 10:52:46.052415+03	3379
2494	416060090	2	nan	nan	nan	Scolaire	Constr. Neuve	PAEB	OS_PAEB	2025-01-03 10:52:46.068389+03	3380
2495	416060018	2	nan	nan	nan	Scolaire	Constr. Neuve	PAEB	OS_PAEB	2025-01-03 10:52:46.083407+03	3381
2496	416060016	2	nan	nan	nan	Scolaire	Constr. Neuve	PAEB	OS_PAEB	2025-01-03 10:52:46.097712+03	3382
2497	416060010	2	nan	nan	nan	Scolaire	Constr. Neuve	PAEB	OS_PAEB	2025-01-03 10:52:46.112812+03	3383
2498	416070009	2	nan	nan	nan	Scolaire	Constr. Neuve	PAEB	OS_PAEB	2025-01-03 10:52:46.129343+03	3384
2499	416130090	2	nan	nan	nan	Scolaire	Constr. Neuve	PAEB	OS_PAEB	2025-01-03 10:52:46.142653+03	3385
2500	416060002	2	nan	nan	nan	Scolaire	Constr. Neuve	PAEB	OS_PAEB	2025-01-03 10:52:46.156712+03	3386
2501	416010090	2	nan	nan	nan	Scolaire	Constr. Neuve	PAEB	OS_PAEB	2025-01-03 10:52:46.171104+03	3387
2502	416020026	2	nan	nan	nan	Scolaire	Constr. Neuve	PAEB	OS_PAEB	2025-01-03 10:52:46.188276+03	3388
2503	416080090	2	nan	nan	nan	Scolaire	Constr. Neuve	PAEB	OS_PAEB	2025-01-03 10:52:46.205475+03	3389
2504	403080021	2	nan	nan	nan	Scolaire	Constr. Neuve	PAEB	OS_PAEB	2025-01-03 10:52:46.22243+03	3390
2505	403080024	2	nan	nan	nan	Scolaire	Constr. Neuve	PAEB	OS_PAEB	2025-01-03 10:52:46.237508+03	3391
2506	403080090	2	nan	nan	nan	Scolaire	Constr. Neuve	PAEB	OS_PAEB	2025-01-03 10:52:46.252495+03	3392
2507	403010005	2	nan	nan	nan	Scolaire	Constr. Neuve	PAEB	OS_PAEB	2025-01-03 10:52:46.269446+03	3393
2508	403060007	2	nan	nan	nan	Scolaire	Constr. Neuve	PAEB	OS_PAEB	2025-01-03 10:52:46.287137+03	3394
2509	403080028	2	nan	nan	nan	Scolaire	Constr. Neuve	PAEB	OS_PAEB	2025-01-03 10:52:46.302343+03	3395
2510	403030011	2	nan	nan	nan	Scolaire	Constr. Neuve	PAEB	OS_PAEB	2025-01-03 10:52:46.320296+03	3396
2511	403060009	2	nan	nan	nan	Scolaire	Constr. Neuve	PAEB	OS_PAEB	2025-01-03 10:52:46.334899+03	3397
2512	403060090	2	nan	nan	nan	Scolaire	Constr. Neuve	PAEB	OS_PAEB	2025-01-03 10:52:46.349987+03	3398
2513	403050013	2	nan	nan	nan	Scolaire	Constr. Neuve	PAEB	OS_PAEB	2025-01-03 10:52:46.368479+03	3399
2514	403050011	2	nan	nan	nan	Scolaire	Constr. Neuve	PAEB	OS_PAEB	2025-01-03 10:52:46.38376+03	3400
2515	403050008	2	nan	nan	nan	Scolaire	Constr. Neuve	PAEB	OS_PAEB	2025-01-03 10:52:46.399651+03	3401
2516	403020001	2	nan	nan	nan	Scolaire	Constr. Neuve	PAEB	OS_PAEB	2025-01-03 10:52:46.416661+03	3402
2517	403040011	2	nan	nan	nan	Scolaire	Constr. Neuve	PAEB	OS_PAEB	2025-01-03 10:52:46.434505+03	3403
2518	403040002	2	nan	nan	nan	Scolaire	Constr. Neuve	PAEB	OS_PAEB	2025-01-03 10:52:46.449577+03	3404
2519	403040006	2	nan	nan	nan	Scolaire	Constr. Neuve	PAEB	OS_PAEB	2025-01-03 10:52:46.464725+03	3405
2520	403040005	2	nan	nan	nan	Scolaire	Constr. Neuve	PAEB	OS_PAEB	2025-01-03 10:52:46.480586+03	3406
2521	403090011	2	nan	nan	nan	Scolaire	Constr. Neuve	PAEB	OS_PAEB	2025-01-03 10:52:46.497496+03	3407
2522	403090008	2	nan	nan	nan	Scolaire	Constr. Neuve	PAEB	OS_PAEB	2025-01-03 10:52:46.5134+03	3408
2523	403090017	2	nan	nan	nan	Scolaire	Constr. Neuve	PAEB	OS_PAEB	2025-01-03 10:52:46.528544+03	3409
2524	326090002	2	nan	nan	nan	Scolaire	Constr. Neuve	PAEB	OS_PAEB	2025-01-03 10:52:46.547022+03	3410
2525	326090004	2	nan	nan	nan	Scolaire	Constr. Neuve	PAEB	OS_PAEB	2025-01-03 10:52:46.563942+03	3411
2526	326100003	2	nan	nan	nan	Scolaire	Constr. Neuve	PAEB	OS_PAEB	2025-01-03 10:52:46.581202+03	3412
2527	326090003	2	nan	nan	nan	Scolaire	Constr. Neuve	PAEB	OS_PAEB	2025-01-03 10:52:46.596691+03	3413
2528	326030013	2	nan	nan	nan	Scolaire	Constr. Neuve	PAEB	OS_PAEB	2025-01-03 10:52:46.612631+03	3414
2529	326030010	2	nan	nan	nan	Scolaire	Constr. Neuve	PAEB	OS_PAEB	2025-01-03 10:52:46.628405+03	3415
2530	326020015	2	nan	nan	nan	Scolaire	Constr. Neuve	PAEB	OS_PAEB	2025-01-03 10:52:46.645787+03	3416
2531	326120008	2	nan	nan	nan	Scolaire	Constr. Neuve	PAEB	OS_PAEB	2025-01-03 10:52:46.662354+03	3417
2532	326050006	2	nan	nan	nan	Scolaire	Constr. Neuve	PAEB	OS_PAEB	2025-01-03 10:52:46.680324+03	3418
2533	326070018	2	nan	nan	nan	Scolaire	Constr. Neuve	PAEB	OS_PAEB	2025-01-03 10:52:46.696382+03	3419
2534	326020004	2	nan	nan	nan	Scolaire	Constr. Neuve	PAEB	OS_PAEB	2025-01-03 10:52:46.712346+03	3420
2535	326020011	2	nan	nan	nan	Scolaire	Constr. Neuve	PAEB	OS_PAEB	2025-01-03 10:52:46.72637+03	3421
2536	326020008	2	nan	nan	nan	Scolaire	Constr. Neuve	PAEB	OS_PAEB	2025-01-03 10:52:46.741497+03	3422
2537	326020013	2	nan	nan	nan	Scolaire	Constr. Neuve	PAEB	OS_PAEB	2025-01-03 10:52:46.757541+03	3423
2538	326020012	2	nan	nan	nan	Scolaire	Constr. Neuve	PAEB	OS_PAEB	2025-01-03 10:52:46.773553+03	3424
2539	326020014	2	nan	nan	nan	Scolaire	Constr. Neuve	PAEB	OS_PAEB	2025-01-03 10:52:46.787637+03	3425
2540	326120005	2	nan	nan	nan	Scolaire	Constr. Neuve	PAEB	OS_PAEB	2025-01-03 10:52:46.802356+03	3426
2541	326030015	2	nan	nan	nan	Scolaire	Constr. Neuve	PAEB	OS_PAEB	2025-01-03 10:52:46.813317+03	3427
2542	326030012	2	nan	nan	nan	Scolaire	Constr. Neuve	PAEB	OS_PAEB	2025-01-03 10:52:46.82329+03	3428
2543	326100001	2	nan	nan	nan	Scolaire	Constr. Neuve	PAEB	OS_PAEB	2025-01-03 10:52:46.834509+03	3429
2544	314050002	2	nan	nan	nan	Scolaire	Constr. Neuve	PAEB	OS_PAEB	2025-01-03 10:52:46.846475+03	3430
2545	314060015	2	nan	nan	nan	Scolaire	Constr. Neuve	PAEB	OS_PAEB	2025-01-03 10:52:46.856472+03	3431
2546	314040019	2	nan	nan	nan	Scolaire	Constr. Neuve	PAEB	OS_PAEB	2025-01-03 10:52:46.868014+03	3432
2547	314050019	2	nan	nan	nan	Scolaire	Constr. Neuve	PAEB	OS_PAEB	2025-01-03 10:52:46.879429+03	3433
2548	314040005	2	nan	nan	nan	Scolaire	Constr. Neuve	PAEB	OS_PAEB	2025-01-03 10:52:46.8893+03	3434
2549	314030033	2	nan	nan	nan	Scolaire	Constr. Neuve	PAEB	OS_PAEB	2025-01-03 10:52:46.901253+03	3435
2550	314030012	2	nan	nan	nan	Scolaire	Constr. Neuve	PAEB	OS_PAEB	2025-01-03 10:52:46.912219+03	3436
2551	314030026	2	nan	nan	nan	Scolaire	Constr. Neuve	PAEB	OS_PAEB	2025-01-03 10:52:46.923208+03	3437
2552	314030019	2	nan	nan	nan	Scolaire	Constr. Neuve	PAEB	OS_PAEB	2025-01-03 10:52:46.934625+03	3438
2553	314030002	2	nan	nan	nan	Scolaire	Constr. Neuve	PAEB	OS_PAEB	2025-01-03 10:52:46.946566+03	3439
2554	314010018	2	nan	nan	nan	Scolaire	Constr. Neuve	PAEB	OS_PAEB	2025-01-03 10:52:46.957705+03	3440
2555	314010013	2	nan	nan	nan	Scolaire	Constr. Neuve	PAEB	OS_PAEB	2025-01-03 10:52:46.968724+03	3441
2556	314010020	2	nan	nan	nan	Scolaire	Constr. Neuve	PAEB	OS_PAEB	2025-01-03 10:52:46.981128+03	3442
2557	314010016	2	nan	nan	nan	Scolaire	Constr. Neuve	PAEB	OS_PAEB	2025-01-03 10:52:46.991859+03	3443
2558	314020007	2	nan	nan	nan	Scolaire	Constr. Neuve	PAEB	OS_PAEB	2025-01-03 10:52:47.00549+03	3444
2559	314030017	2	nan	nan	nan	Scolaire	Constr. Neuve	PAEB	OS_PAEB	2025-01-03 10:52:47.018063+03	3445
2560	314030020	2	nan	nan	nan	Scolaire	Constr. Neuve	PAEB	OS_PAEB	2025-01-03 10:52:47.029394+03	3446
2561	314030034	2	nan	nan	nan	Scolaire	Constr. Neuve	PAEB	OS_PAEB	2025-01-03 10:52:47.040893+03	3447
2562	314070002	2	nan	nan	nan	Scolaire	Constr. Neuve	PAEB	OS_PAEB	2025-01-03 10:52:47.052562+03	3448
2563	314070003	2	nan	nan	nan	Scolaire	Constr. Neuve	PAEB	OS_PAEB	2025-01-03 10:52:47.065531+03	3449
2564	316330010	2	nan	nan	nan	Scolaire	Constr. Neuve	PAEB	OS_PAEB	2025-01-03 10:52:47.078561+03	3450
2565	316030008	2	nan	nan	nan	Scolaire	Constr. Neuve	PAEB	OS_PAEB	2025-01-03 10:52:47.090826+03	3451
2566	316200009	2	nan	nan	nan	Scolaire	Constr. Neuve	PAEB	OS_PAEB	2025-01-03 10:52:47.102338+03	3452
2567	316450001	2	nan	nan	nan	Scolaire	Constr. Neuve	PAEB	OS_PAEB	2025-01-03 10:52:47.114614+03	3453
2568	316010003	2	nan	nan	nan	Scolaire	Constr. Neuve	PAEB	OS_PAEB	2025-01-03 10:52:47.127556+03	3454
2569	316040006	2	nan	nan	nan	Scolaire	Constr. Neuve	PAEB	OS_PAEB	2025-01-03 10:52:47.139293+03	3455
2570	316070011	2	nan	nan	nan	Scolaire	Constr. Neuve	PAEB	OS_PAEB	2025-01-03 10:52:47.152506+03	3456
2571	316070012	2	nan	nan	nan	Scolaire	Constr. Neuve	PAEB	OS_PAEB	2025-01-03 10:52:47.164374+03	3457
2572	316250001	2	nan	nan	nan	Scolaire	Constr. Neuve	PAEB	OS_PAEB	2025-01-03 10:52:47.177338+03	3458
2573	316060003	2	nan	nan	nan	Scolaire	Constr. Neuve	PAEB	OS_PAEB	2025-01-03 10:52:47.189575+03	3459
2574	316060004	2	nan	nan	nan	Scolaire	Constr. Neuve	PAEB	OS_PAEB	2025-01-03 10:52:47.201398+03	3460
2575	316060006	2	nan	nan	nan	Scolaire	Constr. Neuve	PAEB	OS_PAEB	2025-01-03 10:52:47.211678+03	3461
2576	316250002	2	nan	nan	nan	Scolaire	Constr. Neuve	PAEB	OS_PAEB	2025-01-03 10:52:47.223051+03	3462
2577	316050019	2	nan	nan	nan	Scolaire	Constr. Neuve	PAEB	OS_PAEB	2025-01-03 10:52:47.236387+03	3463
2578	316240005	2	nan	nan	nan	Scolaire	Constr. Neuve	PAEB	OS_PAEB	2025-01-03 10:52:47.249501+03	3464
2579	316330008	2	nan	nan	nan	Scolaire	Constr. Neuve	PAEB	OS_PAEB	2025-01-03 10:52:47.261964+03	3465
2580	316360003	2	nan	nan	nan	Scolaire	Constr. Neuve	PAEB	OS_PAEB	2025-01-03 10:52:47.275898+03	3466
2581	316030003	2	nan	nan	nan	Scolaire	Constr. Neuve	PAEB	OS_PAEB	2025-01-03 10:52:47.289947+03	3467
2582	316200006	2	nan	nan	nan	Scolaire	Constr. Neuve	PAEB	OS_PAEB	2025-01-03 10:52:47.304141+03	3468
2583	316200012	2	nan	nan	nan	Scolaire	Constr. Neuve	PAEB	OS_PAEB	2025-01-03 10:52:47.318826+03	3469
2584	620010004	2	nan	nan	nan	Scolaire	Constr. Neuve	PAEB	OS_PAEB	2025-01-03 10:52:47.335354+03	3470
2585	620100090	2	nan	nan	nan	Scolaire	Constr. Neuve	PAEB	OS_PAEB	2025-01-03 10:52:47.350439+03	3471
2586	620100091	2	nan	nan	nan	Scolaire	Constr. Neuve	PAEB	OS_PAEB	2025-01-03 10:52:47.365428+03	3472
2587	620010002	2	nan	nan	nan	Scolaire	Constr. Neuve	PAEB	OS_PAEB	2025-01-03 10:52:47.380647+03	3473
2588	620130008	2	nan	nan	nan	Scolaire	Constr. Neuve	PAEB	OS_PAEB	2025-01-03 10:52:47.397533+03	3474
2589	620130014	2	nan	nan	nan	Scolaire	Constr. Neuve	PAEB	OS_PAEB	2025-01-03 10:52:47.411461+03	3475
2590	620100030	2	nan	nan	nan	Scolaire	Constr. Neuve	PAEB	OS_PAEB	2025-01-03 10:52:47.424731+03	3476
2591	620130009	2	nan	nan	nan	Scolaire	Constr. Neuve	PAEB	OS_PAEB	2025-01-03 10:52:47.439422+03	3477
2592	620020003	2	nan	nan	nan	Scolaire	Constr. Neuve	PAEB	OS_PAEB	2025-01-03 10:52:47.456748+03	3478
2593	620060006	2	nan	nan	nan	Scolaire	Constr. Neuve	PAEB	OS_PAEB	2025-01-03 10:52:47.473439+03	3479
2594	620070011	2	nan	nan	nan	Scolaire	Constr. Neuve	PAEB	OS_PAEB	2025-01-03 10:52:47.489395+03	3480
2595	620070008	2	nan	nan	nan	Scolaire	Constr. Neuve	PAEB	OS_PAEB	2025-01-03 10:52:47.503517+03	3481
2596	620050085	2	nan	nan	nan	Scolaire	Constr. Neuve	PAEB	OS_PAEB	2025-01-03 10:52:47.520579+03	3482
2597	620110004	2	nan	nan	nan	Scolaire	Constr. Neuve	PAEB	OS_PAEB	2025-01-03 10:52:47.53655+03	3483
2598	620130011	2	nan	nan	nan	Scolaire	Constr. Neuve	PAEB	OS_PAEB	2025-01-03 10:52:47.552393+03	3484
2599	620130001	2	nan	nan	nan	Scolaire	Constr. Neuve	PAEB	OS_PAEB	2025-01-03 10:52:47.567329+03	3485
2600	620060008	2	nan	nan	nan	Scolaire	Constr. Neuve	PAEB	OS_PAEB	2025-01-03 10:52:47.582395+03	3486
2601	620070004	2	nan	nan	nan	Scolaire	Constr. Neuve	PAEB	OS_PAEB	2025-01-03 10:52:47.597367+03	3487
2602	620100017	2	nan	nan	nan	Scolaire	Constr. Neuve	PAEB	OS_PAEB	2025-01-03 10:52:47.611262+03	3488
2603	620100016	2	nan	nan	nan	Scolaire	Constr. Neuve	PAEB	OS_PAEB	2025-01-03 10:52:47.625732+03	3489
2604	617010008	2	nan	nan	nan	Scolaire	Constr. Neuve	PAEB	OS_PAEB	2025-01-03 10:52:47.641313+03	3490
2605	617010007	2	nan	nan	nan	Scolaire	Constr. Neuve	PAEB	OS_PAEB	2025-01-03 10:52:47.656737+03	3491
2606	617010004	2	nan	nan	nan	Scolaire	Constr. Neuve	PAEB	OS_PAEB	2025-01-03 10:52:47.670762+03	3492
2607	617050090	2	nan	nan	nan	Scolaire	Constr. Neuve	PAEB	OS_PAEB	2025-01-03 10:52:47.685512+03	3493
2608	617130006	2	nan	nan	nan	Scolaire	Constr. Neuve	PAEB	OS_PAEB	2025-01-03 10:52:47.701001+03	3494
2609	617130013	2	nan	nan	nan	Scolaire	Constr. Neuve	PAEB	OS_PAEB	2025-01-03 10:52:47.715659+03	3495
2610	617090005	2	nan	nan	nan	Scolaire	Constr. Neuve	PAEB	OS_PAEB	2025-01-03 10:52:47.732366+03	3496
2611	617090004	2	nan	nan	nan	Scolaire	Constr. Neuve	PAEB	OS_PAEB	2025-01-03 10:52:47.74537+03	3497
2612	617090008	2	nan	nan	nan	Scolaire	Constr. Neuve	PAEB	OS_PAEB	2025-01-03 10:52:47.762347+03	3498
2613	617050005	2	nan	nan	nan	Scolaire	Constr. Neuve	PAEB	OS_PAEB	2025-01-03 10:52:47.778305+03	3499
2614	617130019	2	nan	nan	nan	Scolaire	Constr. Neuve	PAEB	OS_PAEB	2025-01-03 10:52:47.796281+03	3500
2615	617150006	2	nan	nan	nan	Scolaire	Constr. Neuve	PAEB	OS_PAEB	2025-01-03 10:52:47.812298+03	3501
2616	617110005	2	nan	nan	nan	Scolaire	Constr. Neuve	PAEB	OS_PAEB	2025-01-03 10:52:47.830883+03	3502
2617	617060004	2	nan	nan	nan	Scolaire	Constr. Neuve	PAEB	OS_PAEB	2025-01-03 10:52:47.848651+03	3503
2618	617090011	2	nan	nan	nan	Scolaire	Constr. Neuve	PAEB	OS_PAEB	2025-01-03 10:52:47.862419+03	3504
2619	617090010	2	nan	nan	nan	Scolaire	Constr. Neuve	PAEB	OS_PAEB	2025-01-03 10:52:47.874382+03	3505
2620	617010091	2	nan	nan	nan	Scolaire	Constr. Neuve	PAEB	OS_PAEB	2025-01-03 10:52:47.885518+03	3506
2621	617010090	2	nan	nan	nan	Scolaire	Constr. Neuve	PAEB	OS_PAEB	2025-01-03 10:52:47.897007+03	3507
2622	617010092	2	nan	nan	nan	Scolaire	Constr. Neuve	PAEB	OS_PAEB	2025-01-03 10:52:47.907691+03	3508
2623	617110007	2	nan	nan	nan	Scolaire	Constr. Neuve	PAEB	OS_PAEB	2025-01-03 10:52:47.919661+03	3509
2624	309010016	2	nan	nan	nan	Scolaire	Constr. Neuve	PAEB	OS_PAEB	2025-01-03 10:52:47.932476+03	3510
2625	309010017	2	nan	nan	nan	Scolaire	Constr. Neuve	PAEB	OS_PAEB	2025-01-03 10:52:47.943709+03	3511
2626	309010004	2	nan	nan	nan	Scolaire	Constr. Neuve	PAEB	OS_PAEB	2025-01-03 10:52:47.955238+03	3512
2627	309020001	2	nan	nan	nan	Scolaire	Constr. Neuve	PAEB	OS_PAEB	2025-01-03 10:52:47.967658+03	3513
2628	309080004	2	nan	nan	nan	Scolaire	Constr. Neuve	PAEB	OS_PAEB	2025-01-03 10:52:47.979857+03	3514
2629	309080002	2	nan	nan	nan	Scolaire	Constr. Neuve	PAEB	OS_PAEB	2025-01-03 10:52:47.990665+03	3515
2630	309080003	2	nan	nan	nan	Scolaire	Constr. Neuve	PAEB	OS_PAEB	2025-01-03 10:52:48.001693+03	3516
2631	309080006	2	nan	nan	nan	Scolaire	Constr. Neuve	PAEB	OS_PAEB	2025-01-03 10:52:48.01368+03	3517
2632	309080005	2	nan	nan	nan	Scolaire	Constr. Neuve	PAEB	OS_PAEB	2025-01-03 10:52:48.024651+03	3518
2633	309080015	2	nan	nan	nan	Scolaire	Constr. Neuve	PAEB	OS_PAEB	2025-01-03 10:52:48.036636+03	3519
2634	309070003	2	nan	nan	nan	Scolaire	Constr. Neuve	PAEB	OS_PAEB	2025-01-03 10:52:48.050525+03	3520
2635	309290002	2	nan	nan	nan	Scolaire	Constr. Neuve	PAEB	OS_PAEB	2025-01-03 10:52:48.06234+03	3521
2636	309070007	2	nan	nan	nan	Scolaire	Constr. Neuve	PAEB	OS_PAEB	2025-01-03 10:52:48.072334+03	3522
2637	309180004	2	nan	nan	nan	Scolaire	Constr. Neuve	PAEB	OS_PAEB	2025-01-03 10:52:48.084328+03	3523
2638	309160012	2	nan	nan	nan	Scolaire	Constr. Neuve	PAEB	OS_PAEB	2025-01-03 10:52:48.094707+03	3524
2639	309160014	2	nan	nan	nan	Scolaire	Constr. Neuve	PAEB	OS_PAEB	2025-01-03 10:52:48.104252+03	3525
2640	309160002	2	nan	nan	nan	Scolaire	Constr. Neuve	PAEB	OS_PAEB	2025-01-03 10:52:48.113528+03	3526
2641	309160016	2	nan	nan	nan	Scolaire	Constr. Neuve	PAEB	OS_PAEB	2025-01-03 10:52:48.122405+03	3527
2642	309160011	2	nan	nan	nan	Scolaire	Constr. Neuve	PAEB	OS_PAEB	2025-01-03 10:52:48.133562+03	3528
2643	309230002	2	nan	nan	nan	Scolaire	Constr. Neuve	PAEB	OS_PAEB	2025-01-03 10:52:48.145649+03	3529
2644	319130011	2	nan	nan	nan	Scolaire	Constr. Neuve	PAEB	OS_PAEB	2025-01-03 10:52:48.158367+03	3530
2645	319150007	2	nan	nan	nan	Scolaire	Constr. Neuve	PAEB	OS_PAEB	2025-01-03 10:52:48.168276+03	3531
2646	319150025	2	nan	nan	nan	Scolaire	Constr. Neuve	PAEB	OS_PAEB	2025-01-03 10:52:48.177264+03	3532
2647	319040020	2	nan	nan	nan	Scolaire	Constr. Neuve	PAEB	OS_PAEB	2025-01-03 10:52:48.187333+03	3533
2648	319170026	2	nan	nan	nan	Scolaire	Constr. Neuve	PAEB	OS_PAEB	2025-01-03 10:52:48.197876+03	3534
2649	319110015	2	nan	nan	nan	Scolaire	Constr. Neuve	PAEB	OS_PAEB	2025-01-03 10:52:48.207101+03	3535
2650	319120021	2	nan	nan	nan	Scolaire	Constr. Neuve	PAEB	OS_PAEB	2025-01-03 10:52:48.219371+03	3536
2651	319010021	2	nan	nan	nan	Scolaire	Constr. Neuve	PAEB	OS_PAEB	2025-01-03 10:52:48.231359+03	3537
2652	413040003	2	nan	nan	nan	Scolaire	Constr. Neuve	PAEB	OS_PAEB	2025-01-03 10:52:48.244318+03	3538
2653	0	2	nan	nan	nan	Scolaire	Constr. Neuve	PAEB	OS_PAEB	2025-01-03 10:52:48.254464+03	3539
2654	413020007	2	nan	nan	nan	Scolaire	Constr. Neuve	PAEB	OS_PAEB	2025-01-03 10:52:48.266431+03	3540
2655	413170007	2	nan	nan	nan	Scolaire	Constr. Neuve	PAEB	OS_PAEB	2025-01-03 10:52:48.278401+03	3541
2656	413170017	2	nan	nan	nan	Scolaire	Constr. Neuve	PAEB	OS_PAEB	2025-01-03 10:52:48.2894+03	3542
2657	413150002	2	nan	nan	nan	Scolaire	Constr. Neuve	PAEB	OS_PAEB	2025-01-03 10:52:48.300613+03	3543
2658	406010018	2	nan	nan	nan	Scolaire	Constr. Neuve	PAEB	OS_PAEB	2025-01-03 10:52:48.312662+03	3544
2659	406010024	2	nan	nan	nan	Scolaire	Constr. Neuve	PAEB	OS_PAEB	2025-01-03 10:52:48.32277+03	3545
2660	406010021	2	nan	nan	nan	Scolaire	Constr. Neuve	PAEB	OS_PAEB	2025-01-03 10:52:48.333718+03	3546
2661	406010007	2	nan	nan	nan	Scolaire	Constr. Neuve	PAEB	OS_PAEB	2025-01-03 10:52:48.34465+03	3547
2662	406050009	2	nan	nan	nan	Scolaire	Constr. Neuve	PAEB	OS_PAEB	2025-01-03 10:52:48.355639+03	3548
2663	507030021	2	nan	nan	nan	Scolaire	Constr. Neuve	PAEB	OS_PAEB	2025-01-03 10:52:48.366944+03	3549
2664	507030019	2	nan	nan	nan	Scolaire	Constr. Neuve	PAEB	OS_PAEB	2025-01-03 10:52:48.377394+03	3550
2665	507020014	2	nan	nan	nan	Scolaire	Constr. Neuve	PAEB	OS_PAEB	2025-01-03 10:52:48.387657+03	3551
2666	507030014	2	nan	nan	nan	Scolaire	Constr. Neuve	PAEB	OS_PAEB	2025-01-03 10:52:48.397406+03	3552
2667	507010006	2	nan	nan	nan	Scolaire	Constr. Neuve	PAEB	OS_PAEB	2025-01-03 10:52:48.408066+03	3553
2668	507020009	2	nan	nan	nan	Scolaire	Constr. Neuve	PAEB	OS_PAEB	2025-01-03 10:52:48.418562+03	3554
2669	507020016	2	nan	nan	nan	Scolaire	Constr. Neuve	PAEB	OS_PAEB	2025-01-03 10:52:48.428421+03	3555
2670	507050014	2	nan	nan	nan	Scolaire	Constr. Neuve	PAEB	OS_PAEB	2025-01-03 10:52:48.440537+03	3556
2671	507050011	2	nan	nan	nan	Scolaire	Constr. Neuve	PAEB	OS_PAEB	2025-01-03 10:52:48.450604+03	3557
2672	507050002	2	nan	nan	nan	Scolaire	Constr. Neuve	PAEB	OS_PAEB	2025-01-03 10:52:48.462164+03	3558
2673	507050013	2	nan	nan	nan	Scolaire	Constr. Neuve	PAEB	OS_PAEB	2025-01-03 10:52:48.472035+03	3559
2674	513100009	2	nan	nan	nan	Scolaire	Constr. Neuve	PAEB	OS_PAEB	2025-01-03 10:52:48.484671+03	3560
2675	606020014	2	nan	nan	nan	Scolaire	Constr. Neuve	PAEB	OS_PAEB	2025-01-03 10:52:48.494883+03	3561
2676	606020031	2	nan	nan	nan	Scolaire	Constr. Neuve	PAEB	OS_PAEB	2025-01-03 10:52:48.504746+03	3562
2677	606020050	2	nan	nan	nan	Scolaire	Constr. Neuve	PAEB	OS_PAEB	2025-01-03 10:52:48.515397+03	3563
2678	606080002	2	nan	nan	nan	Scolaire	Constr. Neuve	PAEB	OS_PAEB	2025-01-03 10:52:48.527359+03	3564
2679	606080001	2	nan	nan	nan	Scolaire	Constr. Neuve	PAEB	OS_PAEB	2025-01-03 10:52:48.538479+03	3565
2680	606050003	2	nan	nan	nan	Scolaire	Constr. Neuve	PAEB	OS_PAEB	2025-01-03 10:52:48.550447+03	3566
2681	606040028	2	nan	nan	nan	Scolaire	Constr. Neuve	PAEB	OS_PAEB	2025-01-03 10:52:48.563161+03	3567
2682	606040027	2	nan	nan	nan	Scolaire	Constr. Neuve	PAEB	OS_PAEB	2025-01-03 10:52:48.573085+03	3568
2683	606090003	2	nan	nan	nan	Scolaire	Constr. Neuve	PAEB	OS_PAEB	2025-01-03 10:52:48.585068+03	3569
2684	606010006	2	nan	nan	nan	Scolaire	Constr. Neuve	PAEB	OS_PAEB	2025-01-03 10:52:48.597475+03	3570
2685	610020022	2	nan	nan	nan	Scolaire	Constr. Neuve	PAEB	OS_PAEB	2025-01-03 10:52:48.609579+03	3571
2686	610040009	2	nan	nan	nan	Scolaire	Constr. Neuve	PAEB	OS_PAEB	2025-01-03 10:52:48.620211+03	3572
2687	610030004	2	nan	nan	nan	Scolaire	Constr. Neuve	PAEB	OS_PAEB	2025-01-03 10:52:48.636621+03	3573
2688	610030013	2	nan	nan	nan	Scolaire	Constr. Neuve	PAEB	OS_PAEB	2025-01-03 10:52:48.651708+03	3574
2689	610010901	2	nan	nan	nan	Scolaire	Constr. Neuve	PAEB	OS_PAEB	2025-01-03 10:52:48.669244+03	3575
2690	610020003	2	nan	nan	nan	Scolaire	Constr. Neuve	PAEB	OS_PAEB	2025-01-03 10:52:48.686649+03	3576
2691	610020014	2	nan	nan	nan	Scolaire	Constr. Neuve	PAEB	OS_PAEB	2025-01-03 10:52:48.703409+03	3577
2692	616051202	2	nan	nan	nan	Scolaire	Constr. Neuve	PAEB	OS_PAEB	2025-01-03 10:52:48.71639+03	3578
2693	616603001	2	nan	nan	nan	Scolaire	Constr. Neuve	PAEB	OS_PAEB	2025-01-03 10:52:48.727311+03	3579
2694	616020801	2	nan	nan	nan	Scolaire	Constr. Neuve	PAEB	OS_PAEB	2025-01-03 10:52:48.737301+03	3580
2695	616040003	2	nan	nan	nan	Scolaire	Constr. Neuve	PAEB	OS_PAEB	2025-01-03 10:52:48.750412+03	3581
2696	616070003	2	nan	nan	nan	Scolaire	Constr. Neuve	PAEB	OS_PAEB	2025-01-03 10:52:48.760451+03	3582
2697	616040007	2	nan	nan	nan	Scolaire	Constr. Neuve	PAEB	OS_PAEB	2025-01-03 10:52:48.769325+03	3583
2698	616040008	2	nan	nan	nan	Scolaire	Constr. Neuve	PAEB	OS_PAEB	2025-01-03 10:52:48.779496+03	3584
2699	319150006	2	nan	nan	nan	Scolaire	Constr. Neuve	PAEB	OS_PAEB	2025-01-03 10:52:48.789425+03	3585
2700	319140002	2	nan	nan	nan	Scolaire	Constr. Neuve	PAEB	OS_PAEB	2025-01-03 10:52:48.800307+03	3586
2701	319040018	2	nan	nan	nan	Scolaire	Constr. Neuve	PAEB	OS_PAEB	2025-01-03 10:52:48.810252+03	3587
2702	319040004	2	nan	nan	nan	Scolaire	Constr. Neuve	PAEB	OS_PAEB	2025-01-03 10:52:48.819968+03	3588
2703	319040006	2	nan	nan	nan	Scolaire	Constr. Neuve	PAEB	OS_PAEB	2025-01-03 10:52:48.830332+03	3589
2704	319040012	2	nan	nan	nan	Scolaire	Constr. Neuve	PAEB	OS_PAEB	2025-01-03 10:52:48.840325+03	3590
2705	319060005	2	nan	nan	nan	Scolaire	Constr. Neuve	PAEB	OS_PAEB	2025-01-03 10:52:48.851373+03	3591
2706	319060013	2	nan	nan	nan	Scolaire	Constr. Neuve	PAEB	OS_PAEB	2025-01-03 10:52:48.861665+03	3592
2707	319040011	2	nan	nan	nan	Scolaire	Constr. Neuve	PAEB	OS_PAEB	2025-01-03 10:52:48.871431+03	3593
2708	319060019	2	nan	nan	nan	Scolaire	Constr. Neuve	PAEB	OS_PAEB	2025-01-03 10:52:48.882893+03	3594
2709	319170015	2	nan	nan	nan	Scolaire	Constr. Neuve	PAEB	OS_PAEB	2025-01-03 10:52:48.892334+03	3595
2710	319080015	2	nan	nan	nan	Scolaire	Constr. Neuve	PAEB	OS_PAEB	2025-01-03 10:52:48.903292+03	3596
2711	413190013	2	nan	nan	nan	Scolaire	Constr. Neuve	PAEB	OS_PAEB	2025-01-03 10:52:48.914523+03	3597
2712	413100011	2	nan	nan	nan	Scolaire	Constr. Neuve	PAEB	OS_PAEB	2025-01-03 10:52:48.925242+03	3598
2713	413060005	2	nan	nan	nan	Scolaire	Constr. Neuve	PAEB	OS_PAEB	2025-01-03 10:52:48.934919+03	3599
2714	413130012	2	nan	nan	nan	Scolaire	Constr. Neuve	PAEB	OS_PAEB	2025-01-03 10:52:48.947089+03	3600
2715	0	2	nan	nan	nan	Scolaire	Constr. Neuve	PAEB	OS_PAEB	2025-01-03 10:52:48.956022+03	3601
2716	0	2	nan	nan	nan	Scolaire	Constr. Neuve	PAEB	OS_PAEB	2025-01-03 10:52:48.966748+03	3602
2717	413020014	2	nan	nan	nan	Scolaire	Constr. Neuve	PAEB	OS_PAEB	2025-01-03 10:52:48.97647+03	3603
2718	413020017	2	nan	nan	nan	Scolaire	Constr. Neuve	PAEB	OS_PAEB	2025-01-03 10:52:48.986579+03	3604
2719	413090002	2	nan	nan	nan	Scolaire	Constr. Neuve	PAEB	OS_PAEB	2025-01-03 10:52:48.997578+03	3605
2720	413070019	2	nan	nan	nan	Scolaire	Constr. Neuve	PAEB	OS_PAEB	2025-01-03 10:52:49.008555+03	3606
2721	413070014	2	nan	nan	nan	Scolaire	Constr. Neuve	PAEB	OS_PAEB	2025-01-03 10:52:49.019184+03	3607
2722	413100021	2	nan	nan	nan	Scolaire	Constr. Neuve	PAEB	OS_PAEB	2025-01-03 10:52:49.029428+03	3608
2723	0	2	nan	nan	nan	Scolaire	Constr. Neuve	PAEB	OS_PAEB	2025-01-03 10:52:49.03896+03	3609
2724	413150004	2	nan	nan	nan	Scolaire	Constr. Neuve	PAEB	OS_PAEB	2025-01-03 10:52:49.049583+03	3610
2725	406010013	2	nan	nan	nan	Scolaire	Constr. Neuve	PAEB	OS_PAEB	2025-01-03 10:52:49.061443+03	3611
2726	406040009	2	nan	nan	nan	Scolaire	Constr. Neuve	PAEB	OS_PAEB	2025-01-03 10:52:49.07222+03	3612
2727	406040005	2	nan	nan	nan	Scolaire	Constr. Neuve	PAEB	OS_PAEB	2025-01-03 10:52:49.083348+03	3613
2728	406040008	2	nan	nan	nan	Scolaire	Constr. Neuve	PAEB	OS_PAEB	2025-01-03 10:52:49.093268+03	3614
2729	406030009	2	nan	nan	nan	Scolaire	Constr. Neuve	PAEB	OS_PAEB	2025-01-03 10:52:49.104323+03	3615
2730	406030019	2	nan	nan	nan	Scolaire	Constr. Neuve	PAEB	OS_PAEB	2025-01-03 10:52:49.115296+03	3616
2731	406030008	2	nan	nan	nan	Scolaire	Constr. Neuve	PAEB	OS_PAEB	2025-01-03 10:52:49.124356+03	3617
2732	406020007	2	nan	nan	nan	Scolaire	Constr. Neuve	PAEB	OS_PAEB	2025-01-03 10:52:49.135009+03	3618
2733	406020009	2	nan	nan	nan	Scolaire	Constr. Neuve	PAEB	OS_PAEB	2025-01-03 10:52:49.146128+03	3619
2734	406020007	2	nan	nan	nan	Scolaire	Constr. Neuve	PAEB	OS_PAEB	2025-01-03 10:52:49.156131+03	3620
2735	406020014	2	nan	nan	nan	Scolaire	Constr. Neuve	PAEB	OS_PAEB	2025-01-03 10:52:49.16668+03	3621
2736	406050005	2	nan	nan	nan	Scolaire	Constr. Neuve	PAEB	OS_PAEB	2025-01-03 10:52:49.17679+03	3622
2737	406020018	2	nan	nan	nan	Scolaire	Constr. Neuve	PAEB	OS_PAEB	2025-01-03 10:52:49.186372+03	3623
2738	406030026	2	nan	nan	nan	Scolaire	Constr. Neuve	PAEB	OS_PAEB	2025-01-03 10:52:49.197943+03	3624
2739	0	2	nan	nan	nan	Scolaire	Constr. Neuve	PAEB	OS_PAEB	2025-01-03 10:52:49.20734+03	3625
2740	507030017	2	nan	nan	nan	Scolaire	Constr. Neuve	PAEB	OS_PAEB	2025-01-03 10:52:49.217906+03	3626
2741	507030007	2	nan	nan	nan	Scolaire	Constr. Neuve	PAEB	OS_PAEB	2025-01-03 10:52:49.228303+03	3627
2742	507010010	2	nan	nan	nan	Scolaire	Constr. Neuve	PAEB	OS_PAEB	2025-01-03 10:52:49.238477+03	3628
2743	507050006	2	nan	nan	nan	Scolaire	Constr. Neuve	PAEB	OS_PAEB	2025-01-03 10:52:49.24931+03	3629
2744	507040004	2	nan	nan	nan	Scolaire	Constr. Neuve	PAEB	OS_PAEB	2025-01-03 10:52:49.261384+03	3630
2745	507040001	2	nan	nan	nan	Scolaire	Constr. Neuve	PAEB	OS_PAEB	2025-01-03 10:52:49.271524+03	3631
2746	507040003	2	nan	nan	nan	Scolaire	Constr. Neuve	PAEB	OS_PAEB	2025-01-03 10:52:49.282365+03	3632
2747	507020015	2	nan	nan	nan	Scolaire	Constr. Neuve	PAEB	OS_PAEB	2025-01-03 10:52:49.292328+03	3633
2748	507020002	2	nan	nan	nan	Scolaire	Constr. Neuve	PAEB	OS_PAEB	2025-01-03 10:52:49.302257+03	3634
2749	513120019	2	nan	nan	nan	Scolaire	Constr. Neuve	PAEB	OS_PAEB	2025-01-03 10:52:49.314208+03	3635
2750	513110018	2	nan	nan	nan	Scolaire	Constr. Neuve	PAEB	OS_PAEB	2025-01-03 10:52:49.325778+03	3636
2751	513080006	2	nan	nan	nan	Scolaire	Constr. Neuve	PAEB	OS_PAEB	2025-01-03 10:52:49.337155+03	3637
2752	513040007	2	nan	nan	nan	Scolaire	Constr. Neuve	PAEB	OS_PAEB	2025-01-03 10:52:49.349122+03	3638
2753	513050021	2	nan	nan	nan	Scolaire	Constr. Neuve	PAEB	OS_PAEB	2025-01-03 10:52:49.360797+03	3639
2754	513050014	2	nan	nan	nan	Scolaire	Constr. Neuve	PAEB	OS_PAEB	2025-01-03 10:52:49.370285+03	3640
2755	513090024	2	nan	nan	nan	Scolaire	Constr. Neuve	PAEB	OS_PAEB	2025-01-03 10:52:49.382315+03	3641
2756	513080007	2	nan	nan	nan	Scolaire	Constr. Neuve	PAEB	OS_PAEB	2025-01-03 10:52:49.394307+03	3642
2757	513140005	2	nan	nan	nan	Scolaire	Constr. Neuve	PAEB	OS_PAEB	2025-01-03 10:52:49.405248+03	3643
2758	513130010	2	nan	nan	nan	Scolaire	Constr. Neuve	PAEB	OS_PAEB	2025-01-03 10:52:49.417832+03	3644
2759	513060030	2	nan	nan	nan	Scolaire	Constr. Neuve	PAEB	OS_PAEB	2025-01-03 10:52:49.429549+03	3645
2760	513020012	2	nan	nan	nan	Scolaire	Constr. Neuve	PAEB	OS_PAEB	2025-01-03 10:52:49.440875+03	3646
2761	513130008	2	nan	nan	nan	Scolaire	Constr. Neuve	PAEB	OS_PAEB	2025-01-03 10:52:49.450662+03	3647
2762	513090007	2	nan	nan	nan	Scolaire	Constr. Neuve	PAEB	OS_PAEB	2025-01-03 10:52:49.462537+03	3648
2763	513110020	2	nan	nan	nan	Scolaire	Constr. Neuve	PAEB	OS_PAEB	2025-01-03 10:52:49.472253+03	3649
2764	513050018	2	nan	nan	nan	Scolaire	Constr. Neuve	PAEB	OS_PAEB	2025-01-03 10:52:49.482285+03	3650
2765	513030014	2	nan	nan	nan	Scolaire	Constr. Neuve	PAEB	OS_PAEB	2025-01-03 10:52:49.493283+03	3651
2766	513100010	2	nan	nan	nan	Scolaire	Constr. Neuve	PAEB	OS_PAEB	2025-01-03 10:52:49.503256+03	3652
2767	513070008	2	nan	nan	nan	Scolaire	Constr. Neuve	PAEB	OS_PAEB	2025-01-03 10:52:49.514592+03	3653
2768	606020015	2	nan	nan	nan	Scolaire	Constr. Neuve	PAEB	OS_PAEB	2025-01-03 10:52:49.523483+03	3654
2769	606080102	2	nan	nan	nan	Scolaire	Constr. Neuve	PAEB	OS_PAEB	2025-01-03 10:52:49.534471+03	3655
2770	606070305	2	nan	nan	nan	Scolaire	Constr. Neuve	PAEB	OS_PAEB	2025-01-03 10:52:49.54679+03	3656
2771	606010402	2	nan	nan	nan	Scolaire	Constr. Neuve	PAEB	OS_PAEB	2025-01-03 10:52:49.556565+03	3657
2772	606090202	2	nan	nan	nan	Scolaire	Constr. Neuve	PAEB	OS_PAEB	2025-01-03 10:52:49.567106+03	3658
2773	606090002	2	nan	nan	nan	Scolaire	Constr. Neuve	PAEB	OS_PAEB	2025-01-03 10:52:49.577205+03	3659
2774	606060004	2	nan	nan	nan	Scolaire	Constr. Neuve	PAEB	OS_PAEB	2025-01-03 10:52:49.587692+03	3660
2775	606030018	2	nan	nan	nan	Scolaire	Constr. Neuve	PAEB	OS_PAEB	2025-01-03 10:52:49.598397+03	3661
2776	606030004	2	nan	nan	nan	Scolaire	Constr. Neuve	PAEB	OS_PAEB	2025-01-03 10:52:49.607303+03	3662
2777	606030009	2	nan	nan	nan	Scolaire	Constr. Neuve	PAEB	OS_PAEB	2025-01-03 10:52:49.617563+03	3663
2778	610040001	2	nan	nan	nan	Scolaire	Constr. Neuve	PAEB	OS_PAEB	2025-01-03 10:52:49.627529+03	3664
2779	610040015	2	nan	nan	nan	Scolaire	Constr. Neuve	PAEB	OS_PAEB	2025-01-03 10:52:49.637048+03	3665
2780	610011601	2	nan	nan	nan	Scolaire	Constr. Neuve	PAEB	OS_PAEB	2025-01-03 10:52:49.647507+03	3666
2781	610011501	2	nan	nan	nan	Scolaire	Constr. Neuve	PAEB	OS_PAEB	2025-01-03 10:52:49.657451+03	3667
2782	610010003	2	nan	nan	nan	Scolaire	Constr. Neuve	PAEB	OS_PAEB	2025-01-03 10:52:49.667301+03	3668
2783	610010021	2	nan	nan	nan	Scolaire	Constr. Neuve	PAEB	OS_PAEB	2025-01-03 10:52:49.678839+03	3669
2784	610030701	2	nan	nan	nan	Scolaire	Constr. Neuve	PAEB	OS_PAEB	2025-01-03 10:52:49.687581+03	3670
2785	610033201	2	nan	nan	nan	Scolaire	Constr. Neuve	PAEB	OS_PAEB	2025-01-03 10:52:49.697583+03	3671
2786	610010007	2	nan	nan	nan	Scolaire	Constr. Neuve	PAEB	OS_PAEB	2025-01-03 10:52:49.707766+03	3672
2787	610030028	2	nan	nan	nan	Scolaire	Constr. Neuve	PAEB	OS_PAEB	2025-01-03 10:52:49.719499+03	3673
2788	610030030	2	nan	nan	nan	Scolaire	Constr. Neuve	PAEB	OS_PAEB	2025-01-03 10:52:49.729551+03	3674
2789	610030015	2	nan	nan	nan	Scolaire	Constr. Neuve	PAEB	OS_PAEB	2025-01-03 10:52:49.739141+03	3675
2790	610030024	2	nan	nan	nan	Scolaire	Constr. Neuve	PAEB	OS_PAEB	2025-01-03 10:52:49.749638+03	3676
2791	616020024	2	nan	nan	nan	Scolaire	Constr. Neuve	PAEB	OS_PAEB	2025-01-03 10:52:49.760152+03	3677
2792	616060503	2	nan	nan	nan	Scolaire	Constr. Neuve	PAEB	OS_PAEB	2025-01-03 10:52:49.77124+03	3678
2793	616060013	2	nan	nan	nan	Scolaire	Constr. Neuve	PAEB	OS_PAEB	2025-01-03 10:52:49.781392+03	3679
2794	616051005	2	nan	nan	nan	Scolaire	Constr. Neuve	PAEB	OS_PAEB	2025-01-03 10:52:49.790396+03	3680
2795	616010005	2	nan	nan	nan	Scolaire	Constr. Neuve	PAEB	OS_PAEB	2025-01-03 10:52:49.80208+03	3681
2796	616030205	2	nan	nan	nan	Scolaire	Constr. Neuve	PAEB	OS_PAEB	2025-01-03 10:52:49.812389+03	3682
2797	616040004	2	nan	nan	nan	Scolaire	Constr. Neuve	PAEB	OS_PAEB	2025-01-03 10:52:49.822381+03	3683
2798	616050009	2	nan	nan	nan	Scolaire	Constr. Neuve	PAEB	OS_PAEB	2025-01-03 10:52:49.83365+03	3684
2799	616020012	2	nan	nan	nan	Scolaire	Constr. Neuve	PAEB	OS_PAEB	2025-01-03 10:52:49.844112+03	3685
2800	616040014	2	nan	nan	nan	Scolaire	Constr. Neuve	PAEB	OS_PAEB	2025-01-03 10:52:49.852854+03	3686
2801	616060004	2	nan	nan	nan	Scolaire	Constr. Neuve	PAEB	OS_PAEB	2025-01-03 10:52:49.863952+03	3687
2802	616060403	2	nan	nan	nan	Scolaire	Constr. Neuve	PAEB	OS_PAEB	2025-01-03 10:52:49.874254+03	3688
2803	616040010	2	nan	nan	nan	Scolaire	Constr. Neuve	PAEB	OS_PAEB	2025-01-03 10:52:49.884504+03	3689
2804	309010016	2	nan	nan	nan	Scolaire	Constr. Neuve	PAEB	OS_PAEB	2025-01-03 10:52:49.895199+03	3690
2805	309010017	2	nan	nan	nan	Scolaire	Constr. Neuve	PAEB	OS_PAEB	2025-01-03 10:52:49.906169+03	3691
2806	309010004	2	nan	nan	nan	Scolaire	Constr. Neuve	PAEB	OS_PAEB	2025-01-03 10:52:49.916205+03	3692
2807	309020001	2	nan	nan	nan	Scolaire	Constr. Neuve	PAEB	OS_PAEB	2025-01-03 10:52:49.926646+03	3693
2808	309080004	2	nan	nan	nan	Scolaire	Constr. Neuve	PAEB	OS_PAEB	2025-01-03 10:52:49.936832+03	3694
2809	309080002	2	nan	nan	nan	Scolaire	Constr. Neuve	PAEB	OS_PAEB	2025-01-03 10:52:49.947325+03	3695
2810	309080003	2	nan	nan	nan	Scolaire	Constr. Neuve	PAEB	OS_PAEB	2025-01-03 10:52:49.95672+03	3696
2811	309080006	2	nan	nan	nan	Scolaire	Constr. Neuve	PAEB	OS_PAEB	2025-01-03 10:52:49.966742+03	3697
2812	309080005	2	nan	nan	nan	Scolaire	Constr. Neuve	PAEB	OS_PAEB	2025-01-03 10:52:49.976306+03	3698
2813	309080015	2	nan	nan	nan	Scolaire	Constr. Neuve	PAEB	OS_PAEB	2025-01-03 10:52:49.986333+03	3699
2814	309070003	2	nan	nan	nan	Scolaire	Constr. Neuve	PAEB	OS_PAEB	2025-01-03 10:52:49.996306+03	3700
2815	309290002	2	nan	nan	nan	Scolaire	Constr. Neuve	PAEB	OS_PAEB	2025-01-03 10:52:50.006704+03	3701
2816	309070007	2	nan	nan	nan	Scolaire	Constr. Neuve	PAEB	OS_PAEB	2025-01-03 10:52:50.017209+03	3702
2817	309180004	2	nan	nan	nan	Scolaire	Constr. Neuve	PAEB	OS_PAEB	2025-01-03 10:52:50.02755+03	3703
2818	309160012	2	nan	nan	nan	Scolaire	Constr. Neuve	PAEB	OS_PAEB	2025-01-03 10:52:50.038519+03	3704
2819	309160014	2	nan	nan	nan	Scolaire	Constr. Neuve	PAEB	OS_PAEB	2025-01-03 10:52:50.050543+03	3705
2820	309160002	2	nan	nan	nan	Scolaire	Constr. Neuve	PAEB	OS_PAEB	2025-01-03 10:52:50.062291+03	3706
2821	309160016	2	nan	nan	nan	Scolaire	Constr. Neuve	PAEB	OS_PAEB	2025-01-03 10:52:50.073813+03	3707
2822	309160011	2	nan	nan	nan	Scolaire	Constr. Neuve	PAEB	OS_PAEB	2025-01-03 10:52:50.087731+03	3708
2823	309230002	2	nan	nan	nan	Scolaire	Constr. Neuve	PAEB	OS_PAEB	2025-01-03 10:52:50.098293+03	3709
2824	319130011	2	nan	nan	nan	Scolaire	Constr. Neuve	PAEB	OS_PAEB	2025-01-03 10:52:50.109634+03	3710
2825	319150006	2	nan	nan	nan	Scolaire	Constr. Neuve	PAEB	OS_PAEB	2025-01-03 10:52:50.118715+03	3711
2826	319150007	2	nan	nan	nan	Scolaire	Constr. Neuve	PAEB	OS_PAEB	2025-01-03 10:52:50.129121+03	3712
2827	319140002	2	nan	nan	nan	Scolaire	Constr. Neuve	PAEB	OS_PAEB	2025-01-03 10:52:50.137462+03	3713
2828	319150025	2	nan	nan	nan	Scolaire	Constr. Neuve	PAEB	OS_PAEB	2025-01-03 10:52:50.147012+03	3714
2829	319040020	2	nan	nan	nan	Scolaire	Constr. Neuve	PAEB	OS_PAEB	2025-01-03 10:52:50.158297+03	3715
2830	319040018	2	nan	nan	nan	Scolaire	Constr. Neuve	PAEB	OS_PAEB	2025-01-03 10:52:50.17031+03	3716
2831	319040004	2	nan	nan	nan	Scolaire	Constr. Neuve	PAEB	OS_PAEB	2025-01-03 10:52:50.180817+03	3717
2832	319040006	2	nan	nan	nan	Scolaire	Constr. Neuve	PAEB	OS_PAEB	2025-01-03 10:52:50.191346+03	3718
2833	319040012	2	nan	nan	nan	Scolaire	Constr. Neuve	PAEB	OS_PAEB	2025-01-03 10:52:50.202291+03	3719
2834	319060005	2	nan	nan	nan	Scolaire	Constr. Neuve	PAEB	OS_PAEB	2025-01-03 10:52:50.213785+03	3720
2835	319060013	2	nan	nan	nan	Scolaire	Constr. Neuve	PAEB	OS_PAEB	2025-01-03 10:52:50.224476+03	3721
2836	319040011	2	nan	nan	nan	Scolaire	Constr. Neuve	PAEB	OS_PAEB	2025-01-03 10:52:50.237695+03	3722
2837	319060019	2	nan	nan	nan	Scolaire	Constr. Neuve	PAEB	OS_PAEB	2025-01-03 10:52:50.249123+03	3723
2838	319170026	2	nan	nan	nan	Scolaire	Constr. Neuve	PAEB	OS_PAEB	2025-01-03 10:52:50.259414+03	3724
2839	319170015	2	nan	nan	nan	Scolaire	Constr. Neuve	PAEB	OS_PAEB	2025-01-03 10:52:50.270862+03	3725
2840	319080015	2	nan	nan	nan	Scolaire	Constr. Neuve	PAEB	OS_PAEB	2025-01-03 10:52:50.281555+03	3726
2841	319110015	2	nan	nan	nan	Scolaire	Constr. Neuve	PAEB	OS_PAEB	2025-01-03 10:52:50.291327+03	3727
2842	319120021	2	nan	nan	nan	Scolaire	Constr. Neuve	PAEB	OS_PAEB	2025-01-03 10:52:50.303317+03	3728
2843	319010021	2	nan	nan	nan	Scolaire	Constr. Neuve	PAEB	OS_PAEB	2025-01-03 10:52:50.314545+03	3729
2844	318020001	2	nan	nan	nan	Scolaire	Constr. Neuve	PAEB	OS_PAEB	2025-01-03 10:52:50.327478+03	3730
2845	318020007	2	nan	nan	nan	Scolaire	Constr. Neuve	PAEB	OS_PAEB	2025-01-03 10:52:50.33664+03	3731
2846	318020003	2	nan	nan	nan	Scolaire	Constr. Neuve	PAEB	OS_PAEB	2025-01-03 10:52:50.346642+03	3732
2847	318020010	2	nan	nan	nan	Scolaire	Constr. Neuve	PAEB	OS_PAEB	2025-01-03 10:52:50.356813+03	3733
2848	318040004	2	nan	nan	nan	Scolaire	Constr. Neuve	PAEB	OS_PAEB	2025-01-03 10:52:50.368867+03	3734
2849	318010002	2	nan	nan	nan	Scolaire	Constr. Neuve	PAEB	OS_PAEB	2025-01-03 10:52:50.381747+03	3735
2850	318010014	2	nan	nan	nan	Scolaire	Constr. Neuve	PAEB	OS_PAEB	2025-01-03 10:52:50.39234+03	3736
2851	318030018	2	nan	nan	nan	Scolaire	Constr. Neuve	PAEB	OS_PAEB	2025-01-03 10:52:50.403372+03	3737
2852	318070011	2	nan	nan	nan	Scolaire	Constr. Neuve	PAEB	OS_PAEB	2025-01-03 10:52:50.413842+03	3738
2853	318030015	2	nan	nan	nan	Scolaire	Constr. Neuve	PAEB	OS_PAEB	2025-01-03 10:52:50.424809+03	3739
2854	318030003	2	nan	nan	nan	Scolaire	Constr. Neuve	PAEB	OS_PAEB	2025-01-03 10:52:50.43578+03	3740
2855	318030002	2	nan	nan	nan	Scolaire	Constr. Neuve	PAEB	OS_PAEB	2025-01-03 10:52:50.447281+03	3741
2856	318060007	2	nan	nan	nan	Scolaire	Constr. Neuve	PAEB	OS_PAEB	2025-01-03 10:52:50.459564+03	3742
2857	318060008	2	nan	nan	nan	Scolaire	Constr. Neuve	PAEB	OS_PAEB	2025-01-03 10:52:50.469453+03	3743
2858	318060014	2	nan	nan	nan	Scolaire	Constr. Neuve	PAEB	OS_PAEB	2025-01-03 10:52:50.480906+03	3744
2859	318040002	2	nan	nan	nan	Scolaire	Constr. Neuve	PAEB	OS_PAEB	2025-01-03 10:52:50.490944+03	3745
2860	318040005	2	nan	nan	nan	Scolaire	Constr. Neuve	PAEB	OS_PAEB	2025-01-03 10:52:50.501763+03	3746
2861	318040015	2	nan	nan	nan	Scolaire	Constr. Neuve	PAEB	OS_PAEB	2025-01-03 10:52:50.513369+03	3747
2862	318040008	2	nan	nan	nan	Scolaire	Constr. Neuve	PAEB	OS_PAEB	2025-01-03 10:52:50.525281+03	3748
2863	318040010	2	nan	nan	nan	Scolaire	Constr. Neuve	PAEB	OS_PAEB	2025-01-03 10:52:50.535798+03	3749
2864	… / MEN/PRMP-Tx/2020	4	nan	nan	nan	Scolaire	Constr. Neuve	RPI	OS_2021	2025-01-03 10:52:50.548764+03	3750
2865	… / MEN/PRMP-Tx/2020	4	nan	nan	nan	Scolaire	Constr. Neuve	RPI	OS_2021	2025-01-03 10:52:50.561047+03	3751
2866	… / MEN/PRMP-Tx/2020	4	Entreprise FIFALIANA	nan	nan	Scolaire	Constr. Neuve	RPI	OS_2021	2025-01-03 10:52:50.570784+03	3752
2867	… / MEN/PRMP-Tx/2020	2	Entreprise ANJARASOA	nan	90 jours	Scolaire	Constr. Neuve	RPI	OS_2020	2025-01-03 10:52:50.584257+03	3753
2868	… / MEN/PRMP-Tx/2020	4	Entreprise NIRINA T	nan	100 jours	Scolaire	Constr. Neuve	RPI	OS_2021	2025-01-03 10:52:50.594784+03	3754
2871	… / MEN/PRMP-Tx/2020	Autres	MINO	nan	nan	Administratif	Rehabilitation	RPI	OS_2023	2025-01-03 10:52:50.625765+03	3757
2870	… / MEN/PRMP-Tx/2020	Autres	MINO	nan	nan	Administratif	Rehabilitation	RPI	OS_2023	2025-01-03 10:52:50.615592+03	3756
2869	… / MEN/PRMP-Tx/2020	12	Entreprise GTLR	nan	90 jours	Scolaire	Constr. Neuve	RPI	OS_2019	2025-01-03 10:52:50.604908+03	3755
2014	… / MEN/PRMP-Tx/2020	4	Entreprise RAOBELINA HARIMALALA	nan	100	Scolaire	Constr. Neuve	RPI	OS_2021	2025-01-03 10:52:39.598513+03	2900
2061	028-2019/MENETP/PRMP/RV-02	12	Entreprise EMCE	nan	150	Scolaire	Constr. Neuve	RPI	OS_2021	2025-01-03 10:52:40.174464+03	2947
2128	… / MEN/PRMP-Tx/2020	2	ANDRIVATO	nan	nan	Scolaire	Constr. Neuve	RPI	OS_2023	2025-01-03 10:52:41.024669+03	3014
2173	: 22 /AOO/MENETP/PRMP/19	12	Entreprise NIARY	340524168	150	Scolaire	Constr. Neuve	RPI	OS_2020	2025-01-03 10:52:41.761605+03	3059
2223	15-2023/MEN/PRMP/Tvx-PI	24	Entreprise COPEA SARLU		180	Scolaire	Constr. Neuve	RPI	OS_2024	2025-01-03 10:52:42.472425+03	3109
2259	MS/MEN/PRMP/Tvx/20 : Sous lot n°IV- D .2a	2	Entreprise NASRA	342721066	90	Scolaire	Constr. Neuve	RPI	OS_2020	2025-01-03 10:52:42.983588+03	3145
2264	-MS/MEN/PRMP/Tvx/20 lot n°IV- D .3a	2	e/se DANIEL	344559575	90	Scolaire	Constr. Neuve	RPI	OS_2020	2025-01-03 10:52:43.050325+03	3150
2309	-MS/MEN/PRMP/Tvx/20 Sous lot n°IV- D .4b	2	ZAFITIANA DELVIN	341020551	90	Scolaire	Constr. Neuve	RPI	OS_2020	2025-01-03 10:52:43.693472+03	3195
2320	41-2021/MS/MEN/PRMP-Tvx-PI	4	Entreprise BRIGITTE ANITA	342721066	100	Scolaire	Constr. Neuve	RPI	OS_2021	2025-01-03 10:52:43.840692+03	3206
2414	91-22/MEN/PRMP/Tvx-PI	4	ENTREPRISE FITALIA	nan	nan	Scolaire	Constr. Neuve	RPI	OS_2023	2025-01-03 10:52:45.014421+03	3300
2413	90-22/MEN/PRMP/Tvx-PI	4	ENTREPRISE FITALIA	nan	nan	Scolaire	Constr. Neuve	RPI	OS_2023	2025-01-03 10:52:45.003463+03	3299
\.


--
-- TOC entry 5025 (class 0 OID 33375)
-- Dependencies: 251
-- Data for Name: construction_personnel; Type: TABLE DATA; Schema: public; Owner: michpi
--

COPY public.construction_personnel (id, im, nom, prenom, tel, fonction, service) FROM stdin;
1	478 655	RAMAMPIANDRANIRINA	Joseph Michelson	0340528228	Informaticien	Bureau Rattaché
2	392 825	RAFEFIMANANA	Sambilason Richard	0345300363	Directeur du Patrimoine Foncier et des Infrastructures	Bureau Rattaché
3	328 636	RANDRIANARISOA	Hery Hajaniaina	\N	Appui comptable	Bureau Rattaché
4	498 302	RASENDRAHASINA	Tahirintsoa Eugénie	0340346194	Ingénieur de Contrôle	Bureau Rattaché
\.


--
-- TOC entry 5010 (class 0 OID 17075)
-- Dependencies: 236
-- Data for Name: construction_province; Type: TABLE DATA; Schema: public; Owner: michpi
--

COPY public.construction_province (id, name, create_on) FROM stdin;
35	TOAMASINA	2025-01-03 10:52:39.172153+03
36	FIANARANTSOA	2025-01-03 10:52:39.210493+03
37	ANTSIRANANA	2025-01-03 10:52:39.254114+03
38	MAHAJANGA	2025-01-03 10:52:39.314358+03
39	ANTANANARIVO	2025-01-03 10:52:39.419156+03
40	TOLIARA	2025-01-03 10:52:39.571545+03
41	Autre	2025-01-03 10:52:45.581184+03
\.


--
-- TOC entry 5031 (class 0 OID 33402)
-- Dependencies: 257
-- Data for Name: construction_quotaannuel; Type: TABLE DATA; Schema: public; Owner: michpi
--

COPY public.construction_quotaannuel (id, annee, quota_total, quota_utilise, fond, utilisateur_id) FROM stdin;
1	2023	30	18		1
2	2024	25	0		4
\.


--
-- TOC entry 5012 (class 0 OID 17081)
-- Dependencies: 238
-- Data for Name: construction_region; Type: TABLE DATA; Schema: public; Owner: michpi
--

COPY public.construction_region (id, name, create_on, province_id) FROM stdin;
115	ATSINANANA	2025-01-03 10:52:39.18113+03	35
116	HAUTE MATSIATRA	2025-01-03 10:52:39.213205+03	36
117	DIANA	2025-01-03 10:52:39.263217+03	37
118	AMORON_I_MANIA	2025-01-03 10:52:39.301295+03	36
119	BOENY	2025-01-03 10:52:39.316899+03	38
120	VAKINANKARATRA	2025-01-03 10:52:39.421252+03	39
121	MELAKY	2025-01-03 10:52:39.470745+03	38
122	ALAOTRA_MANGORO	2025-01-03 10:52:39.498594+03	35
123	ANOSY	2025-01-03 10:52:39.574537+03	40
124	ANALAMANGA	2025-01-03 10:52:39.624401+03	39
125	BONGOLAVA	2025-01-03 10:52:39.690633+03	39
126	ANDROY	2025-01-03 10:52:39.824425+03	40
127	ATSIMO ANDREFANA	2025-01-03 10:52:39.937355+03	40
128	SOFIA	2025-01-03 10:52:40.128954+03	38
129	SAVA	2025-01-03 10:52:40.178453+03	37
130	ANALANJIROFO	2025-01-03 10:52:40.360498+03	35
131	FITOVINANY	2025-01-03 10:52:40.48226+03	36
132	ITASY	2025-01-03 10:52:41.100545+03	39
134	MENABE	2025-01-03 10:52:41.35713+03	40
135	VATOVAVY	2025-01-03 10:52:42.218057+03	36
136	IHOROMBE	2025-01-03 10:52:42.235336+03	36
137	BETSIBOKA	2025-01-03 10:52:42.445328+03	38
139	Autre	2025-01-03 10:52:45.583277+03	41
142	Vatovavy	2025-01-03 10:52:48.148602+03	36
133	ATSIMO ATSINANANA	2025-01-03 10:52:41.253508+03	36
\.


--
-- TOC entry 5019 (class 0 OID 17159)
-- Dependencies: 245
-- Data for Name: construction_site; Type: TABLE DATA; Schema: public; Owner: michpi
--

COPY public.construction_site (id, objet, "nomEtab", "TypeEtab", fokontany, create_on, commune_id) FROM stdin;
2870	Travaux de construction  d'un EPP Manarapenitra ( 12 salles de classes)  à Mahanoro, province de Toamasina 	EPP Mahanoro	EPP	TANAMBOROZANO	2025-01-03 10:52:39.201235+03	5303
2871	Travaux de construction  deux salles  Manarapenitra dans la province de Fianarantsoa - Région HAUTE MATSIATRA –District  AMBALAVAO –commune Ambohimahamasina (EPP Anjamana)	EPP Anjamana	EPP	ANJAMANA	2025-01-03 10:52:39.221449+03	5304
2872	Travaux de construction  deux salles  Manarapenitra dans la province de Fianarantsoa - Région HAUTE MATSIATRA –District  AMBALAVAO –commune IARINTSENA (EPP IARINTSENA)	EPP Iarintsena	EPP	FIRAISANTSOA	2025-01-03 10:52:39.234162+03	5305
2873	Lot n°4 : Travaux de construction des bâtiments scolaires à deux (02) salles manarapenitra dans la DREN Haute Matsiatra - Cisco Ambalavao - ZAP Manamisoa - Fokontany Imbato - EPP Vohiboay	EPP Vohiboay	EPP	IMBATO	2025-01-03 10:52:39.244278+03	5306
2874	Travaux de construction de deux salles équipés Manara-penitra avec latrines dans les Province Antsiranana DISTRICT AMBANJA ZAP AMBOHIMENA (EPP ANKAZOMATSORAKA)	EPP ANKAZOMATSORAKA	EPP	ANKAZOMATSORAKA	2025-01-03 10:52:39.271245+03	5307
2875	Travaux de construction de blocs de deux salles  Manarapenitra dans la province   ANTSIRANANA– Région DIANA–District Ambanja\n– Commune   AMBALAHONKO -EPP ANDIMAKAFITO	EPP ANDIMAKAFITO	EPP	ANDIMAKAFITO	2025-01-03 10:52:39.28363+03	5308
2876	Travaux de construction de blocs de deux salles  Manarapenitra dans la province   ANTSIRANANA– Région DIANA–District Ambanja\n– Commune   ANKINGAMELOKA-EPP BERAMBO	EPP BERAMBO	EPP	BERAMBO	2025-01-03 10:52:39.294313+03	5309
2877	Travaux de construction d’un EPP de référence à 12 salles sis à Alakamisy	EPP Alakamisy	EPP	Alakamisy	2025-01-03 10:52:39.308339+03	5310
2878	Travaux de construction deux salles Manarapenitra dans la province Mahajanga EPP ANKIJABE	CEG ANKIJABE	CEG	nan	2025-01-03 10:52:39.323529+03	5311
2879	Travaux de construction deux salles Manarapenitra dans la province Mahajanga EPP MADIROVALO	EPP MADIROVALO	EPP	nan	2025-01-03 10:52:39.335122+03	5312
2880	Travaux de construction deux salles Manarapenitra dans la province de Fianarantsoa - Région Amoron'i Mania - District Ambatofinandrahana - Commune FENOARIVO (Ambalamahatsara) EPP	EPP Fenoarivo	EPP	Ambalamahatsara	2025-01-03 10:52:39.347361+03	5313
2881	Travaux de construction deux salles Manarapenitra dans la province de Fianarantsoa - Région Amoron'i Mania - District Ambatofinandrahana - Commune SOAVINA (Ikatelo) EPP	EPP Ikatelo	EPP	Ikatelo	2025-01-03 10:52:39.357272+03	5314
2882	Travaux de construction des blocs de deux  salles  Manarapenitra dans la province FIANARANTSOA  – Région AMORON'I MANIA –District Ambatofinandrahana\n– Commune Ambondromisotra - Ambondromisotra	EPP Ambondromisotra	EPP	Ambondromisotra	2025-01-03 10:52:39.369277+03	5315
2883	Travaux de construction des blocs de deux  salles  Manarapenitra dans la province FIANARANTSOA  – Région AMORON'I MANIA –District Ambatofinandrahana\n – Commune FENOARIVO- EPP Antsahakely	EPP Antsahakely	EPP	Tanamahalana	2025-01-03 10:52:39.378557+03	5314
2884	Travaux de construction de blocs de deux salles  Manarapenitra dans la province FIANARANTSOA  – Région  AMORON'I MANIA  –District Ambatofinandrahana-\n- Commune ANTANAMBAO-EPP Antanambao	EPP Antanambao	EPP	Antanambao	2025-01-03 10:52:39.390526+03	5316
2885	Travaux de construction de blocs de deux salles  Manarapenitra dans la province FIANARANTSOA  – Région  AMORON'I MANIA  –District Ambatofinandrahana-\n- Commune AMBOHIMIARINA-Ambohimiarina 	EPP Ambohimiarina	EPP	Vinany	2025-01-03 10:52:39.402511+03	5317
2886	Travaux de construction des blocs de quatre salles  Manarapenitra dans la province FIANARANTSOA  – Région   AMORON'I MANIA –District  Ambatofinandrahana– Commune MANGATABOAHANGY- Lycée Amboropotsy	Lycée Amboropotsy	LYCEE	Amborompotsy	2025-01-03 10:52:39.413285+03	5318
2887	Lot n°05 :Travaux de construction des bâtiments scolaires à deux (02) salles  Manarapenitra dans la  DREN VAKINAKARATRA - CISCO Ambatolampy -  LYCEE Ambatolampy	LYCEE Ambatolampy	LYCEE	AMBATOLAMPY	2025-01-03 10:52:39.427483+03	5319
2888	Travaux de construction des bâtiments scolaires à douze(12) dans la DREN HAUTE MATSIATRA - CISCO Lalangina - COMMUNE ALAKAMISY AMBOHIMAHA - Fokontany Tambohivo - CEG Alakamisy Ambohimaha	EPP Alakamisy Ambohimaha	EPP	Tambohivo	2025-01-03 10:52:39.440224+03	5320
2889	Travaux de construction de deux salles Manarapenitra dans la province ANTANANARIVO - Région VAKINANKARATRA District AMBATOLAMPY commune AMBATOLAMPY (EPP ANKIDODONA)	EPP ANKIDODONA	EPP	ANKIDONDONA	2025-01-03 10:52:39.451709+03	5319
2890	Travaux de construction de blocs de quatre salles  Manarapenitra dans la province ANTANANARIVO – Région VAKINAKARATRA –District Ambatolampy – Commune  ANDRANOVELONA –ANDRANOVELONA.	EPP ANDRANOVELONA	EPP	ANDRANOVELONA	2025-01-03 10:52:39.463764+03	5321
2891	Travaux de construction de blocs de quatre  salles  Manarapenitra dans la province   MAHAJANGA– Région MELAKY– district Ambatomainty- Commune MAROTSIALEHA-MAROTSIALEHA	EPP  MAROTSIALEHA	EPP	MAROTSIALEHA	2025-01-03 10:52:39.477726+03	5322
2892	 Travaux de construction d'Un CEG de référence à vingt quatre (24) salles dans le district d’Ambalavao	CEG sis AMBALAVAO	CEG	Alatsinainy	2025-01-03 10:52:39.490831+03	5323
2893	Travaux de construction  deux salles  Manarapenitra dans la province TOAMASINA - Région ALAOTRA MANGORO –District  AMBATONDRAZAKA –commune AMBOHITSILAOZANA, EPP AMBOHIPASIKA	EPP AMBOHIPASIKA	EPP	AMBOHIPASIKA	2025-01-03 10:52:39.50587+03	5324
2894	Travaux de construction  deux salles  Manarapenitra dans la province TOAMASINA - Région ALAOTRA MANGORO –District  AMBATONDRAZAKA –commune BEJOFO, EPP BEJOFO	EPP BEJOFO	EPP	BEJOFO	2025-01-03 10:52:39.51867+03	5325
2895	Travaux de construction  d'un EPP Manarapenitra ( 12 salles de classes)  à Ambatolampy, province d'Antananarivo 	EPP sis Ambatolampy	EPP	HAUTE VILLE	2025-01-03 10:52:39.528136+03	5319
2896	Travaux de construction de deux salles équipés Manara-penitra avec latrines dans les Province Antsiranana-DISTRICT AMBILOBE- EPP ANKAZOMBORONA	EPP ANKAZOMBORONA	EPP	ANKAZOMBORONA	2025-01-03 10:52:39.540827+03	5326
2897	Travaux de construction de deux salles équipés Manara-penitra avec latrines dans les Province Antsiranana DISTRICT AMBILOBE- EPP ANKATOKO	EPP ANKATOKO	EPP	ANKATOKO	2025-01-03 10:52:39.554406+03	5327
2898	Travaux de construction d’un EPP de référence à 12 salles sis à Sabotsy	EPP Sabotsy	EPP	ANTSAHATANTERAKA	2025-01-03 10:52:39.566807+03	5328
2899	Travaux de construction  deux salles Manarapenitra sis à ANKIRIKIRIKE	EPP ANKIRIKIRIKE	EPP	nan	2025-01-03 10:52:39.582532+03	5329
2901	Travaux de construction de blocs de quatre salles  Manarapenitra dans la province TOLIARA   – Région ANOSY –District Amboasary Sud – Commune MAHALY-EPP MAHALY	EPP MAHALY	EPP	MAHALY-MAHALY	2025-01-03 10:52:39.60651+03	5331
2902	Travaux de construction de blocs de quatre salles  Manarapenitra dans la province TOLIARA   – Région ANOSY –District Amboasary Sud – Commune RANOBE-EPP RANOBE	EPP RANOBE	EPP	RANOBE-RANOBE	2025-01-03 10:52:39.61775+03	5332
3721	EPP Mangalahy	EPP Mangalahy	EPP	Mangalahy	2025-01-03 10:52:50.221245+03	5858
2903	Travaux de construction de  deux salles  Manara-penitra avec Latrine dans la province ANTANANARIVO- Région ANALAMANGA – CISCO  ANDRAMASINA –commune ALAROBIA VATOSOLA ; EPP ALAROBIA	 EPP ALAROBIA	EPP	VATOSOLA-ALAROBIA	2025-01-03 10:52:39.631382+03	5333
2904	Travaux de construction de  deux salles  Manara-penitra avec Latrine dans la province ANTANANARIVO - Région ANALAMANGA –CISCO  MANJAKADRIANA –commune AMBANITSENA – EPP AMBOHIDRALAMBO	EPP AMBOHIDRALAMBO	EPP	AMBANITSENA-AMBANITSENA	2025-01-03 10:52:39.645648+03	5334
2905	Travaux de construction des blocs de deux salles  Manarapenitra dans la province ANTANANARIVO – Région ANALAMANGA –District AMBOHIDRATRIMO :Commune  Commune AmbatolampyTsimahafotsy – EPP AMBODIFASINA.	EPP AMBODIFASINA	EPP	TSIMAHAFOTSY-AMBATOLAMPY	2025-01-03 10:52:39.659611+03	5335
2906	Travaux de construction de  deux salles  Manara-penitra avec Latrine dans la province ANTANANARIVO- Région ANALAMANGA – CISCO ANJOZOROBE –commune AMBOHIBARY VOHILENA II – EPP AMBOHIDRIVOTRA	 EPP AMBOHIDRIVOTRA	EPP	nan	2025-01-03 10:52:39.672174+03	5336
2907	Lot n°3 : Travaux de construction des bâtiments scolaires à deux (02) salles manarapenitra dans la DREN Haute Matsiatra - Cisco Ambalavao - ZAP Anjoma - Fokontany Ihodo - EPP Ihodo	EPP Ihodo	EPP	 IHODO	2025-01-03 10:52:39.68465+03	5337
2908	Travaux de construction des bâtiments scolaires à douze salles (12) salles dans la DREN BONGOLAVA - CISCO Tsiroanomandidy - Commune Ankadinondry - EPP Ankadinondry	EPP Ankadinondry	EPP	ankadinondry 1	2025-01-03 10:52:39.697299+03	5338
2909	Travaux de construction scolaire à deux (02) salles manarapenitra dans DREN DIANA - CISCO Ambanja - ZAP Ambanja - EPP Mahamanina	EPP MAHAMANINA	EPP	MAHAMANINA	2025-01-03 10:52:39.710277+03	5339
2910	Travaux de nouvelle construction des bâtiments scolaires à quatre (04) salles dans la DREN  ALAOTRA MANGORO - CISCO Ambatondrazaka - ZAP Imerimandroso - EPP Tsarahonenana	EPP Tsarahonenana	EPP	TSARAHONENANA	2025-01-03 10:52:39.723219+03	5340
2911	Travaux de construction d'Un EPP de référence à 12 salles sis à CISCO Ambanja	EPP Ambanja	EPP	nan	2025-01-03 10:52:39.735517+03	5341
2912	Travaux de construction de blocs de quatre salles Manarapenitra dans la province Toliara- Région ANOSY - District Amboasary Sud- Commune Ifotaka- IFOTAKA	EPP IFOTAKA	EPP	IFOTAKA-IFOTAKA	2025-01-03 10:52:39.745673+03	5342
2913	Lot n°07:Travaux de construction des bâtiments scolaires à deux (02) salles  Manarapenitra dans la  DREN HAUTE MATSIATRA - CISCO Ambohimahasoa-  EPP Antaninarenina (RELANCE)	EPP Antaninarenina	EPP	AMTANINARENINA	2025-01-03 10:52:39.758638+03	5343
2914	Lot n°08 :Travaux de construction des bâtiments scolaires à deux (02) salles  Manarapenitra dans la  DREN AMORON I MANIA - CISCO Ambositra -  EPP Miandrifaikona	EPP Miandrifaikona	EPP	MIANDRIIFAIKONA	2025-01-03 10:52:39.771382+03	5344
2915	Travaux de construction d’un EPP de référence à 12 salles sis à Matsaborilaidama	EPP MATSABORILAIDAMA	EPP	Matsaborilaidama	2025-01-03 10:52:39.783697+03	5345
2916	Travaux de construction deux salles Manarapenitra dans la province de Fianarantsoa - Région Amoron'i Mania - District Ambositra - Commune IHADILANANA (Ambohitranakova) EPP	EPP AMBOHITRANAKOVA	EPP	Ambohitranakova	2025-01-03 10:52:39.794647+03	5346
2917	Travaux de construction deux salles Manarapenitra dans la province de Fianarantsoa - Région Amoron'i Mania - District Ambositra - Commune AMBOHIMITOMBO I (Antanifotsy) EPP	EPP Antanifotsy	EPP	Antanifotsy	2025-01-03 10:52:39.806751+03	5347
2918	Travaux de construction de blocs de quatre salles  Manarapenitra dans la province FIANARANTSOA  – Région AMORON'I MANIA –District Ambositra  – Commune Ilaka Centre - EPP Ikianja	EPP Ikianja	EPP	Ikianja	2025-01-03 10:52:39.818441+03	5348
2919	Lot n°03 : Travaux de nouvelle construction des bâtiments scolaires à quatre (04) salles dans la DREN ANDROY, CISCO AMBOVOMBE, ZAP AMBOVOMBE II, EPP ISALO	EPP ISALO	EPP	ISALO	2025-01-03 10:52:39.833198+03	5349
2920	Travaux de construction  d'un EPP Manarapenitra ( 12 salles de classes)  à Amboasary Sud, province de Toliara 	EPP Amboasary Sud	EPP	SUD-AMBOASARY	2025-01-03 10:52:39.844506+03	5350
2921	Travaux de construction  deux salles Manarapenitra sis à Antsira, Antanimora Sud EPP ANTSIRA	EPP ANTSIRA	EPP	sud-Antanimora	2025-01-03 10:52:39.857526+03	5351
2923	Travaux de construction des blocs de quatre salles  Manarapenitra dans la province TOLIARA   – Région ANDROY–District Ambovombe– Commune  ANDALATANOSY -EPP ANDALATANOSY	EPP ANDALATANOSY	EPP	ANDALATANOSY-ANDALATANOSY	2025-01-03 10:52:39.880509+03	5353
2924	Travaux de construction des blocs de quatre salles  Manarapenitra dans la province TOLIARA   – Région ANDROY–District Ambovombe– Commune ANAFONDRAVOAY  - CEG ANAFONDRAVOAY	CEG ANAFONDRAVOAY	CEG	ANAFONDRAVOAY-ANAFONDRAVOAY	2025-01-03 10:52:39.891878+03	5354
2925	Travaux de construction de blocs de quatre salles Manarapenitra dans la province Toliara- Région ANDROY - District Ambovombe - Commune Anjeky Beanantara- ANJEKY BEANANTARA	EPP ANJEKY BEANANTARA	EPP	BEANANTARA-ANJEKY	2025-01-03 10:52:39.904306+03	5355
2926	Travaux de construction  d'un EPP Manarapenitra ( 12 salles de classes)  à Ambohidratrimo, province d'Antananarivo 	EPP AMBOHIDRATRIMO	EPP	AMBOHIDRATRIMO-AMBOHIDRATRIMO	2025-01-03 10:52:39.917575+03	5356
2927	Travaux de construction  d'un EPP Manarapenitra ( 12 salles de classes)  à Antanifotsy, province d'Antananarivo 	EPP sis Ambohimandroso	EPP	AMBOHIMANDROSO	2025-01-03 10:52:39.929339+03	5357
2928	travaux de construction d’un CEG Manarapenitra deux salles avec latrine  dans la Province de Toliara- Région ATSIMO ANDREFANA- District AMPANIHY Commune Ejeda II CEG MANAKARAVAVY	CEG MANAKARAVAVY	CEG	Manakaravavy	2025-01-03 10:52:39.944299+03	5358
2929	 Travaux de construction d’un CEG Manarapenitra deux salles avec latrine dans la Province de Toliara. LYCEE ANDROKA\n	Lycée Androka	LYCEE	Androka	2025-01-03 10:52:39.955969+03	5359
2930	Travaux de construction des blocs de deux salles  Manarapenitra dans la province TOLIARA   – Région ATSIMO ANDREFANA –District Ampanihy\n– Commune ANDROKA -EPP Besamata	EPP BESAMATA	EPP	besamata	2025-01-03 10:52:39.966982+03	5359
2931	Travaux de construction des blocs de deux salles  Manarapenitra dans la province TOLIARA   – Région ATSIMO ANDREFANA–District Ampanihy\n– Commune ANTALY -CEG Antaly	CEG Antaly	CEG	Antaly	2025-01-03 10:52:39.977949+03	5360
2932	Travaux de Construction d' Un EPP de référence à douze  (12) salles dans la Commune de Tana Nord 	EPP Ambohimanga Rova	EPP	Rova-Ambohimanga	2025-01-03 10:52:39.991072+03	5361
2934	Travaux de construction des bâtiments scolaires à deux (02) salles manarapenitra dans la DREN ATSIMO ANDREFANA - Cisco Ampanihy - ZAP  Ankilimivony - Fokontany Ankilimivony -  EPP Ankilimivony	EPP Ankilimivony	EPP	ANKILIMIVONY	2025-01-03 10:52:40.015366+03	5363
2996	Travaux de construction  d'un EPP Manarapenitra ( 12 salles de classes)  à Ankazobe, province d'Antananarivo 	EPP Ankazobe	EPP	Ankazobe-Ankazobe	2025-01-03 10:52:40.767472+03	5420
2935	Travaux de construction des bâtiments scolaires à deux (02) salles manarapenitra dans la DREN ATSIMO ANDREFANA - Cisco Ampanihy - ZAP  Ejeda - Fokontany Behatravy -  EPP Behatravy	EPP Behatravy	EPP	Behatravy	2025-01-03 10:52:40.026356+03	5364
2936	Travaux de construction des bâtiments scolaires à deux (02) salles manarapenitra dans la DREN ATSIMO ANDREFANA - Cisco Ampanihy - ZAP  Beara - Fokontany Beara -  EPP Beara	EPP Beara	EPP	BEARA	2025-01-03 10:52:40.038325+03	5365
2937	Sous lot n°04-B6  : Travaux de construction des blocs de quatre salles  Manarapenitra dans la province TOLIARA   – Région ATSIMO ANDREFANA –District  Ampanihy– Commune ANDROKA -CEG Beavoha	CEG Beavoha	CEG	BEAVOHA	2025-01-03 10:52:40.050309+03	5359
2938	Lot n°03 :Travaux de construction des bâtiments scolaires à deux  (02)salles  Manarapenitra dans la  DREN ATSIMO ANDREFANA– CISCO Ampanihy - CEG BEROY SUD 	CEG BEROY	CEG	BEROY	2025-01-03 10:52:40.06143+03	5366
2939	Lot n°03 :Travaux de construction des bâtiments scolaires à quatre (04) salles  Manarapenitra dans la  DREN ATSIMO ANDREFANA– CISCO Ampanihy - LYCEE Ampanihy	LYCEE AMPANIHY	LYCEE	AMPANIHY	2025-01-03 10:52:40.074631+03	5367
2940	Travaux de construction des bâtiments scolaires à douze (12) salles dans la DREN ANDROY - CISCO Ambovombe - Commune Ambondro - Fokontany Ambondro Anatirova - Lycée Ambondro	Lycée Ambondro	LYCEE	AMBONDRO ANATIROVA	2025-01-03 10:52:40.086928+03	5368
2941	Travaux de construction  deux salles  Manarapenitra dans la province TOAMASINA - Région ALAOTRA MANGORO –District  AMPARAFARAVOLA –commune AMPARAFARAVOLA II, CEG AMPASINDAVA	CEG AMPASINDAVA	CEG	AMPANSINDAVA	2025-01-03 10:52:40.100401+03	5369
2942	Travaux de construction  deux salles  Manarapenitra dans la province TOAMASINA - Région ALAOTRA MANGORO –District  AMPARAFARAVOLA –commune MORARANO CHROME III, EPP MAHERIARA	EPP MAHERIARA	EPP	MAHERIARA	2025-01-03 10:52:40.111372+03	5370
2943	Travaux de construction de blocs de quatre  salles  Manarapenitra dans la province   TOAMASINA– Région ALAOTRA MANGORO – district Amparafaravola- Commune TANAMBE-EPP TANAMBE	EPP TANAMBE	EPP	SAHAMARY	2025-01-03 10:52:40.122658+03	5371
2944	Travaux de construction deux salles Manarapenitra dans la province Mahajanga EPP NOSY VALIHA	EPP NOSY VALIHA	EPP	NOSY VALIHA	2025-01-03 10:52:40.137097+03	5372
2945	Travaux de construction de blocs de quatre  salles  Manarapenitra dans la province   MAHAJANGA– Région SOFIA – district Analalava- Commune ANTONIBE I -ANTONIBE I	EPP Antonibe	EPP	ANTONIBE I	2025-01-03 10:52:40.149589+03	5373
2946	Travaux de construction deux salles Manarapenitra dans la province Mahajanga  CEG ANGOAKA SUD	CEG ANGOAKA SUD	CEG	ANGOAKA SUD	2025-01-03 10:52:40.160607+03	5374
2947	Travaux de  construction d’un Lycée de référence à douze salles  sis a Ambondromamy , CISCO Ambatoboeny dans la région Boeny.	Lycée Ambondromamy	LYCEE	AMBONDROMAMY	2025-01-03 10:52:40.171962+03	5375
2948	Travaux de construction de deux salles équipés Manara-penitra avec latrines dans les Province Antsiranana -AMBODIVOHITRA -DISTRICT ANDAPA  REGION SAVA à Belambo CEG	CEG  Belambo	CEG	Belambo	2025-01-03 10:52:40.185436+03	5376
2949	Travaux de construction de blocs de quatre salles  Manarapenitra dans la province   ANTSIRANANA– Région SAVA – district Andapa- Commune AMBODIMANGA I- CEG AMBODIMANGA I	CEG Ambodimanga I	CEG	Ambodimanga I	2025-01-03 10:52:40.197437+03	5377
2950	Travaux de construction des blocs de deux  salles  Manarapenitra dans la province   TOAMASINA– Région ALAOTRA MANGORO – district Andilamena\n- Commune ANTANIMENABAKA - EPP VODIVATO	EPP VODIVATO	EPP	ANTANIMENABAKA-ANTANIMENABAKA	2025-01-03 10:52:40.209393+03	5378
2951	Travaux de construction des blocs de deux  salles  Manarapenitra dans la province   TOAMASINA– Région ALAOTRA MANGORO – district Andilamena\n- Commune ANDILAMENA MAROMANDIA-EPP ANDILAMENA	EPP ANDILAMENA	EPP	MAROMANDIA-MAROMANDIA	2025-01-03 10:52:40.220856+03	5379
2952	Lot n°11 : Travaux de construction des bâtiments scolaires à deux (02) salles manarapenitra dans la DREN Alaotra Mangoro - Cisco Andilamena - ZAP Andilamena - LYCEE Andilamena	LYCEE Andilamena	LYCEE	ANDILAMENA 	2025-01-03 10:52:40.234028+03	5380
2953	Lot n°1 : Travaux de construction des bâtiments scolaires à deux (02) salles manarapenitra dans la DREN Alaotra Mangoro - Cisco Andilamena - ZAP Andilamena Centre - EPP Amberiziny	 EPP Amberiziny	EPP	AMBERIZINY	2025-01-03 10:52:40.244473+03	5380
2954	Travaux de construction  d'un Lycée Manarapenitra ( 12 salles de classes)  à Ambovombe Androy, province de Toliara 	Lycée Ambovombe Androy	LYCEE	ANDROY-AMBOVOMBE	2025-01-03 10:52:40.255442+03	5349
2955	Travaux de construction de  deux salles  Manara-penitra avec Latrine dans la province ANTANANARIVO - Région ANALAMANGA –CISCO  MANJAKANDRIANA –commune AMBOHITROLOMAHITSY  - EPP ANDRANOMODY	EPP ANDRANOMODY	EPP	AMBOHITROLOMAHITSY-AMBOHITROLOMAHITSY	2025-01-03 10:52:40.267435+03	5381
2956	Travaux de construction de blocs de quatre salles  Manarapenitra dans la province ANTANANARIVO – Région ANALAMANGA –District Antananarivo Atsimondrano – Commune Soavina –Ambanivohitra EPP.	EPP AMBOHITROMBY	EPP	AMBOHITROMBY-AMBOHITROMBY	2025-01-03 10:52:40.281398+03	5382
2957	Travaux de construction de blocs de quatre salles  Manarapenitra dans la province ANTANANARIVO – Région ANALAMANGA –District Ankazobe – Commune AMBOLOTARAKELY -EPP Antanety Be Est (Ampanobe).	EPP Ampanobe	EPP	Ampanobe	2025-01-03 10:52:40.293447+03	5383
2958	Travaux de construction de blocs de quatre salles Manarapenitra dans la province ANTANANARIVO - Région ANALAMANGA - District ANKAZOBE - Commune AMBOLOTARAKELY- EPP Antanety Be Est	EPP Antanety Be Est	EPP	AMBOLOTARAKELY-AMBOLOTARAKELY	2025-01-03 10:52:40.303575+03	5383
2959	Travaux de construction de  deux salles  Manara-penitra avec Latrine dans la province ANTANANARIVO - Région ANALAMANGA –CISCO  ANTANANARIVO ATSIMONDRANO –commune AMPANEFY –  EPP AMBOHIDRONONO	EPP AMBOHIDRONONO	EPP	AMPANEFY-AMPANEFY	2025-01-03 10:52:40.316183+03	5384
2960	travaux de construction d’un EPP Manarapenitra deux salles dans la Province de Toliara- Région ATSIMO ANDREFANA- District ANKAZOABO Commune Ankazoabo. EPP Ankazoabo	EPP Ankazoabo	EPP	Ambalamary	2025-01-03 10:52:40.328557+03	5385
2961	 travaux de construction de blocs de quatre salles Manarapenitra dans la province TOLIARA-Région ATSIMO ANDREFANA-District ANKAZOABO-Commune BERENTY- CEG BERENTY	CEG BERENTY	CEG	Berenty I	2025-01-03 10:52:40.341125+03	5386
2962	 Travaux de nouvelle construction des bâtiments scolaires à quatre (04) salles dans la DREN ANALAMANGA - CISCO Antananarivo Atsimondrano - Commune Andranonahoatra Fokontany Andranonahoatra - CEG ANDRANONAHOATRA 	 CEG ANDRANONAHOATRA 	CEG	ANNONAHOATRA FOKONTANY ANDRANONAHOATRA - CEG	2025-01-03 10:52:40.353793+03	5387
2963	Travaux de construction d’un EPP de référence à 12 salles sis à Ampasimpotsy	EPP AMPASIMPOTSY	EPP	AMPASIMPOTSY-AMPASIMPOTSY	2025-01-03 10:52:40.368288+03	5388
2964	Travaux de construction  d'un CEG Manarapenitra ( 24 salles de classes)  à TANA Sud, province d'Antananarivo 	CEG TANA SUD	CEG	AMPITATAFIKA-AMPITATAFIKA	2025-01-03 10:52:40.379259+03	5389
2965	Travaux de construction d'Un EPP de référence à 12 salles sis à CISCO Andapa	EPP Andapa	EPP	Antangena	2025-01-03 10:52:40.390229+03	5390
3065	Travaux de construction d'Un Lycee de référence à 12 salles sis à Fanandrana Toamasina ii	Lycée Fanadrana	LYCEE	FANANDRANA-FANANDRANA	2025-01-03 10:52:41.841521+03	5482
2966	Travaux de construction de  deux salles  Manara-penitra avec Latrine dans la province ANTANANARIVO- Région ANALAMANGA –CISCO  ANKAZOBE –commune AMBOHITROMBY - CEG AMBOHIDROA	 CEG AMBOHIDROA	CEG	ANKAZOBE-ANKAZOBE	2025-01-03 10:52:40.402752+03	5391
2967	Travaux de construction des blocs de deux salles  Manarapenitra dans la province ANTANANARIVO – Région ANALAMANGA –District AMBOHIDRATRIMO :Commune Anosiala - EPP AMBOHITSARATELO 	EPP AMBOHITSARATELO 	EPP	ANOSIALA-ANOSIALA	2025-01-03 10:52:40.414265+03	5392
2968	Travaux de construction de  deux salles  Manara-penitra avec Latrine dans la province ANTANANARIVO- Région ANALAMANGA –CISCO  ANTANANARIVO AVARADRANO –commune AMBOHIMANAMBOLA – CEG AMBOHIMANAMBOLA	CEG AMBOHIMANAMBOLA	CEG	AVARADRANO-ANTANANARIVO	2025-01-03 10:52:40.425773+03	5393
2969	Travaux de construction  deux salles  Manarapenitra dans la province TOAMASINA - Région ALAOTRA MANGORO –District  ANOSIBE AN’ALA –commune LONGOZABE, EPP FENOARIVO	EPP FENOARIVO	EPP	FENOARIVO	2025-01-03 10:52:40.4393+03	5394
2970	Travaux de construction  deux salles  Manarapenitra dans la province TOAMASINA - Région ALAOTRA MANGORO –District  ANOSIBE AN’ALA –commune AMPANDROATRAKA, EPP BEVANANA	EPP BEVANANA	EPP	BEVANANA	2025-01-03 10:52:40.451279+03	5395
2971	Travaux de construction de blocs de quatre  salles  Manarapenitra dans la province   TOAMASINA– Région ALAOTRA MANGORO – district AnosibeAn'ala- Commune Anosibe An'ala- Anosibe An'ala	CEG Anosibe An'ala	CEG	ALA-ANOSIBE	2025-01-03 10:52:40.46225+03	5396
2972	Travaux de nouvelle construction des bâtiments scolaires à quatre salles dans DREN Alaotra Mangoro - CISCO Anosibe an'ala - ZAP Ambatoharanana - Fokontany Mahavelona 	EPP Mahavelona	EPP	MAHAVELONA	2025-01-03 10:52:40.47437+03	5397
2973	Travaux de construction d’une EPP de référence à 12 salles sis à Andemaka	EPP  ANDEMAKA	EPP	ANDEMAKA-ANDEMAKA	2025-01-03 10:52:40.48845+03	5398
2974	Travaux de construction de deux salles équipés Manara-penitra avec latrines dans lesTravaux de construction de deux salles équipés Manara-penitra avec latrines dans les  Province Antsiranana- DISTRICT ANTALAHA -CEG MAROFINARITRA              ( EX MANAKAMBAHINY )	CEG Marofinaritra	CEG	Marofinaritra	2025-01-03 10:52:40.501589+03	5399
2975	Travaux de construction de deux salles équipés Manara-penitra avec latrines dans les Province Antsiranana -DISTRICT ANTALAHA -EPP MAEVATANANA	EPP Maevatanana	EPP	Andranomena	2025-01-03 10:52:40.512331+03	5400
2976	Lot n°10 : Travaux de construction des bâtiments scolaires à deux (02) salles manarapenitra dans la DREN Atsinanana - Cisco Antanambao Manampotsy - ZAP Antanambao Manampotsy II - Fokontany Ambodivoangy - EPP Fanatsarana	 EPP Fanatsarana	EPP	AMBODIVOANGY	2025-01-03 10:52:40.525543+03	5401
2977	Travaux de construction du CEG Manarapenitra à 2 salles sis à Antanambao Manampotsy(pour 02 lots) (a)	CEG sis à Antanambao Manampotsy	CEG	MANAMPONTSY-ANTANAMBAO	2025-01-03 10:52:40.537716+03	5402
2978	Travaux de construction du CEG Manarapenitra à 2 salles sis à Antanambao Manampotsy(pour 02 lots)(b)	CEG sis à Antanambao Manampotsy	CEG	MANAMPONTSY-ANTANAMBAO	2025-01-03 10:52:40.549979+03	5402
2979	Travaux de construction de  deux salles  Manara-penitra avec Latrine dans la province ANTANANARIVO - Région ANALAMANGA – CISCO  AMBOHIDRATRIMO –commune ANTANETIBE MAHAZAZA – EPP ANTANETIBE AMBONIAZA	 EPP ANTANETIBE AMBONIAZA	EPP	MAHAZAZA-ANTANETIBE	2025-01-03 10:52:40.561316+03	5403
2980	Travaux de construction de  deux salles  Manara-penitra avec Latrine dans la province ANTANANARIVO- Région ANALAMANGA –CISCO  ANTANANARIVO ATSIMONDRANO–commune FENOARIVO – EPP AMBOHIJAFY	EPP AMBOHIJAFY	EPP	FENOARIVO-FENOARIVO	2025-01-03 10:52:40.573593+03	5404
2981	 Travaux de construction  deux salles  Manarapenitra dans la province ANTANANARIVO - Région ANALAMANGA –District  ANTANANARIVO ATSIMONDRANO –commune ITAOSY  - CEG ITAOSY	CEG ITAOSY	CEG	ITAOSY-ITAOSY	2025-01-03 10:52:40.584689+03	5405
2982	Travaux de construction de  deux salles  Manara-penitra avec Latrine dans la province ANTANANARIVO- Région ANALAMANGA –CISCO  ANTANANARIVO AVARADRANO –commune MANANDRIANA – EPP MANANDRIANA	EPP MANANDRIANA	EPP	MANANDRIANA-MANANDRIANA	2025-01-03 10:52:40.596856+03	5406
2983	Travaux de construction de  deux salles  Manara-penitra avec Latrine dans la province ANTANANARIVO- Région ANALAMANGA – CISCO  ANDRAMASINA –commune MANDROSOA – EPP MORARANO	 EPP MORARANO	EPP	MANDROSOA-MANDROSOA	2025-01-03 10:52:40.607856+03	5407
2984	Travaux de construction de  deux salles  Manara-penitra avec Latrine dans la province ANTANANARIVO- Région ANALAMANGA –CISCO  ANKAZOBE –commune MANGASOAVINA - EPP MANGASOAVINA	EPP MANGASOAVINA	EPP	MANGASOAVINA-MANGASOAVINA	2025-01-03 10:52:40.620292+03	5408
2985	Travaux de construction de  deux salles  Manara-penitra avec Latrine dans la province ANTANANARIVO - Région ANALAMANGA – CISCO  MANJAKANDRIANA –commune MANJAKANDRIANA- EPP  Ambohimahandry	 EPP MANJAKANDRIANA Ambohimahandry	EPP	MANJAKANDRIANA-MANJAKANDRIANA	2025-01-03 10:52:40.632244+03	5409
2986	Travaux de Construction d’une CEG de référence à vingt-quatre  (12) salles sise à Anivorano Nord	CEG Anivorano	CEG	ANIVORANO III	2025-01-03 10:52:40.645785+03	5410
2987	Travaux de construction de  deux salles  Manara-penitra avec Latrine dans la province ANTANANARIVO - Région ANALAMANGA –CISCO  ANKAZOBE –commune MARONDRY – EPP MASINDRAY EST	EPP MASINDRAY EST	EPP	MARONDRY-MARONDRY	2025-01-03 10:52:40.657898+03	5411
2988	Travaux de construction de  deux salles  Manara-penitra avec Latrine dans la province ANTANANARIVO - Région ANALAMANGA –CISCO  ANTANANARIVO AVARADRANO–commune MASINDRAY; EPP MASINDRAY	EPP MASINDRAY	EPP	MASINDRAY-MASINDRAY	2025-01-03 10:52:40.6694+03	5412
2989	Travaux de construction de  deux salles  Manara-penitra avec Latrine dans la province ANTANANARIVO- Région ANALAMANGA – CISCO  ANDRAMASINA –commune SABOTSY AMBOHITROMBY – EPP ANDOHARIANA	 EPP ANDOHARIANA	EPP	AMBOHITROMBY-SABOTSY	2025-01-03 10:52:40.682497+03	5413
2990	Travaux de construction de  deux salles  Manara-penitra avec Latrine dans la province ANTANANARIVO - Région ANALAMANGA –CISCO  MANJAKADRINA  –commune SAMBAINA – EPP AMBONDRONA 	EPP AMBONDRONA 	EPP	SAMBAINA-SAMBAINA	2025-01-03 10:52:40.694587+03	5414
2991	Travaux de construction de  deux salles  Manara-penitra avec Latrine dans la province ANTANANARIVO - Région ANALAMANGA –CISCO  ANKAZOBE –commune TALATA ANGAVO – EPP MANONTANITSILOZA	 EPP MANONTANITSILOZA	EPP	ANGAVO-TALATA	2025-01-03 10:52:40.706037+03	5415
2992	Travaux de construction  deux salles  Manarapenitra avec Latrine dans la province ANTANANARIVO - Région ANALAMANGA - CISCO  AMBOHIDRATRIMO - commune TALATAMATY - EC(EPP)ANKADIVORY	EPP (EC) Talamaty Ankadivory	EPP	TALATAMATY-TALATAMATY	2025-01-03 10:52:40.717439+03	5416
2993	Travaux de construction  d'un EPP Manarapenitra ( 12 salles de classes)  à Anjozorobe, province d'Antananarivo 	EPP ANJOZOROBE 	EPP	ANJOZOROBE-ANJOZOROBE	2025-01-03 10:52:40.728411+03	5417
2994	travaux de construction de blocs de quatre salles Manarapenitra dans la province ANTANANARIVO-RégionANALAMANGA-District TANA VILLE-Commune TANA- EPP ANKORONDRANO ANDREFANA	 EPP ANKORONDRANO ANDREFANA	EPP	III-TANA	2025-01-03 10:52:40.741908+03	5418
2995	Travaux de Construction d'  Un EPP de référence à douze  (12) salles dans la Commune d’Ankadinandriana	EPP Ankadinandriana	EPP	Ankadinandriana-Ankadinandriana	2025-01-03 10:52:40.754478+03	5419
2997	Travaux de construction de deux salles Manarapenitra dans la province ANTANANARIVO - Région VAKINANKARATRA District ANTANIFOTSY commune AMBATOLAHY (EPP AMBATOLAHY)	EPP AMBATOLAHY	EPP	AMBATOLAHY	2025-01-03 10:52:40.778443+03	5421
2998	Travaux de construction de deux salles Manarapenitra dans la province ANTANANARIVO - Région VAKINANKARATRA District ANTANIFOTSY commune AMBATOTSIPIHINA (EPP AMBATOTSIPIHINA)	EPP AMBATOTSIPHINA	EPP	AMBATOTSIPIHINA CENTRE	2025-01-03 10:52:40.791463+03	5422
2999	Travaux de construction d'Un EPP de référence à 12 salles sis à CISCO Antalaha	EPP  ANTALAHA	EPP	Ambatomitraka	2025-01-03 10:52:40.803378+03	5423
3000	Travaux de construction de deux salles Manarapenitra dans la province ANTANANARIVO - Région VAKINANKARATRA District ANTSIRABE I commune ANTSIRABE Arr. AMPATANA MANDRIANKENIHENY( EPP  AMPATANA)	EPP AMPATANA	EPP	AMPATANA	2025-01-03 10:52:40.817051+03	5424
3001	Travaux de construction de deux salles Manarapenitra dans la province ANTANANARIVO - Région VAKINANKARATRA District ANTSIRABE II commune AMBOHIBARY ( EPP AMBONY ATSIMO)	EPP AMBONY ATSIMO	EPP	AMBONIATSIMO	2025-01-03 10:52:40.829327+03	5425
3002	Travaux de construction de deux salles Manarapenitra dans la province ANTANANARIVO - Région VAKINANKARATRA District MANDOTO commune MAROMANDRAY (EPP MAROMANDRAY)	EPP MAROMANDRAY	EPP	MAROMANDRAY	2025-01-03 10:52:40.841277+03	5426
3003	Travaux de construction de deux salles Manarapenitra dans la province ANTANANARIVO - Région VAKINANKARATRA District ANTSIRABE II commune VINANINKARENA (EPP VINANINKARENA)	EPP VINANINKARENA	EPP	VINANINKARENA	2025-01-03 10:52:40.853228+03	5427
3004	Travaux de construction de blocs de quatre salles  Manarapenitra dans la province ANTANANARIVO – Région VAKINAKARATRA –District Antsirabe II – Commune  ANDRANOMANELATRA –EPP TSARAVAVAKA.	EPP TSARAVAVAKA	EPP	TSARAVAVAKA	2025-01-03 10:52:40.865329+03	5428
3005	Travaux de construction de blocs de quatre salles  Manarapenitra dans la province ANTANANARIVO – RégionVAKINAKARATRA –District Antsirabe II – Commune TSARAHONENANA  -EPP TSARAHONENANA.	EPP TSARAHONENANA	EPP	TSARAHONENANA	2025-01-03 10:52:40.878245+03	5429
3006	Travaux de construction des bâtiments scolaires à douze (12) salles dans la DREN ATSINANANA - CISCO TOAMASINA II - Commune Antetezambaro - CEG Antetezambaro	CEG Antetezambaro	CEG	Antetezambaro-Antetezambaro	2025-01-03 10:52:40.893702+03	5430
3007	Travaux de construction de deux salles équipés Manara-penitra avec latrines dans la Province Antsiranana DISTRICT ANTSIRANANA I-region DIANA EPP MANGARIVOTRA 	EPP MANGARIVOTRA 	EPP	MANGARIVOTRA	2025-01-03 10:52:40.908655+03	5431
3008	Travaux de construction de deux salles équipés Manara-penitra avec latrines dans les Province Antsiranana-DISTRICT ANTSIRANANA I -EPP MANGARIVOTRA 	EPP MANGARIVOTRA II	EPP	MANGARIVOTRA	2025-01-03 10:52:40.922108+03	5431
3009	Travaux de construction  d'un CEG Manarapenitra ( 24 salles de classes)  à Antsirabe I, province d'Antananarivo 	CEG sis Antsirabe I	CEG	MAHAZOARIVO	2025-01-03 10:52:40.936832+03	5424
3010	Travaux de construction de deux salles équipés Manara-penitra avec latrines dans les Province Antsiranana- DISTRICT ANTSIRANANA II -EPP AMBODIPONT SADJOAVATO	EPP AMBODIPOINT SADJOAVATO	EPP	AMBODIPONT	2025-01-03 10:52:40.955142+03	5432
3011	Travaux de construction de deux salles équipés Manara-penitra avec latrines dans les Province Antsiranana- DISTRICT ANTSIRANANA II-EPP ANDOHOZOMPONA	EPP ANDOHOZOMPOINA	EPP	ANDOHAZOMPONA	2025-01-03 10:52:40.970687+03	5433
3012	Travaux de construction des blocs de deux salles  Manarapenitra dans la province   ANTSIRANANA– Région DIANA –district Antsiranana II - Commune -ANTANAMITARANA-LYCEE ANTANAMITARANA	LYCEE ANTANAMITARANA	LYCEE	ANTANAMITARANA	2025-01-03 10:52:40.98754+03	5434
3013	Travaux de construction de blocs de quatre salles  Manarapenitra dans la province   ANTSIRANANA– Région DIANA–District Antsiranana II– Commune  ANTANAMITARANA- EPP ANTAFIAMALAMA	EPP ANTAFIAMALAMA	EPP	ANTAFIAMALAMA	2025-01-03 10:52:41.002439+03	5434
3014	Lot n°03 :Travaux de construction des bâtiments scolaires à deux  (02)salles  Manarapenitra dans la  DREN BOENY– CISCO AMBATOBOENY - LYCEE Ambatoboeny (RELANCE)	LYCEE Ambatoboeny (RELANCE)	LYCEE	AMBATO BOENY	2025-01-03 10:52:41.019773+03	5435
3015	 Travaux de construction deux salles Manarapenitra dans la province Mahajanga -EPP MAROALA	EPP MAROALA	EPP	MAROALA	2025-01-03 10:52:41.038693+03	5436
3016	Travaux de construction des bâtiments scolaires à douze salles dans la DREN VAKINANKARATRA - CISCO Antsirabe I - Commune Antsirabe CU - EPP Antsirabe STAR	EPP ANTSIRABE STAR	EPP	ANDAFY ATSIMON'NY STAR	2025-01-03 10:52:41.055367+03	5437
3017	Travaux de construction des bâtiments Scolaires à douze (12) salles dans la DREN SOFIA - CISCO Antsohihy - Commune Antsohihy - Lycée Antsohihy	LYCEE Antsohihy Commune	LYCEE	ANKIRIKY SUD	2025-01-03 10:52:41.072517+03	5438
3018	Travaux de construction d’un EPP de référence à 12 salles sis à Beandrarezona	EPP BEANDRAREZONA	EPP	BEANDRAREZONA	2025-01-03 10:52:41.090503+03	5439
3019	 Travaux de construction de deux salles  Manarapenitra dans la province ANTANANARIVO - Région ITASY –District  ARIVONIMAMO –commune IMERITSIATOSIKA (EPP MANJAKATOMPO)\n\n	EPP MANJAKATOMPO	EPP	Antsetsindranovaky	2025-01-03 10:52:41.109967+03	5440
3020	Travaux de construction deux salles Manarapenitra dans la province ANTANANARIVO - Région ITASY District ARIVONIMAMO commune Andranomiely	EPP sis Andranomiely	EPP	andranomiely	2025-01-03 10:52:41.125416+03	5441
3021	Travaux de construction  d'un EPP Manarapenitra ( 12 salles de classes)  à Bekily, province de Toliara 	EPP Bekily	EPP	BEKILY-BEKILY	2025-01-03 10:52:41.14395+03	5442
3022	Travaux de construction de deux salles manarapenitra dans la province de Mahajanga , CEG AMBODIAMPANA	CEG AMBODIAMPANA	CEG	AMBODIAMPANA	2025-01-03 10:52:41.16045+03	5443
3023	Travaux de construction deux salles Manarapenitra dans la province Mahajanga EPP AMBALATANY	EPP AMBALATANY	EPP	AMBALATANY	2025-01-03 10:52:41.176663+03	5444
3026	Travaux de construction de deux salles manarapenitra dans la province de Mahajanga CEG AMBODIMOTSO SUD	CEG AMBODIMOTSO SUD	CEG	AMBODIMOTSO SUD	2025-01-03 10:52:41.227556+03	5447
3027	Travaux de construction de blocs de quatre  salles  Manarapenitra dans la province   MAHAJANGA– Région SOFIA – district Befandriana Nord- Commune AMBODIMITSO-SUD -EPP FANIMANA	EPP FANIMANA	EPP	AMBODIMITSO SUD	2025-01-03 10:52:41.243422+03	5448
3028	Travaux de construction d'une EPP de reference à deux salles sis à l'EPP Tanambao	EPP TANAMBAO	EPP	BEFOTAKA	2025-01-03 10:52:41.264461+03	5449
3029	Travaux de construction d'un lycée de reference à deux salles sis au lycéeTanambao	Lycée Tanambao	LYCEE	BEFOTAKA	2025-01-03 10:52:41.281972+03	5450
3030	Travaux de construction  d'un EPP Manarapenitra ( 12 salles de classes)  à Beloha, province de Toliara 	EPP BELOHA	EPP	BELOHA-BELOHA	2025-01-03 10:52:41.298773+03	5451
3722	EPP Ankeniheny	EPP Ankeniheny	EPP	Ankeniheny	2025-01-03 10:52:50.234225+03	5859
3025	Lot n°9 : Travaux de nouvelle construction des bâtiments scolaires à quatre (04) salles dans la DREN SOFIA - Cisco Befandriana Nord - ZAP Antsakabary - Antsakabary	Antsakabary	CEG	ANTSAKABARY	2025-01-03 10:52:41.210785+03	5446
3031	Travaux de construction  deux salles Manarapenitra sis à Ankilimihamy, Antsakoamaro EPP ANKILIMAMY	EPP ANKILIMAMY	EPP	ANTSAKOAMARO-ANTSAKOAMARO	2025-01-03 10:52:41.315519+03	5452
3032	Travaux de construction des blocs de deux salles  Manarapenitra dans la province TOLIARA   – Région ANDROY–District Bekily\n– Commune  BEKILY CENTRALE- EPP BEKILY CENTRALE	EPP BEKILY CENTRALE	EPP	BEKILY-BEKILY	2025-01-03 10:52:41.330832+03	5442
3033	Travaux de construction des blocs de deux salles  Manarapenitra dans la province TOLIARA   – Région ANDROY–District Bekily\n– Commune  BEKITRO –EPP BEKITRO	EPP BEKITRO	EPP	BEKITRO-BEKITRO	2025-01-03 10:52:41.346784+03	5453
3034	Travaux de construction des blocs de quatre salles  Manarapenitra dans la province TOLIARA   – Région MENABE–District Belo sur Tsiribihina – Commune  BELO TSIRIBIHINA-BEMARIVO	EPP  BEMARIVO	EPP	ATSINANATSENA	2025-01-03 10:52:41.367309+03	5454
3035	Travaux de construction des blocs de quatre salles  Manarapenitra dans la province TOLIARA   – Région MENABE–District Belo sur Tsiribihina – Commune  BELO TSIRIBIHINA-BERAKETA	EPP  BERAKETA	EPP	BERAKETA	2025-01-03 10:52:41.386318+03	5455
3036	Travaux de construction d'un CEG de reference à deux salles sise à Aboalimena dans la  Region : MENABE CEG ABOALIMENA	CEG ABOALIMENA	CEG	ABOALIMENA SUD	2025-01-03 10:52:41.403179+03	5456
3037	Travaux de construction  deux salles Manarapenitra sis à Barabay EPP	EPP TRANOVAHO	EPP	TRANOVAHO-TRANOVAHO	2025-01-03 10:52:41.420388+03	5457
3038	Travaux de construction  deux salles Manarapenitra sis à Tranoroa Maroraza, Tranoroa EPP tranoroa mahazaza	EPP TRANOROA MAHAZAZA	EPP	TRANOROA-TRANOROA	2025-01-03 10:52:41.437362+03	5458
3039	Travaux de construction des blocs de quatre salles  Manarapenitra dans la province TOLIARA   – Région ANDROY–District Beloha– Commune  TRANOROA -Lyceé TRANOROA	Lycée TRANOROA	LYCEE	TRANOROA-TRANOROA	2025-01-03 10:52:41.452672+03	5458
3040	Travaux de construction des blocs de quatre salles  Manarapenitra dans la province TOLIARA   – Région ANDROY–District Beloha– Commune  AMBATOTSIVALA -CEG TRANOVAHO BARABAY	CEG TRANOVAHO BARABAY	CEG	AMBATOTSIVALA-AMBATOTSIVALA	2025-01-03 10:52:41.470643+03	5459
3041	Travaux de construction des blocs de quatre salles  Manarapenitra dans la province TOLIARA   – Région ANDROY–District Beloha– Commune  MAROLINTA –CEG BEABOBO	CEG BEABOBO	CEG	MAROLINTA-MAROLINTA	2025-01-03 10:52:41.48845+03	5460
3042	travaux de construction d’un CEG Manarapenitra deux salles avec latrine dans la Province de Toliara- Région ATSIMO ANDREFANA- District BENENITRA Commune Benenitra. CEG BENENITRA	CEG BENENITRA	CEG	Benenitra 2	2025-01-03 10:52:41.507055+03	5461
3043	Travaux de construction  deux salles  Manarapenitra dans la province TOLIARA - Région ATSIMO ANDREFANA –District BEROROHA–commune Bemavo. EPP Itandrano	EPP Itandrano	EPP	Itandrano	2025-01-03 10:52:41.52629+03	5462
3044	Travaux de construction de blocs de quatre salles  Manarapenitra dans la province TOLIARA   – Région ATSIMO ANDREFANA –District  Beroroha– Commune TANAMARY -Ambatovy	EPP Tanamary	EPP	AMBATOVY-TANAMARY	2025-01-03 10:52:41.544243+03	5463
3045	Travaux de construction de blocs de quatre salles Manarapenitra dans la province Toliara- Région Atsimo Andrefana - District Beroroha - Commune Beroroha - EPP Beroroha	EPP Beroroha	EPP	Beroroha ville	2025-01-03 10:52:41.562517+03	5464
3046	Travaux de construction de blocs de quatre  salles  Manarapenitra dans la province   MAHAJANGA– Région MELAKY– district Besalampy- Commune Besalampy- Besalampy	EPP  BESALAMPY	EPP	BESALAMPY-BESALAMPY	2025-01-03 10:52:41.577262+03	5465
3047	Travaux de construction  d'un CEG Manarapenitra ( 24 salles de classes)  à Boriziny , province de Mahajanga 	CEG  BORIZINY	CEG	TSARAMANDROSO GARA	2025-01-03 10:52:41.591713+03	5466
3048	Travaux de construction de deux salles Manarapenitra dans la province ANTANANARIVO - Région VAKINANKARATRA District BETAFO commune SOAVINA (EPP ANTANETY ANTANISAROTRA	EPP ANTANETY ANTANISAROTRA	EPP	ANTANETY ANTANISAROTRA	2025-01-03 10:52:41.607502+03	5467
3049	Travaux de construction de deux salles Manarapenitra dans la province ANTANANARIVO - Région VAKINANKARATRA District BETAFO commune ANTOHOBE (EPP ANTANETY SOAVINAII) 	EPP ANTANETY SOAVINA II	EPP	ANTANETY	2025-01-03 10:52:41.621821+03	5468
3050	Travaux de construction de blocs de quatre salles  Manarapenitra dans la province TOLIARA   – Région ATSIMO ANDREFANA–District  Betioky Sud– Commune SOASERANA-EPP Ampanonona	EPP Ampanonona	EPP	Ampanonona	2025-01-03 10:52:41.636211+03	5469
3052	Travaux de construction de blocs de quatre salles  Manarapenitra dans la province TOLIARA   – Région ATSIMO ANDREFANA –District Betioky Sud – Commune ANKILIVALO-CEG Ambolagnievo	CEG Ambolagnievo	CEG	Ambolagnievo	2025-01-03 10:52:41.662529+03	5471
3053	Travaux de construction des bâtiments scolaires à deux (02) salles manarapenitra dans la DREN Atsimo Andrefana - Cisco Betioky - ZAP Lazarivo,EPP Vohimary -	 EPP Vohimary	EPP	Vohimary 	2025-01-03 10:52:41.675152+03	5472
3054	Travaux de construction d’un EPP de référence a douze (12) salles sis a Brickaville, CISCO Brickaville dans la Région Atsinanana (achevement)	EPP Brickaville	EPP	Brickaville-Brickaville	2025-01-03 10:52:41.691172+03	5473
3055	Lot n°2 : Travaux de construction des bâtiments scolaires à deux (02) salles manarapenitra dans la DREN Anosy - Cisco Betroka - ZAP Ampefy  - EPP Ampefy	 EPP Ampefy	EPP	 AMPEFY  	2025-01-03 10:52:41.705272+03	5474
3056	Travaux de construction d'Un Lycee de référence à 12 salles sis à Antsiranana	Lycée Ambohimitsinjo 	LYCEE	AMBOHIMITSINJO	2025-01-03 10:52:41.717085+03	5431
3057	Travaux de construction des bâtiments scolaires DOUZE (12)  salles dans la DREN ATSIMO ANDREFANA - CISCO AMPANIHY - Commune Ejeda - EPP Ejeda	EPP EJEDA	EPP	Ejeda	2025-01-03 10:52:41.727778+03	5364
3058	Travaux de construction  deux salles Manarapenitra sis à ANDRIAMBE 	EPP ANDRIAMBE	EPP	ANDRIAMBE-ANDRIAMBE	2025-01-03 10:52:41.74252+03	5475
3059	Travaux de construction d’un EPP de référence à 12 salles sis à Amborovy	EPP Amborovy	EPP	Amborovy	2025-01-03 10:52:41.758096+03	5476
3060	Travaux de construction deux salles Manarapenitra dans la province Mahajanga EPP AMBODIMANGA	EPP AMBODIMANGA	EPP	AMBODIMANGA	2025-01-03 10:52:41.771636+03	5477
3061	Travaux de construction deux salles Manarapenitra dans la province Mahajanga EPP ANTANAMBAO	EPP ANTANAMBAO	EPP	ANTANAMBAO	2025-01-03 10:52:41.78391+03	5478
3062	Travaux de construction d’un EPP de référence à 12 salles sis à Tsongobory	EPP Tsongobory	EPP	Tsongobory	2025-01-03 10:52:41.798327+03	5479
3063	Lot n°6 : Travaux de construction des bâtiments scolaires à deux (02) salles manarapenitra dans la DREN Atsinanana - Cisco Brickaville - ZAP Antsapanana - Fokontany Ampitabe - EPP Ampitabe	EPP Ampitabe	EPP	AMPITABE 	2025-01-03 10:52:41.813038+03	5480
3064	Lot n°7 : Travaux de construction des bâtiments scolaires à deux (02) salles manarapenitra dans la DREN Atsinanana - Cisco Brickaville - ZAP Ranomafana Est - EPP Ranomafana Est	EPP Ranomafana Est	EPP	 EST-RANOMAFANA	2025-01-03 10:52:41.826562+03	5481
3066	Travaux de construction de l'EPP Manarapenitra à 2 salles sis à vohitranivona	EPP  Vohitranivona	EPP	VOHITRANIVONA-VOHITRANIVONA	2025-01-03 10:52:41.854704+03	5483
3067	Travaux de construction de blocs de quatre  salles  Manarapenitra dans la province   TOAMASINA– Région ATSINANANA – district Brickaville- Commune ANTSAMPANANA -EPP FANASANA	EPP Fanasana	EPP	ANTSAMPANANA-ANTSAMPANANA	2025-01-03 10:52:41.866905+03	5480
3068	Lot n°7 : Travaux de construction des bâtiments scolaires à deux (02) salles manarapenitra dans la DREN Amoron'i Mania - Cisco Fandriana -ZAP Isandandahy Ambony - Fokontany Lanjaina - EPP Lanjaina	EPP Lanjaina	EPP	 LANJAINA 	2025-01-03 10:52:41.882325+03	5484
3069	Travaux de construction  d'un EPP Manarapenitra ( 12 salles de classes)  à Fandriana, province de Fianarantsoa 	EPP FANDRIANA	EPP	Ialasora	2025-01-03 10:52:41.894712+03	5485
3070	Travaux de construction des blocs  de quatre salles  Manarapenitra dans la province FIANARANTSOA  – Région AMORON'I MANIA–District Fandriana – Commune IMITO-EPP Ambatomenaloha	EPP AMBATOMENALOHA	EPP	Iharandraony	2025-01-03 10:52:41.907676+03	5486
3071	Travaux de construction des bâtiments scolaires à deux (02) salles manarapenitra dans DREN Amoron'i Mania - CISCO Fandriana - ZAP Betsimisotra - EPP Krisiasy	EPP Kriasiasy	EPP	Kirisiasy	2025-01-03 10:52:41.921255+03	5487
3072	Travaux de construction des blocs de deux(02) salles Manarapenitra dans la province FIANARANTSOA : Région AMORON'i Mania - CISCO FANDRIANA - ZAP IMITO - Lycée Antampoka	Lycée Antampoka	EPP	Andraina	2025-01-03 10:52:41.934791+03	5486
3073	Lot n°02 : Travaux de nouvelle construction des bâtiments scolaires à quatre (04) salles dans la DREN ATSIMO ATSINANANA, CISCO FARAFANGANA, ZAP FARAFANGANA, EPP MAHAFASA VILLE	EPP MAHAFASA VILLE	EPP	 MAHAFASA	2025-01-03 10:52:41.950797+03	5488
3074	Travaux de construction  d'un EPP Manarapenitra ( 12 salles de classes)  à Faratsiho, province d'Antananarivo 	EPP  Faratsiho	EPP	FARAVOHITRA	2025-01-03 10:52:41.96631+03	5489
3075	Travaux de construction d'une EPP de reference à deux salles sis à l'EPP Ankarana	EPP ANKARANA	EPP	ANKARANA	2025-01-03 10:52:41.980243+03	5490
3076	Travaux de construction d'une EPP de reference à deux salles sis à l'EPP Vohilengo	EPP VOHILENGO	EPP	VOHILENGO	2025-01-03 10:52:41.994374+03	5491
3077	Travaux de nouvelle construction des bâtiments scolaires à quatre (04) Salles dans la DREN Atsimo Atsinanana - Cisco Farafangana - Commune Anivorano - EPP Anivorano	EPP ANIVORANO	EPP	ANIVORANO	2025-01-03 10:52:42.007697+03	5492
3078	Travaux de construction  d'un Lycée Manarapenitra ( 12 salles de classes)  à Fianarantsoa I, province de Fianarantsoa 	Lycée  IDANDA	LYCEE	Idanda	2025-01-03 10:52:42.023559+03	5493
3079	Travaux de construction de deux salles Manarapenitra dans la province ANTANANARIVO - Région VAKINANKARATRA District FARATSIHO commune VALABETOKANA (CEG VALABETOKANA)	CEG VALABETOKANA	CEG	VOHIBAZAHA	2025-01-03 10:52:42.037786+03	5494
3080	Travaux de construction de blocs de quatre salles  Manarapenitra dans la province ANTANANARIVO – Région VAKINAKARATRA –District  Faratsiho– Commune  VINANINONY SUD -VINANINONY SUD.	EPP VINANINONY SUD	EPP	VINANINONY SUD	2025-01-03 10:52:42.052999+03	5495
3081	Travaux de construction d’un EPP de référence à 12 salles sis à Soanierana	EPP   Soanierana	EPP	Soanierana	2025-01-03 10:52:42.067054+03	5496
3082	Travaux de construction  deux salles  Manarapenitra dans la province TOAMASINA - Région ANALANJOROFO –District  FENOARIVO ATSINANANA –Commune Ambodimanga II CEG Ankorabe	CEG ANKORABE	CEG	ANKORABE	2025-01-03 10:52:42.081518+03	5497
3083	Travaux de construction  deux salles  Manarapenitra dans la province TOAMASINA - Région ANALANJOROFO –District  FENOARIVO ATSINANANA –Commune VOHIPENO Lycée communautaire	Lycée Communautaire VOHIPENO	LYCEE	VOHIPENO	2025-01-03 10:52:42.094515+03	5498
3084	Travaux de nouvelle construction des bâtiments scolaires à quatre (04) salles dans la DREN Analanjirofo - CISCO Fenerive Est - Commune rurale Betampona - Fokontany Betampona - EPP Betampona 	EPP BETAMPONA	EPP	BETAMPONA	2025-01-03 10:52:42.108961+03	5499
3085	Lot n°3 : Travaux de construction des bâtiments scolaires à deux (02) salles manarapenitra dans la DREN Bongolava - Cisco Fenoarivo Be - ZAP Kiranomena - LYCEE Kiranomena	LYCEE KIRANOMENA	LYCEE	KIRANOMENA	2025-01-03 10:52:42.125702+03	5500
3086	Travaux de construction de deux salles  Manarapenitra dans la province ANTANANARIVO - Région BONGOLAVA –District  FENOARIVOBE –commune TSINJOARIVO 22 – EPP MIARIMANDROSO	EPP MIARIMANDROSO	EPP	MIARAMANDROSO	2025-01-03 10:52:42.139714+03	5501
3087	Travaux de construction de blocs de deux salles  Manarapenitra dans la province ANTANANARIVO – Région BONGOLAVA – District Fenoarivobe :  Commune Firavahana  - EPP MORAFENOKELY	EPP MORAFENOKELY	EPP	MORAFENO 1	2025-01-03 10:52:42.154246+03	5502
3088	Travaux de construction de blocs de deux salles  Manarapenitra dans la province ANTANANARIVO – Région BONGOLAVA – District Fenoarivobe :  \nCommune Morarano  - MAROTAMPONA CEG	CEG MAROTAMPONA	CEG	MORARANO	2025-01-03 10:52:42.169247+03	5503
3089	Travaux de construction de blocs de deux salles  Manarapenitra dans la province ANTANANARIVO – Région BONGOLAVA –District Fenoarivobe\nCommune AMBOHIMENA  -EPP MAHAJEPY	EPP MAHAJEPY	EPP	AMBOHIMENA	2025-01-03 10:52:42.183732+03	5504
3090	Travaux de construction de blocs de deux salles  Manarapenitra dans la province ANTANANARIVO – Région BONGOLAVA –District Fenoarivobe\nCommune FENOARIVOBE  -EPP MIADAMPONINA ANDRIAPOTSY.	EPP MIADAMPONINA	EPP	MIADAMPONINA	2025-01-03 10:52:42.198423+03	5505
3091	Travaux de construction d’un EPP de référence à 12 salles sis à Mahamanina	EPP Mahamanina	EPP	Mahamanina	2025-01-03 10:52:42.210315+03	5493
3092	Travaux de construction d’un EPP de référence à 12 salles sis à Ifanadiana	EPP  Ifanadiana	EPP	IFANADINA-IFANADINA	2025-01-03 10:52:42.22608+03	5506
3093	Travaux de construction  d'un EPP Manarapenitra ( 12 salles de classes)  à Ihosy, province de Fianarantsoa 	EPP  Ranohira	EPP	RANOHIRA-RANOHIRA	2025-01-03 10:52:42.243966+03	5507
3094	Travaux de construction  deux salles  Manarapenitra dans la province de Fianarantsoa- Région HAUTE MATSIATRA –District FIANARANTSOA – commune AMBALANDAPA EPP AMBALANDAPA 	EPP AMBALANDAPA	EPP	Ambalandapa	2025-01-03 10:52:42.25693+03	5493
3095	Travaux de construction  deux salles  Manarapenitra dans la province de Fianarantsoa- Région HAUTE MATSIATRA –District FIANARANTSOA –commune AMBATOHARANANA EPP AMBATOHARANANA	EPP AMBATOHARANA	EPP	Ambatoharanana	2025-01-03 10:52:42.269389+03	5493
3096	Travaux de construction des bâtiments scolaires à deux (02) salles manarapenitra dans la DREN Haute Matsiatra- CISCO Fianarantsoa I - ZAP Fianarantsoa- CEG Antsolaitra	CEG Antsolaitra	CEG	Ambodiharana	2025-01-03 10:52:42.282509+03	5493
3097	Lot n°10 :Travaux de construction des bâtiments scolaires à deux (02) salles  Manarapenitra dans la  DREN HAUTE MATSIATRA - CISCO Fianarantsoa I -  EPP Sahalava	EPP Sahalava	EPP	SAHALAVA	2025-01-03 10:52:42.296988+03	5508
3098	Travaux de construction d’un EPP de référence à 02 salles sis à ANDRANOMBAO EPP ANDRANOMBAO	EPP ANDRANOMBAO	EPP	ANDROMBA-ANDROMBA	2025-01-03 10:52:42.3129+03	5509
3304	Travaux de construction  deux salles Manarapenitra sis à Bevory Nord, FAUX CAP EPP BEVORY NORD	EPP BEVORY NORD	EPP	NORD-BEVORY	2025-01-03 10:52:45.057462+03	5671
3099	 Travaux de Construction deux (02) salles Manarapenitra dans la Province de Fianarantsoa, Région Ihorombe, District IAKORA , Commune IAKORA (EPP IFASY) 	EPP IFASY	EPP	IAKORA-IAKORA	2025-01-03 10:52:42.326035+03	5510
3100	Travaux de construction de blocs de quatre salles  Manarapenitra dans la province FIANARANTSOA  – Région IHOROMBE –District  Iakora– Commune  Iakora-epp Iakora.	EPP IAKORA	EPP	IAKORA-IAKORA	2025-01-03 10:52:42.339134+03	5510
3101	Lot n°04 : Travaux de construction des bâtiments scolaires à deux (02) salles manarapenitra dans la DREN  VATOVAVY– CISCO Ifanadiana - EPP Ifanadiana	EPP Ifanadiana	EPP	IFANADIIANA 	2025-01-03 10:52:42.354343+03	5511
3102	Travaux de construction  d'un EPP Manarapenitra ( 12 salles de classes)  à Arivonimamo, province d'Antananarivo 	EPP  ARIVONIMAMO	EPP	Morafeno Sud	2025-01-03 10:52:42.368335+03	5512
3103	Travaux de construction deux salles Manarapenitra dans la province de Fianarantsoa - Région VATOVAVY FITOVINANY- District IFANADIANA- Commune AMBIABE CEG AMBIABE	CEG AMBIABE	CEG	AMBIABE-AMBIABE	2025-01-03 10:52:42.381334+03	5513
3104	Travaux de construction deux salles Manarapenitra dans la province de Fianarantsoa - Région VATOVAVY FITOVINANY- District IFANADIANA- Commune TSARATANANA CEG TSARATANANA	CEG Tsaratanana	CEG	TSARATANANA-TSARATANANA	2025-01-03 10:52:42.396232+03	5514
3105	Travaux de construction de blocs de quatre salles  Manarapenitra dans la province FIANARANTSOA  – Région VATOVAVY–District Ifanadiana – Commune  MAROTOKO-MAROTOKO.	EPP sis Marotoko	EPP	MAROTOKO-MAROTOKO	2025-01-03 10:52:42.409754+03	5515
3106	Lot n°05 : Travaux de construction des bâtiments scolaires à deux (02) salles manarapenitra dans la DREN IHOROMBE - CISCO IHOSY -  EPP Sakalalina	EPP Sakalalina	EPP	SAKALALINA	2025-01-03 10:52:42.423778+03	5516
3107	Travaux de construction  d'un CEG Manarapenitra ( 24 salles de classes)  à Arivonimamo , province d'Antananarivo 	CEG  ARIVONIMAMO	CEG	Tsena Kely	2025-01-03 10:52:42.436671+03	5512
3108	Travaux de construction des bâtiments scolaires à douze (12) salles dans la DREN Betsiboka - CISCO Maevatanana- Maevatanana	EPP Maevatanana	EPP	AMBATOFOTSY	2025-01-03 10:52:42.454488+03	5517
3109	Travaux de construction d'un CEG de référence à vingt quatre (24) salles dans le district de Mahajanga (Tsararano Mahajanga)	CEG Tsararano	CEG	Tsararano	2025-01-03 10:52:42.469379+03	5518
3110	Travaux de construction d’un EPP de référence à 02 salles sis à Andohan'Ilakaka EPP ANDOHAN'ILAKAKA	EPP ANDOHAN'ILAKAKA	EPP	ILAKAKA-ILAKAKA	2025-01-03 10:52:42.483698+03	5519
3111	Travaux de construction d’un EPP de référence à 02 salles sis à ihazoroa EPP IHAZOROA	EPP IHAZOROA	EPP	IHAZORA-IHAZORA	2025-01-03 10:52:42.497912+03	5520
3112	Travaux de construction  deux salles  Manarapenitra dans la province de Fianarantsoa- Région HAUTE MATSIATRA –District IKALAMAVONY –commune SOLILA CEG SOLILA 	CEG SOLILA	CEG	Solila	2025-01-03 10:52:42.513207+03	5521
3113	Travaux de construction  deux salles  Manarapenitra dans la province de Fianarantsoa- Région HAUTE MATSIATRA –District IKALAMAVONY –commune BEKISOPA EPP BEKISOPA 	EPP Bekisopa	EPP	Bekisopa	2025-01-03 10:52:42.52667+03	5522
3114	Travaux de construction deux salles Manarapenitra dans la province de Fianarantsoa - Région VATOVAVY FITOVINANY- District IKONGO- Commune AMBOLOMADINIKA EPP AMBOLOMADINIKA	EPP Ambolomadinika	EPP	AMBOLOMADINIKA-AMBOLOMADINIKA	2025-01-03 10:52:42.542805+03	5523
3115	Travaux de construction deux salles Manarapenitra dans la province de Fianarantsoa - Région VATOVAVY FITOVINANY- District IKONGO- Commune MANAMPATRANA LYCEE MANAPATRANA	Lycée Manapatrana	LYCEE	IKONGO-IKONGO	2025-01-03 10:52:42.558268+03	5524
3116	Travaux de construction de blocs de quatre salles  Manarapenitra dans la province FIANARANTSOA  – Région FITOVINANY–District Ikongo – Commune  MAROMIANDRA-MAROMIANDRA.	EPP MAROMIANDRA	EPP	MAROMIANDRA-MAROMIANDRA	2025-01-03 10:52:42.572237+03	5525
3117	Travaux de construction de blocs de quatre salles  Manarapenitra dans la province FIANARANTSOA  – Région FITOVINANY–District  Ikongo– Commune  ANDEFAMPONY-ANDEFAMPONY	EPP ANDEFAMPONY	EPP	ANDEFAMPONY-ANDEFAMPONY	2025-01-03 10:52:42.58632+03	5526
3118	Travaux de construction de blocs de quatre salles  Manarapenitra dans la province FIANARANTSOA  – Région FITOVINANY–District  Ikongo– Commune  AMBINANITROMBY-EPP AMBOHINAMBOARINA	EPP AMBOHINAMBOARINA	EPP	AMBINANITROMBY-AMBINANITROMBY	2025-01-03 10:52:42.600875+03	5527
3119	Travaux de construction  deux salles  Manarapenitra dans la province de Fianarantsoa - Région HAUTE MATSIATRA – District ISANDRA – commune ANDOHARANOMAINTSO (CEG Ranomaintso)	CEG Ranomaintso	CEG	Ranomaintso	2025-01-03 10:52:42.617157+03	5528
3120	Travaux de construction  deux salles  Manarapenitra dans la province de Fianarantsoa - Région HAUTE MATSIATRA – District ISANDRA –commune SOATANANA EPP SOATANANA 	EPP Soatanana	EPP	Ambalatsileo	2025-01-03 10:52:42.631763+03	5529
3121	Travaux de construction de blocs de quatre salles  Manarapenitra dans la province FIANARANTSOA  – Région HAUTE MATSIATRA –District Isandra – Commune NASANDRATRONY-Lycée Nasandratrony .	Lycée Nasandratrony	LYCEE	Nasandratrony	2025-01-03 10:52:42.646429+03	5530
3122	Travaux de construction de blocs de  quatre salles  Manarapenitra dans la province FIANARANTSOA  – Région HAUTE MATSIATRA –District  Isandra– Commune AMBONDRONA-ANDREAMALAMA.	EPP Imiandrisoa Andreamalama	EPP	Ambalamarina EST	2025-01-03 10:52:42.658397+03	5531
3123	Travaux de construction d’un EPP de référence à 02 salles sis à AMBOZA EPP AMBOZA	EPP AMBOZA	EPP	AMBOZA-AMBOZA	2025-01-03 10:52:42.67456+03	5532
3124	Travaux de Construction deux (02) salles Manarapenitra dans la Province de Fianarantsoa, Région Ihorombe, District IVOHIBE , Commune Rurale ANTARAMENA (EPP ANTARAMENA) 	EPP ANTARAMENA	EPP	ANTARAMENA-ANTARAMENA	2025-01-03 10:52:42.689999+03	5533
3125	Travaux de construction de blocs de deux salles  Manarapenitra dans la province FIANARANTSOA  – Région IHOROMBE –District Ivohibe\n– Commune ANTAMBOHOBE-ANTAMBOHOBE	EPP ANTAMBOHOBE	EPP	ANTAMBOHOBE-ANTAMBOHOBE	2025-01-03 10:52:42.703617+03	5534
3126	Travaux de construction de blocs de deux salles  Manarapenitra dans la province FIANARANTSOA  – Région IHOROMBE –District Ivohibe\n– Commune  KOTIPA.	EPP KOTIPA	EPP	KOTIPA-KOTIPA	2025-01-03 10:52:42.716871+03	5535
3127	Travaux de construction deux salles Manarapenitra dans la province de Fianarantsoa- Région HAUTE MATSIATRA –District LALANGINA –commune MAHATSINJONY (EPP Ambatolahihambana)	EPP AMBATOLAHIHAMBANA	EPP	Ambatolahihambana	2025-01-03 10:52:42.730608+03	5536
3128	Travaux de construction  deux salles  Manarapenitra dans la province de Fianarantsoa - Région HAUTE MATSIATRA –District LALANGINA –commune IVOAMBA (EPP Lamboisa) 	EPP Lamboisa	EPP	Ankadindambo	2025-01-03 10:52:42.743625+03	5537
3129	Travaux de construction de blocs de quatre salles  Manarapenitra dans la province FIANARANTSOA  – Région HAUTE MATSIATRA –District  Lalangina– Commune Soalazaina-EPP Alarobia Soalazaina.	EPP ALAROBIA SOALAZAINA	EPP	Ambatolahimavo	2025-01-03 10:52:42.758586+03	5538
3130	Travaux de construction de blocs de quatre salles  Manarapenitra dans la province FIANARANTSOA  – Région HAUTE MATSIATRA –District  Lalangina– Commune Andrainjato Est-EPP Mitongoha	EPP Mitongoha	EPP	Mitongoa	2025-01-03 10:52:42.771549+03	5539
3131	travaux de construction de blocs de quatre salles Manarapenitra dans la province FIANARANTSOA-Région HAUTE MATSIATRA-District Lalangina-Commune  Ambalakely-Lycée Ambalakely (FKT Ambalakely)	Lycée Ambalakely	LYCEE	Volamena	2025-01-03 10:52:42.782617+03	5538
3132	Travaux de construction  d'un Lycée Manarapenitra ( 12 salles de classes)  à MahajangaI, province de Mahajanga	Lycée Amborovy	LYCEE	Amborovy	2025-01-03 10:52:42.79737+03	5540
3133	Travaux de construction des blocs de deux(02) salles Manarapenitra dans la province FIANARANTSOA : Région HAUTE MATSIATRA - CISCO LALANGINA - ZAP Ambalakely -Fokontany Ambatolahimavo - CEG Ambatolahimavo	CEG Ambatolahimavo	CEG	Anara	2025-01-03 10:52:42.80836+03	5538
3134	Travaux de construction de blocs de quatre (04) salles manarapenitra dans la province FIANARANTSOA - CISCO LALANGINA - ZAP Ialananindro - Lycée Ialananindro	Lycée Ialananindro	LYCEE	Tetezambato	2025-01-03 10:52:42.82267+03	5541
3135	 Travaux de construction deux salles Manarapenitra dans la province Mahajanga.EPP MAROKORO	EPP MAROKORO	EPP	MAROKORO	2025-01-03 10:52:42.836829+03	5542
3136	 Travaux de construction deux salles Manarapenitra dans la province Mahajanga EPP MAROMALANDY	EPP MAROMALANDY	EPP	MAROMALANDY	2025-01-03 10:52:42.850833+03	5543
3137	Travaux de construction  d'un EPP Manarapenitra ( 12 salles de classes)  à Toamasina II(Foul Pointe), province de Toamasina 	EPP  FoulPointe	EPP	MAHAVELONA-MAHAVELONA	2025-01-03 10:52:42.865082+03	5544
3138	Travaux de construction d'un EPP de reference à deux salles sise à Bezezika dans la  Region : MENABE EPP BEZEZIKA	EPP BEZEZIKA	EPP	BEZEZIKA	2025-01-03 10:52:42.880453+03	5545
3139	Travaux de construction d'un CEG de reference à deux salles sise à Befotaka dans la  Region : MENABE CEG BEFOTAKA	CEG BEFOTAKA	CEG	BEFOTAKA	2025-01-03 10:52:42.8926+03	5545
3140	Travaux de construction des blocs de quatre salles  Manarapenitra dans la province TOLIARA   – Région MENABE–District  Mahabo– Commune  -ANKILIZATO-EPP ANKILIZATO	EPP ANKILIZATO	EPP	ANKILIZATO CENTRE	2025-01-03 10:52:42.908715+03	5546
3141	Travaux de construction des blocs de quatre salles  Manarapenitra dans la province TOLIARA   – Région MENABE–District Mahabo– Commune AMPANIHY-ANJATELO	EPP AMPANIHY ANJATELO	EPP	ANJATELO	2025-01-03 10:52:42.921954+03	5547
3142	Sous lot n°03-B3 : Travaux de construction de blocs de quatre  salles  Manarapenitra dans la province   MAHAJANGA– Région  BOENY–CISCO Mahajanga I – ZAP Mahajanga I	EPP Mahajanga I	CEG	SOTEMA	2025-01-03 10:52:42.936605+03	5548
3143	Travaux de construction des bâtiments scolaires à douze (12) salles dans la DREN ANOSY - CISCO Taolagnaro - Commune Manambaro - Fokontany Malio - EPP Manambaro Malio	EPP MANAMBARO MALIO	EPP	MALIO	2025-01-03 10:52:42.953269+03	5549
3144	Travaux de construction des bâtiments scolaires à douze (12) salles dans la DREN FITOVINANY - CISCO Manakara - Commune Manakara - CEG Manakara	CEG MANAKARA	CEG	MANAKARA-MANAKARA	2025-01-03 10:52:42.968812+03	5550
3145	Travaux de construction deux salles Manarapenitra dans la province Mahajanga CEG MAHABIBO	CEG MAHABIBO	CEG	Mahabibo	2025-01-03 10:52:42.980583+03	5548
3146	Travaux de construction deux salles Manarapenitra dans la province Mahajanga EPP TANAMBAO SOTEMA	EPP TANAMBAO SOTEMA	EPP	TANAMBAO SOTEMA	2025-01-03 10:52:42.991931+03	5548
3147	Lot n°07 : Travaux de construction des bâtiments scolaires à quatre (04) salles  Manarapenitra dans la  DREN BOENY - CISCO Mahajanga II - Commune Betsako - EPP Betsako	EPP Betsako ( RELANCE)	EPP	BETSAKO 	2025-01-03 10:52:43.006597+03	5551
3148	Lot n°01 :Travaux de construction des bâtiments scolaires à deux (02) salles  Manarapenitra dans la  DREN BOENY– CISCO Mahajanga II - EPP Boanamary (RELANCE)	EPP Boanamary (RELANCE)	EPP	BOANAMARY	2025-01-03 10:52:43.018943+03	5551
3149	Travaux de construction deux salles Manarapenitra dans la province Mahajanga EPP AMBALABE BEFANJAVA	EPP AMBALABE BEFANJAVA	EPP	Befanjava-Ambalabe	2025-01-03 10:52:43.032425+03	5552
3150	 Travaux de construction deux salles Manarapenitra dans la province Mahajanga LYCEE BEKOBAY	LYCEE BEKOBAY	LYCEE	BEKOBAY-BEKOBAY	2025-01-03 10:52:43.045858+03	5553
3151	Travaux de construction de blocs de quatre  salles  Manarapenitra dans la province   MAHAJANGA– Région BOENY  – district Mahajanga II- Commune AMBALAKIDA- EPP MAHAJAMBA USINE	EPP MAHAJAMBA USINE	EPP	USINE-MAHAJAMBA	2025-01-03 10:52:43.05941+03	5554
3152	Travaux de construction  d'un Lycée Manarapenitra ( 12 salles de classes)  à Mananjary, province de Fianarantsoa 	Lycée  Mananjary	LYCEE	Ambatolambo	2025-01-03 10:52:43.076522+03	5555
3153	Travaux de construction du CEG Manarapenitra à 2 salles sis à Ambinanidilana (Ex site Marolambo) 	CEG Ambananidalana	CEG	MAHANORO-MAHANORO	2025-01-03 10:52:43.089352+03	5303
3154	Travaux de construction du CEG Manarapenitra à 2 salles sis à Ambodiarina	CEG Ambodiarina	CEG	MAHANORO-MAHANORO	2025-01-03 10:52:43.101345+03	5303
3155	travaux de construction du CEG Manarapenitra à 2 salles sis à Betsizaraina	CEG Betsizaraina	CEG	MAHANORO-MAHANORO	2025-01-03 10:52:43.113356+03	5303
3156	 Travaux de construction deux salles Manarapenitra dans la province Mahajanga EPP ANDRAIJORO	EPP ANDRAIJORO	EPP	ANDRAIJORO	2025-01-03 10:52:43.127735+03	5556
3157	Travaux de construction deux salles Manarapenitra dans la province Mahajanga EPP ANDONGONA	EPP ANDONGONA	EPP	ANDONGONA ZAMIAVA	2025-01-03 10:52:43.141521+03	5557
3158	Travaux de construction de blocs de quatre  salles  Manarapenitra dans la province   MAHAJANGA– Région SOFIA – district Mampikony- Commune KOMAJIA -EPP KOMAJIA	EPP KOMAJIA	EPP	KOMAJIA	2025-01-03 10:52:43.156407+03	5558
3159	Travaux de construction deux salles Manarapenitra dans la province de Fianarantsoa - Région VATOVAVY FITOVINANY- District MANAKARA- Commune AMBANDRIKA CEG AMBANDRIKA	CEG Ambandrika Lokomby	CEG	LOKOMBY-LOKOMBY	2025-01-03 10:52:43.169947+03	5559
3160	Travaux de construction deux salles Manarapenitra dans la province de Fianarantsoa - Région VATOVAVY FITOVINANY- District MANAKARA- Commune AMBOTAKA EPP AMBOTAKA	EPP Ambotaka	EPP	MAHAVELO	2025-01-03 10:52:43.18237+03	5550
3161	Travaux de construction de blocs de quatre salles  Manarapenitra dans la province FIANARANTSOA  – Région FITOVINANY–District Manakara – Commune  SAHASINAKA-LYCEE SAHASINAKA	LYCEE SAHASINAKA	LYCEE	SAHASINAKA-SAHASINAKA	2025-01-03 10:52:43.196302+03	5560
3162	Travaux de construction de blocs de quatre salles  Manarapenitra dans la province FIANARANTSOA  – Région FITOVINANY–District Manakara – Commune ONILAHY-ONILAHY	EPP  ONILAHY	EPP	ONILAHY-ONILAHY	2025-01-03 10:52:43.20947+03	5561
3163	Travaux de construction  d'un EPP Manarapenitra ( 12 salles de classes)  à Manjakandriana, province d'Antananarivo 	EPP Manjakandriana	EPP	MANJAKANDRIANA-MANJAKANDRIANA	2025-01-03 10:52:43.22232+03	5409
3164	 Travaux de construction  deux salles  Manarapenitra dans la province TOAMASINA - Région ANALANJOROFO –District  MANANARA  –Commune MANAMBOLOSO Lyceé Manabolosy	Lycée Manamboloso	LYCEE	MANAMBOLOSO	2025-01-03 10:52:43.238313+03	5562
3165	Travaux de construction de blocs de quatre  salles  Manarapenitra dans la province   TOAMASINA– Région  ANALANJOROFO – district Mananara Nord- Commune MANANARA-NORD -EPP Ambitsiky	EPP Ambitsiky	EPP	AMBITSIKY	2025-01-03 10:52:43.251975+03	5563
3399	EPP BETANATANANA	EPP BETANATANANA	EPP	BETANATANANA	2025-01-03 10:52:46.363557+03	5732
3166	Travaux de construction de blocs de quatre  salles  Manarapenitra dans la province   TOAMASINA– Région  ANALANJOROFO – district Mananara Nord- Commune MANANARA-NORD -EPP Sahasoa	EPP Sahasoa	EPP	SAHASOA	2025-01-03 10:52:43.265533+03	5564
3167	Travaux de construction deux salles Manarapenitra dans la province de Fianarantsoa - Région Amoron'i Mania - District Manandriana - Commune ANJOMAN'ANKONA (Antamboholehibe) EPP SAHAMAME	 EPP SAHAMAME	EPP	Antamboholehibe	2025-01-03 10:52:43.282553+03	5565
3168	Travaux de construction des blocs de deux salles  Manarapenitra dans la province FIANARANTSOA  – Région AMORON'I MANIA–District Manandriana\n- Commune AMBATOMARINA-EPP Ambatomarina  	EPP Ambatomarina  	EPP	Ambohitra	2025-01-03 10:52:43.296342+03	5566
3169	Travaux de construction des blocs de deux salles  Manarapenitra dans la province FIANARANTSOA  – Région AMORON'I MANIA–District Manandriana\n Commune ANJOMA-NANDIHIZANA-EPP Ambohipo	EPP Ambohipo	EPP	Ambohipo	2025-01-03 10:52:43.310305+03	5567
3170	Lot n°6 : Travaux de réhabilitation des établissements scolaires dans la région Vatovavy -District Mananjary - EPP Mananjary	 EPP Mananjary	EPP	MAANJARY - EPP	2025-01-03 10:52:43.322322+03	5555
3171	Travaux de construction  d'un EPP Manarapenitra ( 12 salles de classes)  à Maroantsetra , province de Toamasina 	EPP Maroantsetra	EPP	MAROANTSETRA-MAROANTSETRA	2025-01-03 10:52:43.338757+03	5568
3172	Travaux de construction deux salles Manarapenitra dans la province de Fianarantsoa - Région VATOVAVY FITOVINANY- District MANANJARY- Commune KIANJAVATO EPP TANAMBAO BESAKAY	EPP Tanambao Besakay	EPP	TANAMBAO BESAKAY	2025-01-03 10:52:43.353539+03	5569
3173	 Travaux de construction deux salles Manarapenitra dans la province de Fianarantsoa - Région VATOVAVY FITOVINANY - District MANANJARY- Commune MANANJARY EPP FANGATO	EPP Fangato	EPP	Fangato	2025-01-03 10:52:43.366927+03	5555
3174	Travaux de construction de blocs de quatre salles  Manarapenitra dans la province FIANARANTSOA  – Région VATOVAVY–District  Mananjary– Commune  VOHILAVA-LYCEE VOHILAVA	Lycée Vohilava	LYCEE	VOHILAVA-VOHILAVA	2025-01-03 10:52:43.380796+03	5570
3175	Travaux de construction des bâtiments scolaires à deux (02) salles manarapenitra dans la DREN Vatovavy - CISCO Mananjary - ZAP Tsiatosika - Fokontany Tsiatosika - EPP Tsiatosika	EPP Tsiatosika	EPP	Tsiatosika	2025-01-03 10:52:43.394495+03	5571
3176	Travaux de construction de deux salles Manarapenitra dans la province ANTANANARIVO - Région VAKINANKARATRA District MANDOTO commune MANDOTO EPP KOMBIZA	EPP KOMBIZA	EPP	kombiza	2025-01-03 10:52:43.409999+03	5572
3177	Travaux de construction de blocs de quatre salles  Manarapenitra dans la province ANTANANARIVO – Région VAKINAKARATRA –District Mandoto – Commune FIDIRANA  -Antapondravola.	EPP FIDIRANA	EPP	ANTAMPONDRAVOLA	2025-01-03 10:52:43.424583+03	5573
3178	Travaux de construction deux salles Manarapenitra dans la province Mahajanga EPP AMPARIHIBE	EPP AMPARIHIBE	EPP	AMPARIHIBE	2025-01-03 10:52:43.440807+03	5574
3179	Travaux de construction de blocs de deux  salles  Manarapenitra dans la province   MAHAJANGA– Région SOFIA – district Mandritsara\n- commune MANDRITSARA- MAROAMBOKA	EPP MAROAMBOKA	EPP	MAROAMBOAKA 	2025-01-03 10:52:43.454771+03	5575
3180	Travaux de construction de blocs de deux  salles  Manarapenitra dans la province   MAHAJANGA– Région SOFIA – district Mandritsara\n- commune AMBARIPAIKA-AMBARIPAIKA	EPP AMBARIPAIKA	EPP	AMBARIPAIKA	2025-01-03 10:52:43.468174+03	5575
3181	Travaux de nouvelle constructrion des bâtiments scolaires à quatre salles dans la DREN SOFIA - CISCO Mandritsara - ZAP Mandritsara - Lycée Mandritsara	Lycée Mandritsara	LYCEE	MANDRITSARA-MANDRITSARA	2025-01-03 10:52:43.482477+03	5576
3182	Travaux de construction d’un EPP de référence à 12 salles sis à Marofantsy	EPP Marofantsy	EPP	MAROFANTSY	2025-01-03 10:52:43.496773+03	5577
3183	Travaux de construction d'un CEG de reference à deux salles sise à Anontsibe dans la  Region : MENABE CEG ANONTSIMBE	CEG ANONTSIMBE	CEG	ANONTSIBE CENTRE	2025-01-03 10:52:43.512351+03	5578
3184	Travaux de construction des bâtiments scolaires à douze salles dans la DREN ITASY - CISCO Miarinarivo - Commune Miarinarivo II - EPP Ampasamanatongotra 	EPP Ampasamanantongotra	EPP	Ampasamanatongotra	2025-01-03 10:52:43.529591+03	5579
3185	Travaux de construction d'Un Lycee de référence à 12 salles sis à  Mitsinjo	Lycée Mitsinjo	LYCEE	Mitsinjo betanimena	2025-01-03 10:52:43.543572+03	5580
3186	Travaux de construction  d'un CEG Manarapenitra ( 24 salles de classes)  à Moramanga , province de Toamasina	CEG MORAMANGA	CEG	MORAMANGA-MORAMANGA	2025-01-03 10:52:43.559561+03	5581
3187	Travaux de construction  d'un EPP Manarapenitra ( 12 salles de classes)  à Morombe, province de Toliara 	EPP Morombe	EPP	Avaradrova	2025-01-03 10:52:43.575405+03	5582
3188	Travaux de construction de  deux salles  Manara-penitra avec Latrine dans la province ANTANANARIVO - Région ANALAMANGA –CISCO  ANTANANARIVO ATSIMONDRANO – commune TSARARIVOTRA – EPP SOAMANANDRAY	EPP SOAMANANDRAY	EPP	TSARARIVOTRA-TSARARIVOTRA	2025-01-03 10:52:43.588585+03	5583
3190	Travaux de construction  deux salles  Manarapenitra dans la province TOAMASINA - Région ANALANJOROFO –District  MAROANTSETRA  –Commune AMBODIMANGA EPP Ambodimanga	EPP Ambodimanga	EPP	AMBODIMANGA	2025-01-03 10:52:43.619142+03	5585
3191	Travaux de construction du deux salles  Manarapenitra dans la province de Toamasina-Région Analanjirofo-District Maroantsetra- EPP ANJANAZANA	EPP ANJANAZANA	EPP	ANJANAZANA	2025-01-03 10:52:43.632295+03	5586
3192	Travaux de construction du deux salles  Manarapenitra dans la province de Toamasina-Région Atsinanana-District Marolambo (a)	EPP sis Marolambo	EPP	MAROLAMBO	2025-01-03 10:52:43.646596+03	5587
3193	Travaux de construction  d'un EPP Manarapenitra ( 12 salles de classes)  à Nosy be , province d'Antsiranana 	EPP DJABALA	EPP	DJABALA	2025-01-03 10:52:43.660402+03	5588
3194	Travaux de construction  d'un EPP Manarapenitra ( 12 salles de classes)  à Nosy varika, province de Fianarantsoa 	EPP Nosy Varika	EPP	Tanambao V	2025-01-03 10:52:43.67539+03	5589
3195	Travaux de construction deux salles Manarapenitra dans la province Mahajanga EPP BETARAMAMAY	EPP BETARAMAMAY	EPP	ANKAZOMBORONA-ANKAZOMBORONA	2025-01-03 10:52:43.690346+03	5590
3196	Travaux de construction deux salles Manarapenitra dans la province Mahajanga EPP MANONGA	EPP MANONGA	EPP	MAROSAKOA-MAROSAKOA	2025-01-03 10:52:43.702749+03	5591
3197	Travaux de construction d'un EPP de reference à deux salles sise à Analambiby dans la  Region : MENABE EPP ANALAMBIBY	EPP ANALAMBIBY	EPP	ANALAMBIBY	2025-01-03 10:52:43.717862+03	5592
3198	Travaux de construction d'un EPP de reference à deux salles sise à Betsipolotra dans la  Region : MENABE EPP BETSIPOLOTRA	EPP BETSIPOLOTRA	EPP	BETSIPOLITRA	2025-01-03 10:52:43.73078+03	5593
3199	Travaux de construction des bâtiments scolaires à deux (02) salles manarapenitra dans la DREN MENABE - CISCO Miandrizavo - ZAP Ankotrofotsy - EPP Ankotrofotsy	EPP ANKOTROFOTSY	EPP	ANKOTROFOTSY	2025-01-03 10:52:43.742233+03	5594
3200	Travaux de construction deux salles Manarapenitra dans la province ANTANANARIVO - Région ITASY District MIARINARIVO commune SOAVIMBAZAHA; 	EPP SOAVIMBAZAHA	EPP	Soavimbazaha	2025-01-03 10:52:43.756266+03	5595
3201	Travaux de construction  des blocs de quatre salles  Manarapenitra dans la province ANTANANARIVO – Région ITASY –District Miarinarivo – Commune SOAMAHAMANINA  -EPP village emergent AMBOLOMANJAKARIVO.	EPP Village Emergent	EPP	AMBOLOMANJAKARIVO.	2025-01-03 10:52:43.769383+03	5596
3202	travaux de construction des blocs de quatre salles Manarapenitra dans la province ANTANANARIVO-Région ITASY-District MIARINARIVO-Commune ANALAVORY- Fkt Marosoka- EPP MAROSOKA	EPP MAROSOKA	EPP	Marosoka	2025-01-03 10:52:43.783052+03	5597
3203	Travaux de construction des bâtiments scolaires à douze (12) salles dans la DREN ANALANJIROFO - CISCO Sainte Marie - Commune Sainte Marie - EPP Sainte Marie	EPP Sainte Marie 	EPP	LOUKINTSY	2025-01-03 10:52:43.797148+03	5598
3204	Travaux de construction d'un CEG de reference à deux salles sis au CEG Andranolalina	CEG ANDRANOLALINA	CEG	ANDRANOLALINA	2025-01-03 10:52:43.811365+03	5599
3205	Travaux de construction d'un lycée de reference à deux salles sis au lycée Midongy Atsimo	Lycée Midongy Sud	LYCEE	MIDONGY ATSIMO	2025-01-03 10:52:43.822349+03	5599
3206	Travaux de construction de blocs de quatre  salles  Manarapenitra dans la province   MAHAJANGA– Région  BOENY– district Mitsinjo- Commune Mitsinjo -EPP Mitsinjo	EPP MITSINJO	EPP	MITSINJO-MITSINJO	2025-01-03 10:52:43.837464+03	5600
3207	Travaux de construction des blocs de deux  salles  Manarapenitra dans la province   MAHAJANGA– Région MELAKY– district Morafenobe\n- Commune BEBOKOY -BEBOKOY	EPP sis BEBOKOY	EPP	BEBOKOY-BEBOKOY	2025-01-03 10:52:43.852308+03	5601
3208	Travaux de construction des blocs de deux  salles  Manarapenitra dans la province   MAHAJANGA– Région MELAKY– district Morafenobe\n- Commune ANKALALO- ANKALALO	EPP Ankalalo	EPP	ANKALALO-ANKALALO	2025-01-03 10:52:43.865303+03	5602
3209	Travaux de construction des blocs de deux  salles  Manarapenitra dans la province   MAHAJANGA– Région MELAKY– district Morafenobe\n- Commune ANDRAMY -ANDRAMY	EPP ANDRAMY	EPP	ANDRAMY-ANDRAMY	2025-01-03 10:52:43.878667+03	5603
3210	Travaux de construction des blocs de deux  salles  Manarapenitra dans la province   MAHAJANGA– Région MELAKY– district Morafenobe\n- Commune ANKELIANDILANA -ANKELIANDILANA	EPP Ankeliandilana	EPP	ANKELIANDILANA-ANKELIANDILANA	2025-01-03 10:52:43.890636+03	5604
3211	Travaux de construction  d'un EPP Manarapenitra ( 12 salles de classes)  à Sakaraha, province de Toliara 	EPP Sakaraha	EPP	soarano	2025-01-03 10:52:43.90515+03	5605
3212	Travaux de construction  deux salles  Manarapenitra dans la province TOAMASINA - Région ALAOTRA MANGORO –District  MORAMANGA –commune LAKATO II, EPP AMBODIGAVO	EPP AMBODIGAVO	EPP	AMBODIGAVO	2025-01-03 10:52:43.919008+03	5606
3213	Travaux de construction  deux salles  Manarapenitra dans la province TOAMASINA - Région ALAOTRA MANGORO –District  MORAMANGA –commune VODIRIANA, EPP VODIRIANA	EPP VODIRIANA	EPP	VODIRIANA-VODIRIANA	2025-01-03 10:52:43.932148+03	5607
3214	Lot n°05 : Travaux de construction des bâtiments scolaires à deux (02) salles manarapenitra dans la DREN Alaotra Mangoro - Cisco Moramanga - ZAP Andaigo - EPP Andaingo	EPP Andaingo	EPP	ANDAINGO	2025-01-03 10:52:43.944657+03	5608
3215	Lot n°02 : Travaux de construction des bâtiments scolaires à deux (02) salles  Manarapenitra dans la  DREN ALAOTRA MANGORO - CISCO Moramanga - LYCEE CR Bembary	LYCEE  Bembary	LYCEE	BEMBARY	2025-01-03 10:52:43.957201+03	5609
3216	Travaux de construction des bâtiments scolaires à douze (12) salles dans la DREN SAVA - CISCO Sambava - Commune Sambava - EPP Sambava	EPP SAMBAVA	EPP	Antanifotsy	2025-01-03 10:52:43.972152+03	5610
3217	travaux de construction d’un CEG Manarapenitra deux salles avec latrine dans la Province de Toliara- Région ATSIMO ANDREFANA- District MOROMBE ,Commune Ambahikily. CEG NAMATOA	CEG NAMATOA	CEG	Namatoa	2025-01-03 10:52:43.985749+03	5611
3218	travaux de construction d’un EPP Manarapenitra deux salles avec latrine dans la Province de Toliara- Région ATSIMO ANDREFANA- District MOROMBE ,Commune Antanimieva. EPP Mangotroka	EPP MANGOTROKA	EPP	mangotroka	2025-01-03 10:52:43.998399+03	5612
3219	Travaux de construction des bâtiments scolaires à deux salles manarapenitra dans la DREN ATSIMO ANDREFANA - CISCO MOROMBE - ZAP Tanambao Mahasoa - EPP Morafeno	EPP MORAFENO	EPP	tanambao mahasoa	2025-01-03 10:52:44.009965+03	5613
3220	Lot n°05 : Travaux de construction des bâtiments scolaires à quatre (04) salles manarapenitra dans la DREN  ATSIMO ANDREFANA– CISCO Morombe - EPP Andranovorindregataky	EPP Andranovorindregataky	EPP	ANDRANOVORINDREGATAKY	2025-01-03 10:52:44.022569+03	5614
3221	Travaux de construction  d'un EPP Manarapenitra ( 12 salles de classes)  à Soanierana Ivongo , province de Toamasina 	EPP SOANIERANA IVONGO	EPP	IVONGO-SOANIERANA	2025-01-03 10:52:44.036549+03	5615
3222	Travaux de construction d'un EPP de reference à deux salles sise à Manomentinay dans la  Region : MENABE EPP MANOMENTINAY	EPP Manomentinay	EPP	MANOMETINAY	2025-01-03 10:52:44.053716+03	5616
3223	Travaux de construction d'un EPP de reference à deux salles sise à Marovoay dans la  Region : MENABE EPP MAROVOAY	EPP MAROVOAY	EPP	MAROVOAY	2025-01-03 10:52:44.066446+03	5617
3224	Travaux de construction d’un EPP de référence à 12 salles sis à Soavina	EPP  Soavina	EPP	SOAVINA	2025-01-03 10:52:44.078501+03	5467
3225	Travaux de construction de deux salles équipés Manara-penitra avec latrines dans les Province Antsiranana- DISTRICT  NOSY BE - EPP AMPOMBILAVA	EPP AMPOMBILAVA	EPP	BE-NOSY	2025-01-03 10:52:44.088873+03	5588
3226	Travaux de construction de deux salles équipés Manara-penitra avec latrines dans les Province Antsiranana-DISTRICT NOSY BE -EC AMPASINDAVA	EC AMPASIDAVA	EPP	DZAMANDZAR	2025-01-03 10:52:44.100455+03	5588
3227	Travaux de construction des blocs de deux salles  Manarapenitra dans la province   ANTSIRANANA– Région DIANA –district Nosy be- Commune -Nosy be-ANTANAMITARANA (CEG Antanamitarana)	CEG ANTANAMITARANA	CEG	ANTANAMITARANA	2025-01-03 10:52:44.110585+03	5588
3228	Travaux de construction  d'un EPP Manarapenitra ( 12 salles de classes)  à Soavinandriana, province d'Antananarivo 	EPP  Soavinandriana	EPP	Antrano Roa	2025-01-03 10:52:44.124327+03	5618
3229	Travaux de construction deux salles Manarapenitra dans la province de Fianarantsoa - Région VATOVAVY FITOVINANY-  LYCEE AMPASINAMBO	Lycée Ampasinambo	LYCEE	AMPASINAMBO	2025-01-03 10:52:44.135318+03	5589
3230	Travaux de construction deux salles Manarapenitra dans la province de Fianarantsoa - Région VATOVAVY FITOVINANY-  EPP AMBODILAFA	EPP AMBODILAFA	EPP	AMBODILAFA	2025-01-03 10:52:44.146834+03	5589
3231	 Travaux de construction  deux salles  Manarapenitra dans la province TOAMASINA - Région ANALANJOROFO –District  SAINTE MARIE  –Commune SAINTE MARIE EPP SAINT JOSEPH	EPP SAINT JOSEPH	EPP	SAINT JOSEPH	2025-01-03 10:52:44.161901+03	5619
3232	Travaux de construction du deux salles  Manarapenitra dans la province de Toamasina-Région Analanjirofo-District Ste Marie - EPP ANALARAJY	EPP ANALARAJY	EPP	ANALARAJY	2025-01-03 10:52:44.173413+03	5619
3233	Travaux de construction des bâtiments scolaires à douze (12) salles dans la DREN ANALAMANGA - CISCO TANA VILLE - 2e Arrondissement - EPP Mandroseza	EPP MANDROSEZA	EPP	II-TANA	2025-01-03 10:52:44.188868+03	5620
3234	Travaux de construction des bâtiments scolaires à douze (12) salles dans la DREN ANALAMANGA - CISCO TANA VILLE - 3e Arrondissement - EPP Vohibola	EPP VOHIBOLA	EPP	III-TANA	2025-01-03 10:52:44.200833+03	5418
3235	travaux de construction d’un CEG Manarapenitra deux salles avec latrine dans la Province de Toliara- Région ATSIMO ANDREFANA- District SAKARAHA Commune Miary. CEG MIARY LAMATIHY	CEG MARY LAMATIHY	CEG	Miary lamatihy	2025-01-03 10:52:44.214406+03	5621
3236	travaux de construction d’un CEG Manarapenitra deux salles avec latrine dans la Province de Toliara- Région ATSIMO ANDREFANA- District SAKARAHA Commune Andranolava CEG Andranolava	CEG Andranolava	CEG	Andranolava	2025-01-03 10:52:44.22603+03	5621
3237	Travaux de construction des bâtiments scolaires à douze (12) salles dans la DREN ANALAMANGA - CISCO TANA VILLE - 4e Arrondissement - EPP Fiadanana	EPP Fiadanana	EPP	IV-TANA	2025-01-03 10:52:44.241446+03	5622
3238	Travaux de construction de deux salles équipés Manara-penitra avec latrines dans les ProvinceAntsiranana- DISTRICT SAMBAVA - EPP AMBOHITROSY	EPP AMBOHITROSY	EPP	ambohitrosy	2025-01-03 10:52:44.253568+03	5610
3239	Travaux de construction de blocs de quatre salles  Manarapenitra dans la province   ANTSIRANANA– Région SAVA – district Sambava- Commune  AMBOHIMALAZA-EPP AMBOHIMALAZA	EPP AMBOHIMALAZA	EPP	Ambohimalaza	2025-01-03 10:52:44.267321+03	5623
3240	travaux de construction de blocs de quatre salles Manarapenitra dans la province ANTSIRANANA-Région SAVA-District SAMBAVA-Commune  SAMBAVA I    EPP ANTAIMBY	EPP ANTAIMBY	EPP	Antaimby	2025-01-03 10:52:44.281538+03	5624
3241	Travaux d'achevement  d'e l' EPP 12 salles et CEG de 24 salles dans la Province d'Antananarivo-Region d'Analamanga-District Antananarivo renivohitra- V eme  Arrondissement  à Analamahitsy  	EPP Analamahitsy	EPP	V-TANA	2025-01-03 10:52:44.295573+03	5625
3242	Travaux de nouvelle construction de blocs à quatre (04) salles dans la DREN BOENY - CISCO SOALALA - ZAP Antsakoamileka - Fokontany Ambia - EPP Ambia	EPP AMBIA	EPP	AMBIA	2025-01-03 10:52:44.311685+03	5626
3243	Travaux d'achevement  d'e l' EPP 12 salles et CEG de 24 salles dans la Province d'Antananarivo-Region d'Analamanga-District Antananarivo renivohitra- V eme  Arrondissement  à Analamahitsy  	CEG Analamahitsy	CEG	V-TANA	2025-01-03 10:52:44.323848+03	5625
3244	Travaux de construction  deux salles  Manarapenitra dans la province TOAMASINA - Région ANALANJOROFO –District  SOANIERANA IVONGO –Commune AMBODIHAMPANA CEG Ambodiapana	CEG AMBODIAPANA	CEG	AMBODIHAMPANA	2025-01-03 10:52:44.339225+03	5627
3245	Travaux de construction  deux salles  Manarapenitra dans la province TOAMASINA - Région ANALANJOROFO –District  SOANIERANA IVONGO  –Commune AMBAHOABE EPP Vatomora	EPP VATOMORA	EPP	VATOMORA	2025-01-03 10:52:44.355004+03	5628
3246	Lot n°5 : Travaux de construction des bâtiments scolaires à deux (02) salles manarapenitra dans la DREN Itasy - Cisco Soavinandriana - ZAP Amparibohitra - CEG Amparibohitra	CEG Amparibohitra	CEG	AMPARIBOHITRA	2025-01-03 10:52:44.370962+03	5629
3247	Lot n°4 : Travaux de construction des bâtiments scolaires à deux (02) salles manarapenitra dans la DREN Itasy - Cisco Soavianadriana - ZAP Mananasy - EPP Mananasy	EPP Mananasy	EPP	MANANASY	2025-01-03 10:52:44.387334+03	5630
3248	Travaux de construction des bâtiments scolaires à douze (12) salles dans la DREN ANALAMANGA - CISCO TANA VILLE - 6e Arrondissement - EPP Andranomena	EPP Andranomena	EPP	VI-TANA	2025-01-03 10:52:44.404647+03	5631
3249	Travaux de construction deux salles Manarapenitra dans la province ANTANANARIVO - Région ITASY District SOAVINANDRIANA commune DONDONA; EPP DONDONA	EPP DONDONA	EPP	Dondona	2025-01-03 10:52:44.421097+03	5632
3250	Lot n°1 : Travaux de nouvelle construction des bâtiments scolaires à quatre (04) salles dans la DREN Analamanga - Cisco Ambohidratrimo - ZAP Ampangabe - EPP Ampandrilaza	EPP AMPANDRILAZA	EPP	AMPAANDRILAZA	2025-01-03 10:52:44.437609+03	5633
3251	Lot n°1 : Travaux de construction des bâtiments scolaires à deux (02) salles manarapenitra dans la DREN Analamanga - Cisco Anjozorobe - ZAP Anjozorobe II - EPP Ambohibazoina	EPP Ambohibazoina	EPP	AMBOHIBAZOINA	2025-01-03 10:52:44.45234+03	5417
3252	Lot n°02 : Travaux de construction des bâtiments scolaires à deux (02)salles  Manarapenitra dans la DREN ANALAMANGA–CISCO ATSIMONDRANO - EPP Ampahitrosy	EPP Ampahitrosy	EPP	AMPAHITSOSY	2025-01-03 10:52:44.469336+03	5634
3253	Lot n°03 :Travaux de construction des bâtiments scolaires à deux (02) salles  Manarapenitra dans la  DREN ANALAMANGA -  CISCO Antananarivo Atsimondrano - CEG Amboatavo	CEG Amboatavo	CEG	AMBOATAVO	2025-01-03 10:52:44.484343+03	5634
3254	Travaux de construction des bâtiments scolaires à douze (12) salles dans la DREN ANALAMANGA - Cisco Atsimondrano - Commune Tanjombato - CEG Tanjombato	 CEG Tanjombato	CEG	Tanjombato-Tanjombato	2025-01-03 10:52:44.500324+03	5635
3255	Travaux de construction des bâtiments scolaires à douze (12) salles dans la DREN ANOSY - CISCO TAOLAGNARO - Commune Taolagnaro - CEG Tanambao	CEG Tanambao	CEG	TAOLAGNARO-TAOLAGNARO	2025-01-03 10:52:44.515385+03	5636
3256	Travaux de construction  d'un Lycée Manarapenitra ( 12 salles de classes)  à Toamasina I, province de Toamasina 	Lycée sis à Toamasina I	LYCEE	TOAMASINA-TOAMASINA	2025-01-03 10:52:44.529797+03	5637
3257	Travaux de construction  d'un EPP Manarapenitra ( 12 salles de classes)  à Vangaindrano, province de Fianarantsoa 	EPP Vangaindrano	EPP	TANIMENA	2025-01-03 10:52:44.542625+03	5638
3258	Lot n°02 : Travaux de construction des bâtiments scolaires à quatre (04) salles  Manarapenitra dans la  DREN ANALAMANGA - CISCO Antananarivo Avaradrano - Commune Alasora - CEG Alasora	CEG Alasora	CEG	ALASOARA	2025-01-03 10:52:44.555226+03	5639
3259	Lot n°01 :Travaux de construction des bâtiments scolaires à deux (02) salles  Manarapenitra dans la DREN ANALAMANGA–CISCO MANJAKANDRIANA - ZAP SADABE - LYCEE Sadabe	LYCEE SADABE	LYCEE	SADABE	2025-01-03 10:52:44.567212+03	5640
3260	Travaux de construction d’un EPP de référence à 12 salles sis à Vohemar	EPP  Antanimbarinandriana	EPP	Antanimbarinandriana	2025-01-03 10:52:44.580462+03	5641
3261	Travaux de nouvelle construction d'un bâtiment administratif à Tsimbazaza	TSIMBAZAZA	Administratif	TSIMBAZAZA	2025-01-03 10:52:44.589681+03	5418
3262	Lot 02: Travaux de réhabilitation des bâtiments A du MEN (RDC er 1ère Etage)	RDC er 1ère Etage	Administratif	ANOSY 	2025-01-03 10:52:44.599641+03	5622
3263	Lot 05: Travaux de réhabilitation des bâtiments A du MEN (2ème-3ème ETAGE)	2ème-3ème ETAG	Administratif	ANOSY 	2025-01-03 10:52:44.608477+03	5622
3264	Lot 01: Travaux de réhabilitation des bâtiments B du MEN (3ème-4ème -5 ème Etage)	3ème-4ème-5ème ETAGE	Administratif	ANOSY 	2025-01-03 10:52:44.61945+03	5622
3265	Lot 03: Travaux de réhabilitation des bâtiments B du MEN (RDC-1 er et 2ème ETAGE)	RDC-1 er et 2ème ETAG	Administratif	ANOSY 	2025-01-03 10:52:44.629565+03	5622
3266	Lot 04: Réhabilitation MEN BATIMENT Aet B  MUR 	Réhabilitation MEN BATIMENT Aet B  MUR	Administratif	ANOSY 	2025-01-03 10:52:44.638464+03	5622
3267	Lot n°01 : Aménagement exterieur (parking et cloture)	parking et clotur	Administratif	ANOSY 	2025-01-03 10:52:44.647836+03	5622
3268	Lot n°02 : Aménagement espace vert et assainissement	espace vert et assainissemen	Administratif	TAVERT ET	2025-01-03 10:52:44.656888+03	5622
3269	Travaux de construction d'Un Lycee de référence à 12 salles sis à Vohipeno	LYCEE sis Vohipeno	LYCEE	MAROMBY	2025-01-03 10:52:44.667171+03	5642
3400	EPP ANTANANDAVA	EPP ANTANANDAVA	EPP	ANTANANDAVA	2025-01-03 10:52:46.379649+03	5732
3270	Lot n°1 : Travaux de nouvelle construction des bâtiments scolaires à quatre (04) salles dans la DREN Anosy - Cisco Taolagnaro - ZAP Andranobory - Fokontany Andranobory - CEG Andranobory	CEG Andranobory	CEG	 ANDRANOBORY 	2025-01-03 10:52:44.678391+03	5643
3272	Travaux de construction  deux salles Manarapenitra sis à ANKARIERA  EPP	EPP ANKARIERA	EPP	ANKARIERA-ANKARIERA	2025-01-03 10:52:44.700666+03	5645
3273	Travaux de construction  deux salles Manarapenitra sis à ENAKARA HAUT 	EPP ENAKARA HAUT	EPP	HAUT-ENAKARA	2025-01-03 10:52:44.713527+03	5646
3274	Travaux de nouvelle construction des bâtiments scolaires à quatre (04) salles dans la DREN Anosy - CISCO Taolagnaro - ZAP Ambatoabo - CEG Ambatoabo	CEG Ambatoabo	CEG	AMBATOABO-AMBATOABO	2025-01-03 10:52:44.72388+03	5647
3275	Travaux de nouvelle construction des bâtiments scolaires à quatre (04) salles dans DREN ANOSY - Cisco Taolagnaro - ZAP Ankilivato - Fokontany Ankilivalo - CEG Ankilivalo	CEG Ankilivalo	CEG	ANKILIVALO	2025-01-03 10:52:44.736237+03	5648
3276	Travaux de construction de blocs de quatre salles Manarapenitra dans la province Toliara- Région ANOSY - District TAOLAGNARO - Commune BERONGO- EPP Berongo	EPP Berongo	EPP	BERONGO-BERONGO	2025-01-03 10:52:44.747278+03	5649
3277	Travaux de construction de nouvelle construction des bâtiments scolaires à quatre (04) salles dans la DREN ANOSY - CISCO Taolagnaro - ZAP Ankaramena - Fokontany Ankaramena - CEG Ankaramena	CEG Ankaramena	CEG	ANKARAMENA	2025-01-03 10:52:44.759267+03	5650
3278	lot 01: Travaux d'amenagement extérieur de l'EPP manarapenitra douze salles à Iavoloha	EPP Iavoloha	EPP	ANOUZE SALLES À	2025-01-03 10:52:44.773229+03	5651
3279	lot 02: Travaux de protection de talus de l'EPP manarapenitra douze salles à Iavoloha	EPP Iavoloha	EPP	ANOUZE SALLES À	2025-01-03 10:52:44.784683+03	5651
3280	Travaux de nouvelle construction des bâtiments scolaires à quatre(04) salles dans la DREN ANOSY - CISCO Taolagnaro - ZAP Ranopiso - Fokontany Ranopiso - CEG Ranopiso	CEG RANOPISO	CEG	RANOPISO	2025-01-03 10:52:44.796564+03	5652
3281	Travaux de construction d'Un Lycee de référence à 12 salles sis à Antananarivo Atsimondrano	LYCEE TANA SUD	LYCEE	AMPITATAFIKA	2025-01-03 10:52:44.8057+03	5389
3282	Travaux de construction des bâtiments scolaires à douze (12) salles dans la DREN ANALAMANGA - Cisco Atsimondrano - EPP Iavoloha	EPP Iavoloha	EPP	IAVOLOHA	2025-01-03 10:52:44.815887+03	5651
3283	Lot n°03 :Travaux de construction des bâtiments scolaires à vingt quatre (24) salles  Manarapenitra dans la  DREN ATSIMO ANDREFANA -  CISCO Betioky Sud - LYCEE Betioky Sud	LYCEE BETIOKY SUD	LYCEE	BETIOKY	2025-01-03 10:52:44.825776+03	5470
3284	Lot 02:  Travaux d'achèvement del' EPP Manarapenitra 12 salles  douze (12) salles Province de Toliara- RégionAnosy- District Betroka	EPP BETROKA	EPP	BETROKA	2025-01-03 10:52:44.837598+03	5653
3285	Travaux de construction de l'EPP Manarapenitra à 2 salles sis à Ampasimazava	EPP Ampasimazava	EPP	SUBURBAINE-SUBURBAINE	2025-01-03 10:52:44.849547+03	5654
3286	Travaux de construction de l'EPP Manarapenitra à 2 salles sis à sahambala 	EPP sis à Sahambala	EPP	SAHAMBALA-SAHAMBALA	2025-01-03 10:52:44.860479+03	5655
3287	Travaux de construction de l'EPP Manarapenitra à 2 salles sis à vohidroitra	EPP sis à Vohidroitra	EPP	ANTETEZAMBARO-ANTETEZAMBARO	2025-01-03 10:52:44.87145+03	5656
3288	Lot n°02 : Travaux de construction des bâtiments scolaires à douze (12) salles  Manarapenitra dans la  DREN IHOROMBE - CISCO Ihosy - LYCEE SAKALALINA	LYCEE SAKALALINA	LYCEE	SAKALALINA	2025-01-03 10:52:44.880706+03	5516
3289	Lot 01 Travaux d'achèvement del' EPP Manarapenitra 12 salles  douze (12) salles Province de Toliara- Région Menabe- District Manja	EPP MANJA	EPP	MANJA	2025-01-03 10:52:44.89215+03	5657
3290	travaux de construction d’un EPP Manarapenitra deux salles avec latrine dans la Province de Toliara- Région ATSIMO ANDREFANA- District TOLIARY I, Commune Toliara. EPP Anketrake	EPP ANKETRAKE	EPP	Anketrake	2025-01-03 10:52:44.903825+03	5658
3291	travaux de construction d’un EPP Manarapenitra deux salles avec latrine dans la Province de Toliara- Région ATSIMO ANDREFANA- District TOLIARY I,Fokontany Mahavatse II. EPP Mahavatse	EPP Mahavatse II	EPP	Mahavatse II	2025-01-03 10:52:44.915391+03	5659
3292	Lot n°06 :  Travaux de construction des bâtiments scolaires à deux (02) salles manarapenitra dans la DREN ATSIMO ANDREFANA– CISCO Toliara I - CEG EZAKA 	CEG EZAKA	CEG	TSENEGNEA	2025-01-03 10:52:44.925698+03	5660
3293	travaux de construction d’un EPP Manarapenitra deux salles avec latrine dans la Province de Toliara- Région ATSIMO ANDREFANA- District TOLIARY II,Commune Morafeno Namaboha. EPP Morafeno	EPP Morafene Namaboha	EPP	Morafeno	2025-01-03 10:52:44.936556+03	5661
3294	travaux de construction d’un EPP Manarapenitra deux salles avec latrine dans la Province de Toliara- Région ATSIMO ANDREFANA- District TOLIARY II,Commune Andranohinaly. EPP ANKAZOTRANO	EPP ANKAZOTRANO	EPP	Ankazotrano	2025-01-03 10:52:44.946426+03	5662
3295	Travaux de construction de blocs de quatre salles  Manarapenitra dans la province TOLIARA   – Région  ATSIMO ANDREFANA–District Toliara II – Commune  BETSINJAKA-EPP Ankiasy Haut	EPP Ankasiasy Haut	EPP	Ankaiasy haut	2025-01-03 10:52:44.956685+03	5663
3296	Travaux de construction des bâtiments à deux (02) salles manarapenitra dans la DREN ATSIMO ANDREFANA - CISCO Toliara II - ZAP Miary - Fokontany Belemboka Tanindraza - CEG Belemboka 	CEG Belemboka	CEG	Belemboka	2025-01-03 10:52:44.967869+03	5664
3299	Lot n°1 : Travaux de nouvelle construction des bâtiments scolaires à quatre (04) salles dans la DREN Betsiboka - Cisco Kandreho - ZAP Antanimbaribe - EPP Mahatsinjo Nord	EPP Mahatsinjo Nord	EPP	MAHATSINJO	2025-01-03 10:52:45.000457+03	5667
3300	Lot n°2 : Travaux de nouvelle construction des bâtiments scolaires à quatre (04) salles dans la DREN Betsiboka - Cisco Kandreho - ZAP Kandreho - EPP Kandreho	EPP Kandreho	EPP	KANDREHO	2025-01-03 10:52:45.010431+03	5668
3301	Lot n°01 :Travaux de construction des bâtiments scolaires à quatre (04) salles  Manarapenitra dans la  DREN BETSIBOKA - CISCO  Tsaratanana - CEG Sarobaratra (RELANCE)	CEG Sarobaratra (RELANCE)	CEG	SAROBARATRA	2025-01-03 10:52:45.021401+03	5669
3302	Lot n°02 : Travaux de construction des bâtiments scolaires à quatre (04) salles  Manarapenitra dans la  DREN BETSIBOKA - CISCO Tsaratanana - EPP Tsararova (RELANCE)	EPP Tsararova (RELANCE)	EPP	TSARAROVA	2025-01-03 10:52:45.032068+03	5669
3303	Travaux de construction deux salles Manarampenitra dans la province Mahajanga. EPP ANDRIAMENA	EPP ANDRIAMENA	EPP	ANDRIAMENA I	2025-01-03 10:52:45.043566+03	5670
3401	EPP ANJIAJIA	EPP ANJIAJIA	EPP	ANJIAJIA 	2025-01-03 10:52:46.395302+03	5732
3271	Lot n°01 :Travaux de construction des bâtiments scolaires à quatre (04) salles  Manarapenitra dans la  DREN ANOSY– CISCO Taolagnaro - CEG Iaboakoho	CEG Iaboakoho	CEG	IAMBOAKOHO	2025-01-03 10:52:44.688967+03	5644
3305	Travaux de construction des blocs de quatre salles  Manarapenitra dans la province TOLIARA   – Région ANDROY–District Tsihombe– Commune  Tsihombe-LycéeTsihombe	Lycée Tsihombe	LYCEE	TSIHOMBE-TSIHOMBE	2025-01-03 10:52:45.069284+03	5672
3306	Travaux de construction des bocs de quatre salles  Manarapenitra dans la province TOLIARA   – Région ANDROY–District Tsihombe– Commune  NIKOLY-EPP NIKOLY	EPP NIKOLY	EPP	NIKOLY-NIKOLY	2025-01-03 10:52:45.081287+03	5673
3307	Travaux de construction des blocs de quatre salles  Manarapenitra dans la province TOLIARA   – Région ANDROY–District Tsihombe– Commune  IMONGY-IMONGY	EPP IMONGY	EPP	IMONGY-IMONGY	2025-01-03 10:52:45.091405+03	5674
3308	Travaux de construction des blocs de quatre salles  Manarapenitra dans la province TOLIARA   – Région ANDROY–District Tsihombe– Commune  ANKILIVALO -ANKILIVALO	EPP ANKILIVALO	EPP	ANKILIVALO-ANKILIVALO	2025-01-03 10:52:45.102286+03	5675
3309	Travaux de construction de  deux salles  Manarapenitra dans la province ANTANANARIVO - Région BONGOLAVA –District  TSIROANOMANDIDY –commune MAHASOLO- EPP AMBOHIKAMBANA	EPP AMBOHIKAMBANA	EPP	AMBOHIKAMBANA	2025-01-03 10:52:45.114257+03	5676
3310	Travaux de construction de deux salles  Manarapenitra dans la province ANTANANARIVO - Région BONGOLAVA –District  TSIROANOMANDIDY –commune TSIROANOMANDIDY VILLE – EPP AVARATSENA	EPP AVARATSENA	EPP	AVARATSENA	2025-01-03 10:52:45.124607+03	5677
3311	Travaux d'achevement des batiments scolaires à vingt quatre (24) salles Manarapenitra dans la Région Itasy - District Miarinarivo - CEG Soamahamanina	CEG SOAMAHAMANINA	CEG	SOAMAHAMANINA	2025-01-03 10:52:45.13537+03	5678
3312	Lot n°02 : Travaux de construction des bâtiments scolaires à vingt quatre (24) salles  Manarapenitra dans la  DREN ALAOTRA MANGORO - CISCO Anosibe An'Ala - CEG Anosibe An'Ala	CEG Anosibe An'Ala	CEG	ANOSIBE AN'ALA	2025-01-03 10:52:45.145703+03	5679
3313	Travaux de construction d'une EPP  de reference à deux salles sis à l'EPP  Marovato II	EPP MAROVATO II	EPP	ANABOTAKA II	2025-01-03 10:52:45.156379+03	5680
3314	Travaux de construction d'une EPP  de reference à deux salles sis à l'EPP Tsiapanga II	EPP Tsiapanga II	EPP	VANGAINDRANO	2025-01-03 10:52:45.166308+03	5638
3315	Travaux de construction de blocs de deux salles Manarapenitra dans la province FIANARANTSOA – Région ATSIMO ATSINANANA–District Vangaindrano.\n– Commune MANAMBONDRO  -EPP AMBANIAMPY	EPP AMBANIAMPY	EPP	AMBANIAMPY	2025-01-03 10:52:45.177274+03	5681
3316	Travaux de construction de blocs de deux salles Manarapenitra dans la province FIANARANTSOA – Région ATSIMO ATSINANANA–District Vangaindrano.\n– Commune MANAMBONDRO  -EPP FENOAMBANY.	EPP FENOAMBANY	EPP	Fenoambany	2025-01-03 10:52:45.187416+03	5681
3317	Travaux de construction de blocs de quatre salles  Manarapenitra dans la province FIANARANTSOA – Région ATSIMO ATSINANANA–District Vangaindrano – Commune MASIANAKA  -EPP TSIANOFANA.	EPP TSIANOFANA	EPP	TSIANOFANA	2025-01-03 10:52:45.198665+03	5682
3318	Travaux de construction de blocs de quatre salles  Manarapenitra dans la province  FIANARANTSOA – Région  ATSIMO ATSINANANA–District Vangaindrano – Commune   -VANGAINDRANO - EPP AGNATONGOTRA.	EPP AGNATONGOTRA	EPP	AGNATONGOTRA	2025-01-03 10:52:45.207383+03	5638
3319	Lot n°10 : Travaux de construction des bâtiments scolaires à deux (02) salles manarapenitra dans la DREN Atsimo Atsinanana -Cisco Vangaindrano - ZAP Matangy - EPP Matangy	 EPP Matangy	EPP	MATANGY 	2025-01-03 10:52:45.217356+03	5683
3320	Travaux de construction du CEG Manarapenitra à 2 salles sis à Niarovana caroline (Ex site Marolambo)	CEG Niarovana Caroline	CEG	VATOMANDRY-VATOMANDRY	2025-01-03 10:52:45.229325+03	5684
3321	travaux de construction de l'EPP Manarapenitra à 2 salles sis à Tanambao Tsivangiana	EPP sis Tanambao Tsivangiana	EPP	TSIVANGINA-TSIVANGINA	2025-01-03 10:52:45.239592+03	5685
3322	Travaux de construction du deux salles  Manarapenitra dans la province de Toamasina-Région Atsinanana-District Vatomandry	CEG sis Vatomandry	CEG	nan	2025-01-03 10:52:45.249166+03	5684
3323	Travaux de construction de blocs de quatre  salles  Manarapenitra dans la province   TOAMASINA– Région ATSINANANA – district Vatomandry- Commune AMBODINONOKA RANGALANA-AMBODIFOTATRA	EPP sis à Ambodinonoka	EPP	AMBODONONOKA-AMBODONONOKA	2025-01-03 10:52:45.260198+03	5686
3324	Travaux de construction  deux salles  Manarapenitra dans la province TOAMASINA - Région ANALANJOROFO –District  VAVATENINA –commune MIARINARIVO  EPP                                      Marché N°8/85- MS/MEN/PRMP/Tvx/25	EPP MIARINARIVO	EPP	MIARINARIVO	2025-01-03 10:52:45.272245+03	5687
3325	Travaux de construction  deux salles  Manarapenitra dans la province TOAMASINA - Région ANALANJOROFO –District  VAVATENINA–Commune VAVATENINA CEG Maropizina	CEG MAROPIZINA	CEG	MAROPIZINA	2025-01-03 10:52:45.283244+03	5688
3326	 Travaux de construction de blocs de quatre salles Manarapenitra dans la Province TOAMASINA - Région ANALANJOROFO- district Vavatenina - Commune AMBOHIBE - Andapavola	EPP  Vavatenina	EPP	AMBOHIBE-AMBOHIBE	2025-01-03 10:52:45.29226+03	5689
3327	Lot n°06 :  Travaux de construction des bâtiments scolaires à deux (02) salles manarapenitra dans la DREN  SAVA – CISCO Vohemar - LYCEE Communautaire ZAP Daraina	LYCEE  Daraina	LYCEE	VOAP	2025-01-03 10:52:45.3042+03	5690
3328	Lot n°06 :Travaux de construction des bâtiments scolaires à deux (02) salles  Manarapenitra dans la   DREN SAVA - CISCO Vohimarina -  EPP Ampanefena	EPP Ampanefena	EPP	VORINA -  EPP	2025-01-03 10:52:45.314174+03	5690
3329	Travaux de construction  deux salles  Manarapenitra dans la province de Fianarantsoa- Région HAUTE MATSIATRA –District VOHIBATO –commune MANEVA (EPP Ankazotana)	EPP Ankazotana	EPP	Andohamarodinta	2025-01-03 10:52:45.324688+03	5691
3330	Travaux de construction  deux salles  Manarapenitra dans la province de Fianarantsoa- Région HAUTE MATSIATRA –District VOHIBATO –commune LAMOSINA (EPP Amboavonana)	EPP Amboavonana	EPP	Fanameana	2025-01-03 10:52:45.335323+03	5692
3331	Travaux de construction de blocs de quatre (04)salles manarapenitra dans la province FIANARANTSOA - REGION  HAUTE MATSIATRA - CISCO VOHIBATO - COMMUNE TALATA AMPANO - EPP TALATA AMPANO	EPP TALATA AMPANO	EPP	Talata centrale	2025-01-03 10:52:45.345884+03	5693
3332	Travaux de construction d'un EPP de refernece a 12 salles sis Ifanadiana -EPP IFANADIANA-DREN VATOVAVY-CISCO IFANADIANA- ZAP IFANADIANA	EPP IFANADIANA	EPP	Talata centrale	2025-01-03 10:52:45.357449+03	5694
3333	TRAVAUX DES CONSTRUCTIONS DES BATIMENTS SCOLAIRES MANARAPENITRA A (24) SALLES DANS LA DREN ANALAMANGA - CISCO TANA VILLE - CU ANTANANARIVO - EPP ANTANIMENA	EPP ANTANIMENA	EPP	ANTANIMENA	2025-01-03 10:52:45.372937+03	5695
3334	Travaux de construction d’un EPP à deux (02) salles équipées Manarapenitra avec Latrine dans la province d’Antsiranana Région SAVA district Vohemar à EPP Maromokotra Bobakindro	EPP MAROMOKOTRA 	EPP	Maromokotra	2025-01-03 10:52:45.385978+03	5696
3335	Travaux de construction de deux salles équipés Manara-penitra avec latrines dans les Province Antsiranana- DISTRICT VOHEMAR- EPP DOANIHELY	EPP DOANIHELY	EPP	Doanihely	2025-01-03 10:52:45.39908+03	5697
3336	Lot n°03 : Travaux de construction des bâtiments scolaires à deux (02) salles manarapenitra dans la DREN Vatovavy - Cisco Mananjary - ZAP Antsenavolo - Fokontany Antsenavolo - EPP Antsenavolo	EPP Antsenavolo	EPP	ANTSENAVOLO 	2025-01-03 10:52:45.41218+03	5698
3337	Lot n°04 : Travaux de construction des bâtiments scolaires à deux (02) salles manarapenitra dans la DREN Fitovinany - Cisco Vohipeno - ZAP Ifatsy - CEG Ifatsy	 CEG Ifatsy	CEG	IFASY	2025-01-03 10:52:45.424656+03	5699
3338	Lot n°05 : Travaux de construction des bâtiments scolaires à deux (02) salles manarapenitra dans la DREN Fitovinany - Cisco Vohipeno - ZAP Nato - LYCEE Nato	LYCEE Nato	LYCEE	NATO	2025-01-03 10:52:45.438266+03	5700
3339	Lot n°2 : Travaux de nouvelle construction des bâtiments scolaires à quatre (04) salles dans la DREN Fitovinany -Cisco Vohipeno - Commune Vohipeno - CEG Vohipeno	CEG Vohipeno	CEG	VOHIPENO	2025-01-03 10:52:45.45123+03	5701
3340	Lot n°11 : Travaux de construction des bâtiments scolaires à deux (02) salles manarapenitra dans la DREN FITOVINANY - CISCO VOHIPENO - EPP Vatomasina	EPP Vatomasina	EPP	VATOMASINA	2025-01-03 10:52:45.463534+03	5642
3341	Lot n°2 : Travaux de réhabilitation des établissements scolaires dans la région Fitovinany -District Vohipeno - EPP Andemaka	EPP Andemaka	EPP	ANDEMAKA	2025-01-03 10:52:45.474332+03	5701
3342	Travaux de construction deux salles Manarapenitra dans la province de Fianarantsoa - Région VATOVAVY FITOVINANY- District VOHIPENO- Commune VOHINDAVA EPP MAHAZOARIVO VOHINDAVA	EPP MAHAZOARIVO VOHINDAVA	EPP	MAHAZOARIVO	2025-01-03 10:52:45.4863+03	5642
3343	Travaux de construction deux salles Manarapenitra dans la province de Fianarantsoa - Région VATOVAVY FITOVINANY- District VOHIPENO- Commune ANOLOKA EPP MAHAVELO ANOLOKA	EPP Mahavelo Anoloka	EPP	MAHAVELO	2025-01-03 10:52:45.499841+03	5702
3344	Travaux de construction d'une EPP  de reference à deux salles sis à l'EPP  Andoharano	EPP Andoharano	EPP	MIARINARIVO	2025-01-03 10:52:45.514541+03	5703
3345	Travaux de construction d'une EPP  de reference à deux salles sis à l'EPP  Vohimary sud	EPP Vohimary Sud	EPP	VOHIMARY	2025-01-03 10:52:45.528119+03	5704
3346	Travaux de construction de blocs de quatre salles  Manarapenitra dans la province  FIANARANTSOA – Région ATSIMO ATSINANANA –District Vondrozo – Commune KARIANGA  -EPP KARIANGA.	EPP KARIANGA	EPP	KARIANGA	2025-01-03 10:52:45.541615+03	5705
3347	Travaux de construction de blocs de quatre salles  Manarapenitra dans la province FIANARANTSOA  – Région ATSIMO ATSINANANA –District  Vondrozo– Commune  MOROTEZA –MOROTEZA.	EPP MOROTEZA	EPP	MOROTEZA	2025-01-03 10:52:45.55737+03	5706
3348	Lot n°03 :Travaux de construction des bâtiments scolaires à douze (12) salles  Manarapenitra dans la  DREN ATSIMO ANDREFANA -  CISCO Toliara II - ZAP Andranovory - EPP Andranovory	EPP Andranovory	EPP	TONDRANOVORY - EPP	2025-01-03 10:52:45.572273+03	5707
3349	Travaux de carrelage de l'intérieur des établissements scolaires Manarapenitra	CARELAGE  des Groupe d' établissements	ESM	nan	2025-01-03 10:52:45.592249+03	5708
3350	EPP ANKISOPY	EPP ANKISOPY	EPP	ANTANANDAVA	2025-01-03 10:52:45.610614+03	5709
3351	EPP MAHAVARIANA	EPP MAHAVARIANA	EPP	ANTANANDAVA	2025-01-03 10:52:45.623108+03	5709
3352	MANAKANA	MANAKANA	EPP	BEMAHARIVO OUEST	2025-01-03 10:52:45.637542+03	5709
3353	EPP ANTSAKOAMAMY	EPP ANTSAKOAMAMY	EPP	ANTSAKOAMAMY	2025-01-03 10:52:45.651674+03	5709
3354	EPP AMBALARANOBE	EPP AMBALARANOBE	EPP	AMBALARANOBE	2025-01-03 10:52:45.666763+03	5710
3355	AMBATOKELY	AMBATOKELY	EPP	AMBATOKELY	2025-01-03 10:52:45.67972+03	5709
3356	EPP AMBODIMANARY	EPP AMBODIMANARY	EPP	AMBODIMANARY	2025-01-03 10:52:45.695418+03	5711
3357	EPP BEMAHARIVO OUEST	EPP BEMAHARIVO OUEST	EPP	BEMAHARIVO OUEST	2025-01-03 10:52:45.708253+03	5709
3358	ANDABOMALANDY	ANDABOMALANDY	EPP	MAROFOTOTRA	2025-01-03 10:52:45.723266+03	5709
3359	EPP ANTANIMBARY	EPP ANTANIMBARY	EPP	ANTANIMBARY	2025-01-03 10:52:45.7388+03	5712
3360	EPP ANTAFIA	EPP ANTAFIA	EPP	ANTAFIA	2025-01-03 10:52:45.752624+03	5709
3361	EPP BEMOROMA	EPP BEMOROMA	EPP	BEMOROMA	2025-01-03 10:52:45.767614+03	5709
3362	EPP ANJIAKELY	EPP ANJIAKELY	EPP	ANJIAKELY	2025-01-03 10:52:45.78375+03	5713
3363	BEVILANY	BEVILANY	EPP	BEVILANY	2025-01-03 10:52:45.799997+03	5714
3364	BEALA	BEALA	EPP	AMBALAJIA	2025-01-03 10:52:45.815123+03	5715
3365	EPP BERIVOTRA	EPP BERIVOTRA	EPP	BERIVOTRA	2025-01-03 10:52:45.830341+03	5716
3366	EPP AMBINANIKELY	EPP AMBINANIKELY	EPP	AMBINANIKELY	2025-01-03 10:52:45.846678+03	5717
3367	EPP ANKARAMAINTY	EPP ANKARAMAINTY	EPP	ANKARAMAINTY	2025-01-03 10:52:45.861192+03	5718
3368	EPP ANDAVAKAKOHO	EPP ANDAVAKAKOHO	EPP	ANDAVAKAKOHO	2025-01-03 10:52:45.874041+03	5718
3369	EPP AMBODIMANGA BETSIBOKA	EPP AMBODIMANGA BETSIBOKA	EPP	AMBODIMANGA BETSIBOKA	2025-01-03 10:52:45.888264+03	5709
3370	EC BETAOLO ANTRANOMANITRA	EC BETAOLO ANTRANOMANITRA	EPP	BETAOLO ANTRANOMANITRA	2025-01-03 10:52:45.907735+03	5719
3371	EPP ANDRIAMBATO	EPP ANDRIAMBATO	EPP	ANDRIAMBATO	2025-01-03 10:52:45.922951+03	5719
3372	EPP ANALANABE	EPP ANALANABE	EPP	ANALANABE	2025-01-03 10:52:45.937517+03	5719
3373	EC ANTSALASALA	EC ANTSALASALA	EPP	ANDAKALAKA	2025-01-03 10:52:45.953421+03	5720
3374	EC MAEVARANO	EC MAEVARANO	EPP	ANDAKALAKA	2025-01-03 10:52:45.968415+03	5720
3375	EPP ANOSIFISAKA	EPP ANOSIFISAKA	EPP	ANOSIFISAKA	2025-01-03 10:52:45.985888+03	5721
3376	ANDRANOVELONA	ANDRANOVELONA	EPP	MAINTIMASO	2025-01-03 10:52:46.000507+03	5721
3377	EPP BETARAMAHAMAY	EPP BETARAMAHAMAY	EPP	BETARAMAHAMAY	2025-01-03 10:52:46.01648+03	5722
3378	EPP ANTSAKOAMANERA	EPP ANTSAKOAMANERA	EPP	ANTSAKOAMANERA	2025-01-03 10:52:46.032127+03	5723
3379	EPP ANABORANO	EPP ANABORANO	EPP	ANABORANO	2025-01-03 10:52:46.048522+03	5723
3380	AMBODIMOKONAZY	AMBODIMOKONAZY	EPP	ANTANAMBAO BETSIMISARAKA	2025-01-03 10:52:46.064366+03	5724
3381	EPP KANDRANY	EPP KANDRANY	EPP	KANDRANY	2025-01-03 10:52:46.078743+03	5724
3382	EPP BEMAHARIVO	EPP BEMAHARIVO	EPP	BEMAHARIVO	2025-01-03 10:52:46.09235+03	5724
3383	EC BEMANARY	EC BEMANARY	EPP	BEMAHARIVO	2025-01-03 10:52:46.106827+03	5724
3384	EC BEMAHATAZANA	EC BEMAHATAZANA	EPP	AMBONDRONA	2025-01-03 10:52:46.124678+03	5725
3385	AMBINANITELO	AMBINANITELO	EPP	AMBINANITELO	2025-01-03 10:52:46.138628+03	5725
3386	EC AMBANJABE	EC AMBANJABE	EPP	AMBANJABE	2025-01-03 10:52:46.152718+03	5724
3387	MAROSAKOAKELY	MAROSAKOAKELY	EPP	TSIANDRARAFA	2025-01-03 10:52:46.167079+03	5721
3388	EPP BERONONO	EPP BERONONO	EPP	BERONONO	2025-01-03 10:52:46.184191+03	5726
3389	TSARAHONENANA	TSARAHONENANA	EPP	TSARAHONENANA	2025-01-03 10:52:46.200524+03	5727
3390	EPP MAILAKA	EPP MAILAKA	EPP	MAILAKA	2025-01-03 10:52:46.218621+03	5728
3391	EPP AMBOHIMEVA	EPP AMBOHIMEVA	EPP	ANTANAMBAO 	2025-01-03 10:52:46.23358+03	5728
3392	EPP TANIMBARIBE	EPP TANIMBARIBE	EPP	BEMARIVO	2025-01-03 10:52:46.248495+03	5728
3393	EPP AMBATOBOENY	EPP AMBATOBOENY	EPP	AMBATO AVARATRA	2025-01-03 10:52:46.264496+03	5729
3394	EPP BEFOTAKA	EPP BEFOTAKA	EPP	BEFOTAKA	2025-01-03 10:52:46.281689+03	5730
3395	EPP MADIROVALO II	EPP MADIROVALO II	EPP	MADIROVALO	2025-01-03 10:52:46.298388+03	5728
3396	EPP ANDALAMAHITSY	EPP ANDALAMAHITSY	EPP	ANDRANOFASIKA	2025-01-03 10:52:46.315992+03	5731
3397	EPP BETAIMBORONA	EPP BETAIMBORONA	EPP	BETAIMBORONA	2025-01-03 10:52:46.33086+03	5730
3398	AMBALABONGO	AMBALABONGO	EPP	ANKIJABE	2025-01-03 10:52:46.346031+03	5730
3402	EPP AMBALIHA	EPP AMBALIHA	EPP	AMBALIHA	2025-01-03 10:52:46.41171+03	5733
3403	EPP TSINJORANO I	EPP TSINJORANO I	EPP	TSINJORANO I	2025-01-03 10:52:46.429489+03	5734
3404	EPP AMBOHIMANATRIKA	EPP AMBOHIMANATRIKA	EPP	AMBOHIMANATRIKA	2025-01-03 10:52:46.44459+03	5734
3405	EPP ANDRANOVAKY	EPP ANDRANOVAKY	EPP	ANDRANOVAKY	2025-01-03 10:52:46.460805+03	5734
3406	EPP ANDRANOMAMY	EPP ANDRANOMAMY	EPP	ANDRANOMAMY	2025-01-03 10:52:46.4756+03	5734
3407	EPP BEVAZAHA	EPP BEVAZAHA	EPP	BEVAZAHA	2025-01-03 10:52:46.491965+03	5735
3408	EPP ANDRANOTOMENDRY	EPP ANDRANOTOMENDRY	EPP	ANDRANOTOMENDRY	2025-01-03 10:52:46.50747+03	5735
3409	EPP MANERINERINA	EPP MANERINERINA	EPP	MANERINERINA	2025-01-03 10:52:46.523557+03	5735
3410	EPP Ankerana ouest	EPP Ankerana ouest	EPP	Lalazana Ambony	2025-01-03 10:52:46.541903+03	5736
3411	EPP Soaindrana	EPP Soaindrana	EPP	Marotavy	2025-01-03 10:52:46.557439+03	5736
3412	EPP Ambatomihalana	EPP Ambatomihalana	EPP	Tanjombita	2025-01-03 10:52:46.575253+03	5737
3413	EPP Sahamena	EPP Sahamena	EPP	Sahamena	2025-01-03 10:52:46.591222+03	5736
3414	EPP Ankazo	EPP Ankazo	EPP	 Ambatosoa II	2025-01-03 10:52:46.607852+03	5738
3415	EPP Ambohitrakanga	EPP Ambohitrakanga	EPP	 Ambatosoa I	2025-01-03 10:52:46.622381+03	5738
3416	EPP Seranana Vohibato	EPP Seranana Vohibato	EPP	Seranana Vohibato	2025-01-03 10:52:46.639454+03	5739
3417	EPP Tambohobe	EPP Tambohobe	EPP	Vohitraivo	2025-01-03 10:52:46.656808+03	5740
3418	EPP Ambohimaranitra	EPP Ambohimaranitra	EPP	Ambohimaranitra	2025-01-03 10:52:46.674305+03	5741
3419	EPP Tanambao Manamisoa	EPP Tanambao Manamisoa	EPP	Manamisoa	2025-01-03 10:52:46.691261+03	5742
3420	EPP Ambonireana	EPP Ambonireana	EPP	 Manantenasoa II	2025-01-03 10:52:46.706279+03	5739
3421	EPP Tanitsihomehy	EPP Tanitsihomehy	EPP	Tanitsihomehy	2025-01-03 10:52:46.72233+03	5739
3422	EPP Andreana Soamiafara	EPP Andreana Soamiafara	EPP	Marokona II	2025-01-03 10:52:46.736691+03	5739
3423	EPP Tomara	EPP Tomara	EPP	 Marokona I	2025-01-03 10:52:46.752572+03	5739
3424	EPP Tianakanga	EPP Tianakanga	EPP	Marokona III	2025-01-03 10:52:46.769217+03	5739
3425	EPP Tsarafidy Bemangevitra	EPP Tsarafidy Bemangevitra	EPP	Antarambiby	2025-01-03 10:52:46.78356+03	5739
3426	EPP Amby	EPP Amby	EPP	Sahavoha	2025-01-03 10:52:46.798734+03	5740
3427	EPP Antsangy	EPP Antsangy	EPP	Fenoarivo	2025-01-03 10:52:46.809327+03	5738
3428	EPP Andreanavo	EPP Andreanavo	EPP	Ambalavohimay	2025-01-03 10:52:46.820298+03	5738
3429	EPP Ambalafandrambato	EPP Ambalafandrambato	EPP	Ambalafandrambato	2025-01-03 10:52:46.831285+03	5737
3430	EPP ANKAFY	EPP ANKAFY	EPP	TANAMARINA	2025-01-03 10:52:46.84227+03	5743
3431	EPP IVOENANA	EPP IVOENANA	EPP	KIRANO	2025-01-03 10:52:46.85354+03	5521
3432	EPP MITEBAKA	EPP MITEBAKA	EPP	ANJOROZORO	2025-01-03 10:52:46.865447+03	5744
3433	EPP AMBATOLAHY	EPP AMBATOLAHY	EPP	AMBALAMAHASOA	2025-01-03 10:52:46.874508+03	5743
3434	EPP AMBALAVAO II	EPP AMBALAVAO II	EPP	IMANDRO	2025-01-03 10:52:46.886307+03	5744
3435	EPP BEVAHONDRANO	EPP BEVAHONDRANO	EPP	MANANATANANA	2025-01-03 10:52:46.897773+03	5745
3436	EPP AMPANIVANA	EPP AMPANIVANA	EPP	 AMPANIVANA	2025-01-03 10:52:46.908522+03	5745
3437	EPP TANAMBAO SUD	EPP TANAMBAO SUD	EPP	VOHITRARIVO MANIRISOA	2025-01-03 10:52:46.920216+03	5745
3438	EPP MAHASOA	EPP MAHASOA	EPP	AMBODIVOHITRA	2025-01-03 10:52:46.931513+03	5745
3439	EPP AMBALAMAHASOA	EPP AMBALAMAHASOA	EPP	AMBODIVOHITRA	2025-01-03 10:52:46.941637+03	5745
3440	EPP SAKAMADIO	EPP SAKAMADIO	EPP	SAKAMADIO	2025-01-03 10:52:46.954683+03	5746
3441	EPP FENOARIVO	EPP FENOARIVO	EPP	FENOARIVO	2025-01-03 10:52:46.965664+03	5746
3442	EPP TANAMBAO	EPP TANAMBAO	EPP	TANAMBAO	2025-01-03 10:52:46.97711+03	5746
3443	EPP MALAZA	EPP MALAZA	EPP	TANAMBAO	2025-01-03 10:52:46.988189+03	5746
3444	EPP ANTSAKOANA	EPP ANTSAKOANA	EPP	FITAMPITO	2025-01-03 10:52:47.001924+03	5747
3445	EPP IVAHAMIOLA I	EPP IVAHAMIOLA I	EPP	AMBODIVOHITRA	2025-01-03 10:52:47.014315+03	5745
3446	EPP MAHERIVINDA	EPP MAHERIVINDA	EPP	AMBODIVOHITRA	2025-01-03 10:52:47.025632+03	5745
3447	EPP MANAOVA	EPP MANAOVA	EPP	IVATSIANA	2025-01-03 10:52:47.037537+03	5745
3448	EPP ANKISIRA	EPP ANKISIRA	EPP	TANAMARINA 	2025-01-03 10:52:47.049504+03	5522
3449	EPP BETOKOLAVA	EPP BETOKOLAVA	EPP	BETOKOLAVA	2025-01-03 10:52:47.061541+03	5522
3450	EPP MANASARA	EPP MANASARA	EPP	MANASARA	2025-01-03 10:52:47.074007+03	5748
3451	EPP AMBOHITROVA	EPP AMBOHITROVA	EPP	AMBOHITROVA	2025-01-03 10:52:47.087362+03	5749
3452	EPP MITANTY EST	EPP MITANTY EST	EPP	MITANTY EST	2025-01-03 10:52:47.099048+03	5559
3453	EPP AMBAHIVE	EPP AMBAHIVE	EPP	AMBANDRIKA	2025-01-03 10:52:47.111247+03	5750
3454	EPP TSARATANANA NORD	EPP TSARATANANA NORD	EPP	AMBALAVOLO	2025-01-03 10:52:47.123545+03	5751
3455	EPP AMBODILAZA	EPP AMBODILAZA	EPP	AMBODILAZA	2025-01-03 10:52:47.13627+03	5752
3456	EPP VOHIMARY	EPP VOHIMARY	EPP	VOHIMARY	2025-01-03 10:52:47.149618+03	5753
3457	EC MAHATSARA	EC MAHATSARA	EPP	AMBOHITSARA	2025-01-03 10:52:47.160386+03	5753
3458	EPP ALAKAMISY ANIVOSOA	EPP ALAKAMISY ANIVOSOA	EPP	ALAKAMISY	2025-01-03 10:52:47.172351+03	5754
3459	EPP AMBOANJO	EPP AMBOANJO	EPP	AMBOANJO	2025-01-03 10:52:47.186357+03	5755
3460	EPP AMBODIVOAMBOANA	EPP AMBODIVOAMBOANA	EPP	AMBODIVOAMBOANA	2025-01-03 10:52:47.198405+03	5755
3461	EPP ANKATAFANA	EPP ANKATAFANA	EPP	ANKATAFANA	2025-01-03 10:52:47.208174+03	5755
3462	EPP AMBOHIMAHASOA KELY	EPP AMBOHIMAHASOA KELY	EPP	AMBOHIMANDROSO	2025-01-03 10:52:47.220117+03	5754
3463	EPP TAMBORO EST	EPP TAMBORO EST	EPP	TAMBORO EST	2025-01-03 10:52:47.232034+03	5756
3464	EPP MANGATSIOTRA	EPP MANGATSIOTRA	EPP	MANGATSIOTRA	2025-01-03 10:52:47.246603+03	5757
3465	EPP ANDRANODIMY	EPP ANDRANODIMY	EPP	MAHAVELO SAKOANA	2025-01-03 10:52:47.257518+03	5748
3466	EPP ANKARAMALAZA	EPP ANKARAMALAZA	EPP	MAROMBY KIRIKITSA	2025-01-03 10:52:47.271449+03	5758
3467	EC AMBOHIMANDROSO	EC AMBOHIMANDROSO	EPP	AMBALAROKA	2025-01-03 10:52:47.285956+03	5759
3468	EPP AMBATOHAMBANA	EPP AMBATOHAMBANA	EPP	AMBODIMANGA	2025-01-03 10:52:47.299967+03	5559
3469	EPP VOHIMBAZIMBA	EPP VOHIMBAZIMBA	EPP	VOHIMBAZIMBA	2025-01-03 10:52:47.314932+03	5559
3470	EPP BEMANGA	EPP BEMANGA	EPP	BEROROHA I	2025-01-03 10:52:47.331397+03	5760
3471	EPP MORAHARIVA II	EPP MORAHARIVA II	EPP	MORAHARIVA II	2025-01-03 10:52:47.34542+03	5760
3472	EPP MANINDAY I	EPP MANINDAY I	EPP	MANINDAY I	2025-01-03 10:52:47.360542+03	5760
3473	EPP AMBINANY	EPP AMBINANY	EPP	AMBINANY	2025-01-03 10:52:47.375435+03	5760
3474	EPP BEVATO SAKOAMARO	EPP BEVATO SAKOAMARO	EPP	BEVATO SAKOAMARO	2025-01-03 10:52:47.392528+03	5761
3475	EPP ANTRANOKAKY	EPP ANTRANOKAKY	EPP	VINETA ANDAMASINY 	2025-01-03 10:52:47.406474+03	5761
3476	EPP ANDASY TANALA	EPP ANDASY TANALA	EPP	ANDASY TANALA	2025-01-03 10:52:47.420735+03	5605
3477	EPP TSIANALOKA	EPP TSIANALOKA	EPP	TSIANALOKA	2025-01-03 10:52:47.435468+03	5761
3478	EPP AMBORONABO	EPP AMBORONABO	EPP	AMBORONABO	2025-01-03 10:52:47.452194+03	5762
3479	EPP ANDRANOHEZA BARA	EPP ANDRANOHEZA BARA	EPP	MAROTSIRAKA BETSILEO	2025-01-03 10:52:47.469657+03	5763
3480	EPP BEVOALAVO	EPP BEVOALAVO	EPP	BEVOALAVO	2025-01-03 10:52:47.485406+03	5764
3481	EPP TANANDAVA LAMATIHY	EPP TANANDAVA LAMATIHY	EPP	BELAMOTY	2025-01-03 10:52:47.499502+03	5764
3482	EPP SARODRANO	EPP SARODRANO	EPP	SARODRANO	2025-01-03 10:52:47.516483+03	5765
3483	EPP RANOAVAO	EPP RANOAVAO	EPP	TANAMBAO RANOAVAO	2025-01-03 10:52:47.532557+03	5766
3484	EPP VINETA ANDAMASINY 	EPP VINETA ANDAMASINY 	EPP	VINETA ANDAMASINY 	2025-01-03 10:52:47.547469+03	5761
3485	EPP AMBAHATSY 	EPP AMBAHATSY 	EPP	AMBAHATSY II	2025-01-03 10:52:47.563565+03	5761
3486	EPP ANKILIABO BETSINEFO I	EPP ANKILIABO BETSINEFO I	EPP	BETSINEFO I	2025-01-03 10:52:47.578299+03	5763
3487	EPP ILOVOTSIANALOKA	EPP ILOVOTSIANALOKA	EPP	TANAMBAO BETSILEO	2025-01-03 10:52:47.592371+03	5764
3488	EPP BOKA ANKILIVALO	EPP BOKA ANKILIVALO	EPP	BOKA ANKILIVALO	2025-01-03 10:52:47.606315+03	5605
3489	EPP BESAVOA SOASERANANA	EPP BESAVOA SOASERANANA	EPP	BESAVOA SOASERANANA	2025-01-03 10:52:47.621282+03	5605
3490	EPP SOASERANA	EPP SOASERANA	EPP	SOASERANA	2025-01-03 10:52:47.637324+03	5767
3491	EPP MAHAVAVY	EPP MAHAVAVY	EPP	MAHAVAVY	2025-01-03 10:52:47.652171+03	5767
3492	EPP AMBATOLAHY	EPP AMBATOLAHY	EPP	AMBATOLAHY 1	2025-01-03 10:52:47.666286+03	5767
3493	EPP ANKERIKA	EPP ANKERIKA	EPP	ANKERIKA	2025-01-03 10:52:47.681483+03	5594
3494	EPP ANDOLOBE	EPP ANDOLOBE	EPP	ANDOLOBE	2025-01-03 10:52:47.696991+03	5768
3495	EPP ANTANIMAINTY	EPP ANTANIMAINTY	EPP	ANTANIMAINTY	2025-01-03 10:52:47.711532+03	5768
3496	EC MAHATSINJO	EC MAHATSINJO	EPP	MAHATSINJO	2025-01-03 10:52:47.727916+03	5769
3497	EPP ANTANANOLOBE	EPP ANTANANOLOBE	EPP	MAHATSINJO	2025-01-03 10:52:47.740347+03	5769
3498	EPP ANALAMBIBY	EPP ANALAMBIBY	EPP	ANALAMBIBY	2025-01-03 10:52:47.755368+03	5769
3499	EPP ANKAZONDRINGITRA	EPP ANKAZONDRINGITRA	EPP	ANKAZONDRINGITRA	2025-01-03 10:52:47.772322+03	5594
3500	EPP TSARAFIDY	EPP TSARAFIDY	EPP	TSARAFIDY	2025-01-03 10:52:47.790295+03	5770
3501	EPP BETAMOTAMO	EPP BETAMOTAMO	EPP	BETAMOTAMO	2025-01-03 10:52:47.807366+03	5771
3502	EPP MANAMBINA	EPP MANAMBINA	EPP	MANAMBINA	2025-01-03 10:52:47.825554+03	5772
3503	EPP BEVATO MASIAKAMPY	EPP BEVATO MASIAKAMPY	EPP	MASIAKAMPY	2025-01-03 10:52:47.844662+03	5773
3504	EPP BEBAKO	EPP BEBAKO	EPP	BEBAKO	2025-01-03 10:52:47.857827+03	5769
3505	EPP ANTSIKIDA	EPP ANTSIKIDA	EPP	ANTSIKIDA	2025-01-03 10:52:47.870449+03	5769
3506	EPP FENOARIVO MORARANO	EPP FENOARIVO MORARANO	EPP	ANKAZOAMBO	2025-01-03 10:52:47.881996+03	5767
3507	EPP TSIANDRARAFA	EPP TSIANDRARAFA	EPP	TSIANDRARAFA	2025-01-03 10:52:47.893711+03	5767
3508	EPP MORAFENO	EPP MORAFENO	EPP	MORAFENO	2025-01-03 10:52:47.904699+03	5767
3509	EPP SOATANIMBARY	EPP SOATANIMBARY	EPP	SOATANIMBARY	2025-01-03 10:52:47.916669+03	5772
3510	EPP Matavirano 	EPP Matavirano 	EPP	Matavirano 	2025-01-03 10:52:47.928614+03	5774
3511	EPP Anandasy 	EPP Anandasy 	EPP	Ambalatany 	2025-01-03 10:52:47.939977+03	5774
3512	EPP Ambalavolo 	EPP Ambalavolo 	EPP	Ambalamanga 	2025-01-03 10:52:47.951736+03	5774
3513	EPP Ambalatraka 	EPP Ambalatraka 	EPP	 Ambalatraka 	2025-01-03 10:52:47.96456+03	5775
3514	EPP Fenoarivo Morafeno 	EPP Fenoarivo Morafeno 	EPP	IVAZAKO	2025-01-03 10:52:47.976742+03	5776
3515	EPP Ankazomafaitra	EPP Ankazomafaitra	EPP	IVAZAKO	2025-01-03 10:52:47.987079+03	5776
3516	EPP Bekony	EPP Bekony	EPP	Anosy	2025-01-03 10:52:47.9987+03	5776
3517	EPP Andranolava	EPP Andranolava	EPP	Andranolava	2025-01-03 10:52:48.008693+03	5776
3518	EPP Ampanarena	EPP Ampanarena	EPP	Antavia	2025-01-03 10:52:48.020662+03	5776
3519	EPP Tavia	EPP Tavia	EPP	Andranolava	2025-01-03 10:52:48.032664+03	5776
3520	EPP Anakatrika	EPP Anakatrika	EPP	Anakatrika	2025-01-03 10:52:48.047673+03	5777
3521	EPP Bezama	EPP Bezama	EPP	Manambotra Avaratra	2025-01-03 10:52:48.05835+03	5777
3522	EPP Egnelazana	EPP Egnelazana	EPP	Iandraina	2025-01-03 10:52:48.069323+03	5778
3523	EPP Mahazoarivo	EPP Mahazoarivo	EPP	Mahazoarivo	2025-01-03 10:52:48.08133+03	5779
3524	EPP Tsanofoha	EPP Tsanofoha	EPP	Tsanofoha	2025-01-03 10:52:48.091286+03	5780
3525	EPP Ambatoringitra	EPP Ambatoringitra	EPP	Ambatoringitra	2025-01-03 10:52:48.101464+03	5781
3526	EPP Amboahangibe	EPP Amboahangibe	EPP	Fenoarivo II	2025-01-03 10:52:48.111233+03	5780
3527	EPP Ampahipiky	EPP Ampahipiky	EPP	Mahavelo	2025-01-03 10:52:48.119596+03	5781
3528	EPP Marovary	EPP Marovary	EPP	Marovary	2025-01-03 10:52:48.130386+03	5781
3529	EPP Anivorano	EPP Anivorano	EPP	Bekaraoka	2025-01-03 10:52:48.141356+03	5782
3530	EPP AMBAKOBE	EPP AMBAKOBE	EPP	AMBODILAFA	2025-01-03 10:52:48.155376+03	5783
3531	EPP AMBODIRAFIA	EPP AMBODIRAFIA	EPP	AMPASIMBOLA	2025-01-03 10:52:48.165285+03	5783
3532	EPP AMPASIMBOLA	EPP AMPASIMBOLA	EPP	MAROSAKAIZA	2025-01-03 10:52:48.173694+03	5783
3533	EPP MAROSAINA	EPP MAROSAINA	EPP	AMBALAFARIHY	2025-01-03 10:52:48.184783+03	5784
3534	EPP AMBODIVOANGY	EPP AMBODIVOANGY	EPP	MANANDRIANA	2025-01-03 10:52:48.195344+03	5785
3535	EPP ANDRANOMAVO	EPP ANDRANOMAVO	EPP	ANDRANOMAVO	2025-01-03 10:52:48.204643+03	5786
3536	EPP MANDROROMODY II	EPP MANDROROMODY II	EPP	MANDROROMODY II	2025-01-03 10:52:48.216379+03	5787
3537	EPP AMBODIROTRA	EPP AMBODIROTRA	EPP	FENOARIVO	2025-01-03 10:52:48.227562+03	5788
3538	EPP AMPATIFATY	EPP AMPATIFATY	EPP	AMPATIFATY	2025-01-03 10:52:48.240475+03	5789
3539	EPP ANDRANOVORY	EPP ANDRANOVORY	EPP	ANKIDONDO	2025-01-03 10:52:48.251963+03	5790
3540	EPP SOANAFINDRA MANAPAPE	EPP SOANAFINDRA MANAPAPE	EPP	MANAPAPE	2025-01-03 10:52:48.263725+03	5791
3541	EPP BEMOKOTRA SUD	EPP BEMOKOTRA SUD	EPP	BEMOKOTRA	2025-01-03 10:52:48.274529+03	5792
3542	EC ANDRAFIA	EC ANDRAFIA	EPP	SARODRANO	2025-01-03 10:52:48.286017+03	5792
3543	EPP KIMANAMBOLO SUD	EPP KIMANAMBOLO SUD	EPP	KIMANAMBOLO SUD	2025-01-03 10:52:48.29765+03	5793
3544	EPP EZAKA	EPP EZAKA	EPP	ANTSALOVA CENTRE	2025-01-03 10:52:48.309656+03	5794
3545	EPP ANKOTROFOTSY	EPP ANKOTROFOTSY	EPP	ANTSALOVABE	2025-01-03 10:52:48.319852+03	5794
3546	EPP AMPAMOTY	EPP AMPAMOTY	EPP	AMPAMOTY	2025-01-03 10:52:48.331046+03	5794
3547	EPP ANTSALOVABE	EPP ANTSALOVABE	EPP	ANKOTROFOTY	2025-01-03 10:52:48.34066+03	5794
3548	EPP SOATANA	EPP SOATANA	EPP	SOATANA	2025-01-03 10:52:48.352645+03	5795
3549	EPP MANARANTSANDRY	EPP MANARANTSANDRY	EPP	MANARANTSANDRY	2025-01-03 10:52:48.363993+03	5796
3550	EPP FIADANANA	EPP FIADANANA	EPP	FIADANANA	2025-01-03 10:52:48.3744+03	5797
3551	EPP SIRANANA ANALATSARA	EPP SIRANANA ANALATSARA	EPP	SIRANANA ANALATSARA	2025-01-03 10:52:48.384439+03	5798
3552	EPP ANDRABORAINA	EPP ANDRABORAINA	EPP	FIADANANA	2025-01-03 10:52:48.394443+03	5797
3553	EPP AMBODIVOAHANGY	EPP AMBODIVOAHANGY	EPP	BETOKO I	2025-01-03 10:52:48.404986+03	5799
3554	EPP AMPITABE I	EPP AMPITABE I	EPP	AMPITABE I	2025-01-03 10:52:48.415891+03	5798
3555	EPP TSARAVINANY	EPP TSARAVINANY	EPP	TSARAVINANY	2025-01-03 10:52:48.425429+03	5798
3556	EPP SAIVAZA	EPP SAIVAZA	EPP	SAIVAZA	2025-01-03 10:52:48.437545+03	5800
3557	EPP BEORANA	EPP BEORANA	EPP	BEORANA	2025-01-03 10:52:48.447518+03	5800
3558	EPP VOLOVE	EPP VOLOVE	EPP	VOLOVE	2025-01-03 10:52:48.457353+03	5800
3559	EPP SAHANANTY	EPP SAHANANTY	EPP	SAHANANTY	2025-01-03 10:52:48.469089+03	5800
3560	EPP ANDRORANGABE	EPP ANDRORANGABE	EPP	ANDRORANGABE	2025-01-03 10:52:48.481543+03	5801
3561	EPP ANKEREREAKE	EPP ANKEREREAKE	EPP	ANKEREREAKY	2025-01-03 10:52:48.491652+03	5385
3562	EPP TANAMBAO SOARANO	EPP TANAMBAO SOARANO	EPP	TANAMBAO SOARANO	2025-01-03 10:52:48.501426+03	5385
3563	EPP ANALAMBARIKA	EPP ANALAMBARIKA	EPP	ANALAMBARIKA	2025-01-03 10:52:48.512345+03	5385
3564	EPP BEMANDRESY	EPP BEMANDRESY	EPP	BEMANDRESY	2025-01-03 10:52:48.523366+03	5802
3565	EPP ANKILIVALOKELY	EPP ANKILIVALOKELY	EPP	ANKILIVALOKELY	2025-01-03 10:52:48.534491+03	5802
3566	EPP FOTIVOLO	EPP FOTIVOLO	EPP	FOTIVOLO	2025-01-03 10:52:48.547455+03	5803
3567	EPP TANDRANO	EPP TANDRANO	EPP	TANDRANO	2025-01-03 10:52:48.559551+03	5804
3568	EPP SOARANO	EPP SOARANO	EPP	SOARANO	2025-01-03 10:52:48.569681+03	5804
3569	EPP MORARANO	EPP MORARANO	EPP	MORARANO	2025-01-03 10:52:48.581519+03	5805
3570	EPP MARIANY	EPP MARIANY	EPP	MARIANY	2025-01-03 10:52:48.594484+03	5806
3571	EPP ANADABOFOLO	EPP ANADABOFOLO	EPP	ANADABOFOLO	2025-01-03 10:52:48.605761+03	5807
3572	EPP VOHIMENA	EPP VOHIMENA	EPP	VOHIMENA	2025-01-03 10:52:48.617188+03	5807
3573	EPP ANDRANATA	EPP ANDRANATA	EPP	ANDRANATA	2025-01-03 10:52:48.632565+03	5808
3574	EPP BOHAKY HAUT	EPP BOHAKY HAUT	EPP	BOHAKY HAUT	2025-01-03 10:52:48.647718+03	5808
3575	EPP AGNABORANO	EPP AGNABORANO	EPP	MANDRO	2025-01-03 10:52:48.664257+03	5809
3576	EPP ANKILIMARY	EPP ANKILIMARY	EPP	ANKILIMARY	2025-01-03 10:52:48.682452+03	5810
3577	EPP ANGEBO	EPP ANGEBO	EPP	ANGEBO	2025-01-03 10:52:48.699419+03	5811
3578	EPP ANDRANOLAVA AMBANY	EPP ANDRANOLAVA AMBANY	EPP	ANTANIMAINTY	2025-01-03 10:52:48.712398+03	5657
3579	EPP ANONTSIBE	EPP ANONTSIBE	EPP	ANONTSIBE / CENTRE	2025-01-03 10:52:48.72339+03	5812
3580	EPP BESATROHAKA	EPP BESATROHAKA	EPP	BESATROHAKA	2025-01-03 10:52:48.735303+03	5813
3581	EPP BETSIOKY	EPP BETSIOKY	EPP	BETSIOKY	2025-01-03 10:52:48.746984+03	5814
3582	EPP MASIAKAMPY	EPP MASIAKAMPY	EPP	BETSIOKY	2025-01-03 10:52:48.756832+03	5814
3583	EPP SORITA	EPP SORITA	EPP	SORITA	2025-01-03 10:52:48.766809+03	5814
3584	EPP TAIMBORAKY	EPP TAIMBORAKY	EPP	TAIMBORAKY	2025-01-03 10:52:48.776536+03	5814
3585	EPP AMBODIARA	EPP AMBODIARA	EPP	AMBAKOBE	2025-01-03 10:52:48.786819+03	5815
3586	EPP AMBODIBONARY	EPP AMBODIBONARY	EPP	AMBODIARA	2025-01-03 10:52:48.797416+03	5783
3587	EPP BEFOTAKA	EPP BEFOTAKA	EPP	AMBODIMANGA IV	2025-01-03 10:52:48.806293+03	5784
3588	EPP AMBODIMANGA IV	EPP AMBODIMANGA IV	EPP	AMBODIMANGA IV	2025-01-03 10:52:48.816828+03	5784
3589	EPP ANALILA	EPP ANALILA	EPP	ANALILA	2025-01-03 10:52:48.82734+03	5784
3590	EPP VOHIMASINA II	EPP VOHIMASINA II	EPP	VOHIMASINA II	2025-01-03 10:52:48.837512+03	5784
3591	EPP ANDRANOTSARA	EPP ANDRANOTSARA	EPP	ANDRANOTSARA	2025-01-03 10:52:48.848636+03	5816
3592	EPP ANTANANTRAMBANA	EPP ANTANANTRAMBANA	EPP	TANANDEHIBE	2025-01-03 10:52:48.857749+03	5784
3593	EPP VALOVOKA	EPP VALOVOKA	EPP	ANTANANTRAMBANA	2025-01-03 10:52:48.867829+03	5816
3594	EPP TSARAHONENANA	EPP TSARAHONENANA	EPP	TSARAHONENANA	2025-01-03 10:52:48.879909+03	5816
3595	EPP MANAKANA I	EPP MANAKANA I	EPP	MANAKANA I	2025-01-03 10:52:48.888877+03	5785
3596	EPP AMBATOMIVARINA	EPP AMBATOMIVARINA	EPP	AMBATOMIVARINA	2025-01-03 10:52:48.900443+03	5817
3597	EPP TANAMBAO METEO	EPP TANAMBAO METEO	EPP	TANAMBAO METEO	2025-01-03 10:52:48.911648+03	5818
3598	EPP ANALAMAMIKO	EPP ANALAMAMIKO	EPP	ANALAMAMIKO	2025-01-03 10:52:48.92227+03	5819
3599	EC AMBALABE	EC AMBALABE	EPP	AMBARARATA	2025-01-03 10:52:48.93241+03	5790
3600	EC NAMOASY NORD	EC NAMOASY NORD	EPP	NAMOASY SUD	2025-01-03 10:52:48.944095+03	5820
3601	ANALALAVA	ANALALAVA	EPP	TSIMAHABOANDRO	2025-01-03 10:52:48.952655+03	5793
3602	BEREKETA	BEREKETA	EPP	BERAKETA	2025-01-03 10:52:48.964053+03	5821
3603	EPP AMBONARA	EPP AMBONARA	EPP	NIVAKIAMBAKOLY	2025-01-03 10:52:48.973477+03	5791
3604	EC ANKATRAFAY	EC ANKATRAFAY	EPP	ANKITARA	2025-01-03 10:52:48.983588+03	5791
3605	EPP AMBIKY	EPP AMBIKY	EPP	AMBIKY	2025-01-03 10:52:48.994586+03	5822
3606	EPP ANDRANOBOKA	EPP ANDRANOBOKA	EPP	ANDRANOBOKA	2025-01-03 10:52:49.005561+03	5823
3607	EPP AMPANANGANA	EPP AMPANANGANA	EPP	BEMOKOTRA NORD	2025-01-03 10:52:49.015684+03	5823
3608	AMBALASATRA	AMBALASATRA	EPP	ANDIMAKY	2025-01-03 10:52:49.026436+03	5822
3609	AMBALABAO	AMBALABAO	EPP	ANKETRABE	2025-01-03 10:52:49.036452+03	5822
3610	EC TETEZANANAHARY	EC TETEZANANAHARY	EPP	TETEZANANAHARY	2025-01-03 10:52:49.046459+03	5793
3611	EPP TSIANDRO	EPP TSIANDRO	EPP	TSIANDRO	2025-01-03 10:52:49.057454+03	5824
3612	EPP TARATRA SOAHANY	EPP TARATRA SOAHANY	EPP	SOAHANY	2025-01-03 10:52:49.068477+03	5825
3613	EPP MOKOTIBE	EPP MOKOTIBE	EPP	MOKOTIBE	2025-01-03 10:52:49.080321+03	5825
3614	BESARA AMBONY	BESARA AMBONY	EPP	BESARA AMBONY	2025-01-03 10:52:49.089966+03	5825
3615	EPP BEMAMBA	EPP BEMAMBA	EPP	MASOARIVO/AMBALAKAZAHA	2025-01-03 10:52:49.101247+03	5826
3616	EC MAHAZOARIVO	EC MAHAZOARIVO	EPP	MASOARIVO	2025-01-03 10:52:49.111305+03	5826
3617	EPP AMBONDRO ANTSERANADAKA	EPP AMBONDRO ANTSERANADAKA	EPP	MASOARIVO	2025-01-03 10:52:49.121283+03	5826
3618	EPP FANILO BEKOPAKA	EPP FANILO BEKOPAKA	EPP	BEKOPAKA	2025-01-03 10:52:49.132632+03	5827
3619	EC MANAVONY	EC MANAVONY	EPP	MANAVONY	2025-01-03 10:52:49.143109+03	5827
3620	EPP TSINJORANO AMBONY	EPP TSINJORANO AMBONY	EPP	TSINJORANO AMBONY	2025-01-03 10:52:49.153096+03	5827
3621	ANKOABE	ANKOABE	EPP	AMBALAKAZAHA	2025-01-03 10:52:49.163397+03	5827
3622	EPP BEJANGOA	EPP BEJANGOA	EPP	TRANGAHY	2025-01-03 10:52:49.173421+03	5795
3623	EPP BEREKETA	EPP BEREKETA	EPP	BEREKETA	2025-01-03 10:52:49.18356+03	5827
3624	MOZAMBIKY	MOZAMBIKY	EPP	BENJAVILY	2025-01-03 10:52:49.194565+03	5826
3625	AMBONARA	AMBONARA	EPP	BEVOAY	2025-01-03 10:52:49.204348+03	5826
3626	EPP ANOSIKELY	EPP ANOSIKELY	EPP	ANOSIKELY	2025-01-03 10:52:49.215318+03	5796
3627	EPP AMBATSY	EPP AMBATSY	EPP	BETOKO II	2025-01-03 10:52:49.224589+03	5797
3628	EPP AMPASIMENA	EPP AMPASIMENA	EPP	AMPASIMENA	2025-01-03 10:52:49.235284+03	5799
3629	EPP AMBOHIMIADANA	EPP AMBOHIMIADANA	EPP	AMBOHIMIADANA	2025-01-03 10:52:49.246255+03	5800
3630	EPP AMBOHIMIARINA II	EPP AMBOHIMIARINA II	EPP	AMBOHIMIARINA II	2025-01-03 10:52:49.25756+03	5828
3631	EPP AMBATOMIZAKA	EPP AMBATOMIZAKA	EPP	AMBATOMIZAKA	2025-01-03 10:52:49.268386+03	5828
3632	EPP AMBODIMAMPAY	EPP AMBODIMAMPAY	EPP	AMBODIMAMPAY	2025-01-03 10:52:49.279591+03	5828
3633	EPP TSARATAMPONA I	EPP TSARATAMPONA I	EPP	TSARATAMPONA I	2025-01-03 10:52:49.289335+03	5798
3634	EPP AMBALANIRANA I	EPP AMBALANIRANA I	EPP	VOHITROMBY	2025-01-03 10:52:49.299639+03	5798
3635	EPP SAHAKEVO	EPP SAHAKEVO	EPP	SAHAKEVO	2025-01-03 10:52:49.311216+03	5829
3636	EPP ANDRORANGAVOLA-TSIENTA	EPP ANDRORANGAVOLA-TSIENTA	EPP	ANDRORANGAVOLA-TSIENTA	2025-01-03 10:52:49.322136+03	5830
3637	EPP ANOSIARIVO I	EPP ANOSIARIVO I	EPP	ANOSIARIVO I	2025-01-03 10:52:49.334162+03	5831
3638	EPP AMBODIVOARA	EPP AMBODIVOARA	EPP	AMBODIVOARA	2025-01-03 10:52:49.346285+03	5832
3639	EPP SAHANAVO	EPP SAHANAVO	EPP	SAHANAVO	2025-01-03 10:52:49.357317+03	5833
3640	EPP AMBOHIMILANJA	EPP AMBOHIMILANJA	EPP	AMBOHIMILANJA	2025-01-03 10:52:49.367524+03	5833
3641	EPP VOHIDAMBA	EPP VOHIDAMBA	EPP	VOHIDAMBA	2025-01-03 10:52:49.379668+03	5834
3642	EPP BEFOTAKA	EPP BEFOTAKA	EPP	BEFOTAKA	2025-01-03 10:52:49.389249+03	5831
3643	EPP TANAMBAO-RABEMANANA	EPP TANAMBAO-RABEMANANA	EPP	TANAMBAO-RABEMANANA	2025-01-03 10:52:49.401286+03	5835
3644	EPP TOAKASINA	EPP TOAKASINA	EPP	TOAKASINA	2025-01-03 10:52:49.415273+03	5836
3645	EPP MORAFENO	EPP MORAFENO	EPP	MORAFENO	2025-01-03 10:52:49.42634+03	5837
3646	EPP ANKIBOKA	EPP ANKIBOKA	EPP	ANKIBOKA	2025-01-03 10:52:49.437896+03	5838
3647	EPP AMPASIMADINIKA	EPP AMPASIMADINIKA	EPP	AMPASIMADINIKA	2025-01-03 10:52:49.44788+03	5836
3648	EPP AMBALAMENA	EPP AMBALAMENA	EPP	AMBALAMENA	2025-01-03 10:52:49.45923+03	5834
3649	EPP ANOSY-DIKA	EPP ANOSY-DIKA	EPP	ANOSY DIKA	2025-01-03 10:52:49.469483+03	5830
3650	EPP MAROARIANA I	EPP MAROARIANA I	EPP	MAROARIANA I	2025-01-03 10:52:49.480249+03	5833
3651	EPP TOLANDRAVINA	EPP TOLANDRAVINA	EPP	TOLANDRAVINA	2025-01-03 10:52:49.490298+03	5839
3652	EPP LOHAVANANA	EPP LOHAVANANA	EPP	LOHAVANANA	2025-01-03 10:52:49.500349+03	5801
3653	EPP ANDRORANGAVOLA	EPP ANDRORANGAVOLA	EPP	ANDRORANGAVOLA	2025-01-03 10:52:49.511235+03	5840
3654	EPP ANKILIMASY	EPP ANKILIMASY	EPP	ANKILIMASY	2025-01-03 10:52:49.520879+03	5385
3655	EPP ANKABOKA TANAMBAO	EPP ANKABOKA TANAMBAO	EPP	ANKABOKY	2025-01-03 10:52:49.531437+03	5802
3656	EPP SARODRANO	EPP SARODRANO	EPP	ANALABO	2025-01-03 10:52:49.543447+03	5841
3657	EPP TANAMANTSY	EPP TANAMANTSY	EPP	BEDO MAINTIRANO	2025-01-03 10:52:49.553698+03	5806
3658	EPP ANDRANOFOTY	EPP ANDRANOFOTY	EPP	AMBATOLAHY SOASERANA	2025-01-03 10:52:49.563727+03	5805
3659	EPP MAHAZOARIVO	EPP MAHAZOARIVO	EPP	MAHAZOARIVO	2025-01-03 10:52:49.573773+03	5805
3660	EPP ILEMBY	EPP ILEMBY	EPP	ILEMBY	2025-01-03 10:52:49.585216+03	5842
3661	EPP MORAFENO IABORANO I	EPP MORAFENO IABORANO I	EPP	MORAFENO TSITAKADAHY	2025-01-03 10:52:49.595189+03	5386
3662	EPP ANKILIMARO	EPP ANKILIMARO	EPP	ANKILIMARO	2025-01-03 10:52:49.604344+03	5386
3663	EPP FANDRANARIVO	EPP FANDRANARIVO	EPP	FANDRANARIVO	2025-01-03 10:52:49.614477+03	5386
3664	EPP AMBALAVATO	EPP AMBALAVATO	EPP	AMBALAVATO	2025-01-03 10:52:49.624311+03	5807
3665	EPP SAKOAMARO	EPP SAKOAMARO	EPP	SAKOAMARO	2025-01-03 10:52:49.633545+03	5807
3666	EPP ANTSOARAVY	EPP ANTSOARAVY	EPP	ANTSOARAVY	2025-01-03 10:52:49.644486+03	5809
3667	EPP ANTSOKAKY	EPP ANTSOKAKY	EPP	ANTSOKAKY	2025-01-03 10:52:49.654551+03	5809
3668	EPP AMPARIMIAKY	EPP AMPARIMIAKY	EPP	AMPARIMIAKY	2025-01-03 10:52:49.664678+03	5809
3669	EPP AMBONDROBE	EPP AMBONDROBE	EPP	AMBONDROBE	2025-01-03 10:52:49.67471+03	5809
3670	EPP ANKAZOMANGA	EPP ANKAZOMANGA	EPP	ANKAZOMANGA	2025-01-03 10:52:49.684774+03	5808
3671	EPP BEANDRY BAS	EPP BEANDRY BAS	EPP	ANKAZOMANGA	2025-01-03 10:52:49.695027+03	5808
3672	EPP BEREVO	EPP BEREVO	EPP	BEREVO	2025-01-03 10:52:49.704585+03	5809
3673	EPP SOARANO EST	EPP SOARANO EST	EPP	SOARANO EST	2025-01-03 10:52:49.716507+03	5843
3674	EPP ANDOHAVOLY	EPP ANDOHAVOLY	EPP	ANDOHAVOLY	2025-01-03 10:52:49.726529+03	5843
3675	EPP LIOLAVA	EPP LIOLAVA	EPP	LIOLAVA	2025-01-03 10:52:49.735738+03	5843
3676	EPP BESAKOA NORD	EPP BESAKOA NORD	EPP	BESAKOA NORD	2025-01-03 10:52:49.746645+03	5843
3677	EPP AMBAHIA	EPP AMBAHIA	EPP	AMBAHIA	2025-01-03 10:52:49.756505+03	5813
3678	EPP AMBIABE	EPP AMBIABE	EPP	MIARY SOALENGO	2025-01-03 10:52:49.768232+03	5844
3679	EPP AMPANIHY	EPP AMPANIHY	EPP	VOHIMARY	2025-01-03 10:52:49.77843+03	5844
3680	EPP ANDASIBE	EPP ANDASIBE	EPP	ANDASIBE	2025-01-03 10:52:49.787724+03	5657
3681	EPP ANKOBA	EPP ANKOBA	EPP	ANKOBA	2025-01-03 10:52:49.799401+03	5845
3682	EPP ANONTSIBE EST	EPP ANONTSIBE EST	EPP	ANONTSIBE EST	2025-01-03 10:52:49.808602+03	5812
3683	EPP DINDOHA	EPP DINDOHA	EPP	DINDOHA	2025-01-03 10:52:49.819734+03	5846
3684	EPP MIARY	EPP MIARY	EPP	MIARY	2025-01-03 10:52:49.82993+03	5657
3685	EPP RANGAINOMBY	EPP RANGAINOMBY	EPP	BEHARONA	2025-01-03 10:52:49.839476+03	5846
3686	EPP SAHOMAREBE	EPP SAHOMAREBE	EPP	SAHOMAREBE	2025-01-03 10:52:49.850125+03	5814
3687	EPP SOASERANA	EPP SOASERANA	EPP	SOASERANA	2025-01-03 10:52:49.860705+03	5844
3688	EPP TANANDAVA/AMBOHIBASIA	EPP TANANDAVA/AMBOHIBASIA	EPP	VOHIMARY	2025-01-03 10:52:49.870677+03	5844
3689	EPP VATOLAMPY	EPP VATOLAMPY	EPP	VATOLAMPY	2025-01-03 10:52:49.881433+03	5846
3690	EPP Andranobao	EPP Andranombao	EPP	Andranobao	2025-01-03 10:52:49.89221+03	5847
3691	EPP Marosely	EPP Marosely	EPP	Marosely	2025-01-03 10:52:49.903558+03	5848
3692	EPP Soaravy	EPP Soaravy	EPP	Soaravy	2025-01-03 10:52:49.913125+03	5847
3693	EPP Ivary	EPP Ivary	EPP	Ivary	2025-01-03 10:52:49.922654+03	5848
3694	EPP Anteva	EPP Anteva	EPP	Anteva	2025-01-03 10:52:49.933273+03	5847
3695	EPP Manitsy Morafeno II	EPP Manitsy Morafeno II	EPP	Manitsy Morafeno II	2025-01-03 10:52:49.944438+03	5847
3696	EPP Tsanerena	EPP Tsanerena	EPP	Tsanerena	2025-01-03 10:52:49.953808+03	5847
3697	EC Besely	EC Besely	EPP	Besely	2025-01-03 10:52:49.963388+03	5847
3698	EC Nosiarivo	EC Nosiarivo	EPP	Nosiarivo	2025-01-03 10:52:49.972286+03	5847
3699	EPP Akoko	EPP Akoko	EPP	Akoko	2025-01-03 10:52:49.983342+03	5848
3700	EPP Soakija	EPP Soakija	EPP	Soakija	2025-01-03 10:52:49.993286+03	5848
3701	EPP Anezandava	EPP Anezandava	EPP	Anezandava	2025-01-03 10:52:50.004245+03	5849
3702	EPP Soasiragna	EPP Soasiragna	EPP	Soasiragna	2025-01-03 10:52:50.014217+03	5849
3703	EPP Amboegna	EPP Amboegna	EPP	Amboegna	2025-01-03 10:52:50.024711+03	5850
3704	EPP Bilepasy	EPP Bilepasy	EPP	Bilepasy	2025-01-03 10:52:50.035336+03	5850
3705	EPP Ambalamanga	EPP Ambalamanga	EPP	Ambalamanga	2025-01-03 10:52:50.04727+03	5850
3706	EPP Anarabe	EPP Anarabe	EPP	Anarabe	2025-01-03 10:52:50.058279+03	5850
3707	EPP Mahasoa	EPP Mahasoa	EPP	Mahasoa	2025-01-03 10:52:50.070273+03	5850
3708	EPP Bekifafa	EPP Bekifafa	EPP	Bekifafa	2025-01-03 10:52:50.083735+03	5851
3709	EPP Nanarena	EPP Nanarena	EPP	Nanarena	2025-01-03 10:52:50.09551+03	5851
3710	EPP Ambatomainty	EPP Ambatomainty	EPP	Ambatomainty	2025-01-03 10:52:50.105258+03	5852
3711	EPP Alovakara bas	EPP Alovakara bas	EPP	Alovokara bas	2025-01-03 10:52:50.11619+03	5852
3712	EPP Alovakara haut	EPP Alovakara haut	EPP	Alovokara haut	2025-01-03 10:52:50.1261+03	5852
3713	EPP Agnarabe	EPP Agnarabe	EPP	Agnarabe	2025-01-03 10:52:50.134498+03	5852
3714	EPP Ambondro I	EPP Ambondro I	EPP	Ambondro I	2025-01-03 10:52:50.14405+03	5852
3715	EPP Itafia Morafeno	EPP Itafia Morafeno	EPP	Itafia Morafeno	2025-01-03 10:52:50.155304+03	5853
3716	EPP Ambalasoa 	EPP Ambalasoa 	EPP	Ambalasoa	2025-01-03 10:52:50.167347+03	5854
3717	EPP Benato Toby	EPP Benato Toby	EPP	Benato toby	2025-01-03 10:52:50.177825+03	5853
3718	EPP Rehea Antaratry	EPP Rehea Antaratry	EPP	Antaratry	2025-01-03 10:52:50.188289+03	5855
3719	EPP Ianakafy	EPP Ianakafy	EPP	Ianakafy	2025-01-03 10:52:50.199292+03	5856
3720	EPP Ankilimary	EPP Ankilimary	EPP	Ankilimary	2025-01-03 10:52:50.211273+03	5857
3723	EPP Andranomiforitra	EPP Andranomiforitra	EPP	Andranomiforitra 	2025-01-03 10:52:50.245572+03	5859
3724	EPP Riadampy	EPP Riadampy	EPP	Riadampy	2025-01-03 10:52:50.255453+03	5859
3725	EPP Antanimainty	EPP Antanimainty	EPP	Antanimainty	2025-01-03 10:52:50.267393+03	5860
3726	EPP Bemelo	EPP Bemelo	EPP	Bemelo	2025-01-03 10:52:50.278363+03	5860
3727	EPP Bevaho	EPP Bevaho	EPP	Bevaho	2025-01-03 10:52:50.288335+03	5860
3728	EPP Androka	EPP Androka	EPP	Androka	2025-01-03 10:52:50.300629+03	5861
3729	EPP Tsihotoy	EPP Tsihotoy	EPP	Tsihotoy	2025-01-03 10:52:50.312145+03	5860
3730	EPP Ambasohihy 	EPP Ambasohihy 	EPP	Ambasohihy	2025-01-03 10:52:50.323109+03	5862
3731	EPP Manatotsikora	EPP Manatotsikora	EPP	Manatotsikora	2025-01-03 10:52:50.33372+03	5862
3732	EPP Ankazomanga	EPP Ankazomanga	EPP	Ankazomanga	2025-01-03 10:52:50.343723+03	5862
3733	EPP Voanana	EPP Voanana	EPP	Voanana	2025-01-03 10:52:50.352896+03	5862
3734	EPP Beharena	EPP Beharena	EPP	Beharena 	2025-01-03 10:52:50.365867+03	5863
3735	EPP Ambotaky	EPP Ambotaky	EPP	Ambotaky	2025-01-03 10:52:50.378377+03	5864
3736	EPP Beroringitra	EPP Berongitra	EPP	Beroringitra	2025-01-03 10:52:50.388351+03	5864
3737	EPP Ankarinoro	EPP Ankarinoro	EPP	Ankarinoro	2025-01-03 10:52:50.400089+03	5865
3738	EPP Maroangaty	EPP Maroangaty	EPP	Maroangaty	2025-01-03 10:52:50.410875+03	5865
3739	EPP Ambohitrabo	EPP Ambohitrabo	EPP	Ambohitrabo	2025-01-03 10:52:50.421817+03	5866
3740	EPP Ampasy	EPP Ampasy	EPP	Ampasy	2025-01-03 10:52:50.432788+03	5866
3741	EPP Ambatoharana	EPP Ambatoharana	EPP	Ambatoharana	2025-01-03 10:52:50.443292+03	5866
3742	EPP Soakibany	EPP Soakibany	EPP	Soakibany	2025-01-03 10:52:50.454311+03	5867
3743	EPP Antaramihery	EPP Antaramihery	EPP	Antaramihery	2025-01-03 10:52:50.466625+03	5867
3744	EPP Mangoa	EPP Mangoa	EPP	Mangoa	2025-01-03 10:52:50.477913+03	5867
3745	EPP Ambodisay	EPP Ambodisay	EPP	Ambodisay	2025-01-03 10:52:50.487638+03	5863
3746	EPP Belagnana	EPP Belagnana	EPP	Belagnana	2025-01-03 10:52:50.498771+03	5863
3747	EPP Mahavelo	EPP Mahavelo	EPP	Mahavelo	2025-01-03 10:52:50.510122+03	5863
3748	EPP Mahabe Zaraha	EPP Mahabe Zaraha	EPP	Mahabe Zaraha	2025-01-03 10:52:50.521642+03	5868
3749	EPP Marovovo	EPP Marovovo	EPP	Marovovo	2025-01-03 10:52:50.532297+03	5868
3750	SOUS lot n° 02-B1 :Travaux de construction de blocs de quatre salles Manarapenitra dans la  PROVINCE FIANARANTSOA-REGION  HAUTE MATSIATRA - DISTRICT  Ambohimahasoa-Commune AMBALAKIDRESY-EPP ANTALATA	EPP ANTALATA	EPP	ANTALATA	2025-01-03 10:52:50.545772+03	5869
3751	SOUS lot n° 02-B2 :Travaux de construction de blocs de quatre salles Manarapenitra dans la  PROVINCE FIANARANTSOA-REGION  HAUTE MATSIATRA - DISTRICT  Ambohimahasoa-Commune SAHAVE-SAHAVE	EPP SAHAVE	EPP	SAHAVE	2025-01-03 10:52:50.556763+03	5870
3752	Travaux de construction de blocs de quatre salles  Manarapenitra dans la province ANTANANARIVO – Région ANALAMANGA – District Ambohidratsimo  Commune Ambohidratrimo  -EPP AMBOHITSIROA	EPP AMBOHITSIROA	EPP	AMBOHITSIROA	2025-01-03 10:52:50.567994+03	5356
3753	Travaux de construction deux salles  Manarapenitra dans la province de Fianarantsoa - Région HAUTE MATSIATRA –District AMBOHIMAHASOA–commune ISAKA EPP ANTALATA ISAKA	EPP ANTALATA ISAKA	EPP	SAHAVE	2025-01-03 10:52:50.581112+03	5871
3754	Travaux de construction de blocs de quatre salles  Manarapenitra dans la province FIANARANTSOA  – Région HAUTE MATSIATRA –District Ambohimahasoa – Commune AMBALAKINDRESY- Lycée	LYCEE AMBALAKINDRESY	LYCEE	ANTSIHO	2025-01-03 10:52:50.591671+03	5869
3755	Travaux de construction d’un EPP de référence à douze (12) salles sis à Ihosy, CISCO Ihosy dans la Région Ihorombe	EPP sis IHOSY	EPP	nan	2025-01-03 10:52:50.601981+03	5516
3756	Lot 05: Travaux de réhabilitation des bâtiments A du MEN (  2ème et 3eme ETAGE)	2ème et 3eme ETAGE	Administratif	ANOSY 	2025-01-03 10:52:50.612598+03	5622
3757	Lot n°02 :Travaux de Rehabilitation des Batiements du MEN RDC-1er  Etages	RDC-1e etage	Administratif	ANOSY 	2025-01-03 10:52:50.621581+03	5622
2900	Travaux de construction de blocs de quatre salles  Manarapenitra dans la province TOLIARA   – Région ANOSY –District  Amboasary Sud– Commune TARANTY BAS-TARANTY BAS (EPP TARANTY)	EPP TARANTY	EPP	TARANTY-BAS	2025-01-03 10:52:39.594523+03	5330
3298	Lot 05 Travaux d'achèvement des bâtiments scolaires Manarapenitra à douze (12) salles Province de Majunga- RégionBoeny- District Marovoay	EPP ANTANIMORA	EPP	Antanimora	2025-01-03 10:52:44.989335+03	5666
3024	Lot n°01 : Travaux de nouvelle construction des bâtiments scolaires à quatre (04) salles dans la DREN SOFIA, Cisco Befandriana Nord, ZAP Ambararata, CEG Ambodimadiro EST	CEG Ambodimadiro EST	CEG	AMBODIMADIRO EST	2025-01-03 10:52:41.194449+03	5445
2922	Travaux de construction  deux salles Manarapenitra sis à Ankilirandro Nord, Tsimananada EPP ANKILIRANO NORD	EPP ANKILIRANO NORD	EPP	TSIMANANADA-TSIMANANADA	2025-01-03 10:52:39.869033+03	5352
2933	Travaux de construction de blocs de quatre salles Manarapenitra dans la province Toliara- Région Atsimo Andrefana - District Ampanihy - Commune Magniry- EPP Magniry	GEG MAGNIRY	CEG	Magniry	2025-01-03 10:52:40.003456+03	5362
3051	Travaux de construction de blocs de quatre salles  Manarapenitra dans la province TOLIARA   – Région ATSIMO ANDREFANA –District Betioky Sud – Commune BETIOKY CENTRE- EPP Antsakoamasy	EPP antsakoamasy	EPP	antsakoamasy	2025-01-03 10:52:41.649589+03	5470
3297	Lot n°05 :  Travaux de construction des bâtiments scolaires à deux (02) salles manarapenitra dans la DREN  ATSIMO ANDREFANA– CISCO Toliara II - Commune Mitsinjo - LYCEE BETANIMENA	LYCEE BETANIMENA	LYCEE	MITSINJO	2025-01-03 10:52:44.979132+03	5665
3189	Travaux de construction d'un CEG de référence à 24 salles sis à Tsimahavaokely	CEG Tsimahavaokely	CEG	TSIMAHAVAOKELY	2025-01-03 10:52:43.604541+03	5616
\.


--
-- TOC entry 5027 (class 0 OID 33385)
-- Dependencies: 253
-- Data for Name: construction_typeconge; Type: TABLE DATA; Schema: public; Owner: michpi
--

COPY public.construction_typeconge (id, nom, description) FROM stdin;
1	Congé Annuel	Droit de congé annuel donnée par le droit Malagasy
\.


--
-- TOC entry 5008 (class 0 OID 17046)
-- Dependencies: 234
-- Data for Name: django_admin_log; Type: TABLE DATA; Schema: public; Owner: michpi
--

COPY public.django_admin_log (id, action_time, object_id, object_repr, action_flag, change_message, content_type_id, user_id) FROM stdin;
667	2025-01-14 12:52:14.496318+03	1	478 655 - RAMAMPIANDRANIRINA Joseph Michelson	1	[{"added": {}}]	15	2
668	2025-01-14 12:53:39.42437+03	2	392 825 - RAFEFIMANANA Sambilason Richard	1	[{"added": {}}]	15	2
669	2025-01-14 12:54:27.168821+03	3	328 636 - RANDRIANARISOA Hery Hajaniaina	1	[{"added": {}}]	15	2
670	2025-01-14 12:54:48.176214+03	1	RAMAMPIANDRANIRINA - 2023: 30 jours restants	1	[{"added": {}}]	16	2
671	2025-01-14 12:54:53.839821+03	1	RAMAMPIANDRANIRINA - 2023: 30 jours restants	2	[]	16	2
672	2025-01-14 12:57:32.750936+03	1	Congé Annuel	1	[{"added": {}}]	17	2
673	2025-01-14 14:03:49.395888+03	3	RAMAMPIANDRANIRINA - Congé Annuel (2022 : 2025-01-31 à 2025-02-09)	3		14	2
674	2025-01-14 14:04:25.660237+03	5	RAMAMPIANDRANIRINA - Congé Annuel (2023 : 2025-01-31 à 2025-01-09)	3		14	2
675	2025-01-14 14:04:25.660237+03	4	RAMAMPIANDRANIRINA - Congé Annuel (2023 : 2025-01-31 à 2025-01-09)	3		14	2
676	2025-01-14 14:04:25.660237+03	2	RAMAMPIANDRANIRINA - Congé Annuel (2023 : 2025-01-15 à 2025-01-22)	3		14	2
677	2025-01-14 14:12:54.936888+03	4	498 302 - RASENDRAHASINA Tahirintsoa Eugénie	1	[{"added": {}}]	15	2
678	2025-01-14 14:13:30.291476+03	2	RASENDRAHASINA - 2024: 25 jours restants	1	[{"added": {}}]	16	2
\.


--
-- TOC entry 4994 (class 0 OID 16946)
-- Dependencies: 220
-- Data for Name: django_content_type; Type: TABLE DATA; Schema: public; Owner: michpi
--

COPY public.django_content_type (id, app_label, model) FROM stdin;
1	admin	logentry
2	auth	permission
3	auth	group
4	auth	user
5	contenttypes	contenttype
6	sessions	session
7	construction	province
8	construction	region
9	construction	district
10	construction	commune
11	construction	site
12	construction	marche
13	construction	avancement
14	construction	conge
15	construction	personnel
16	construction	quotaannuel
17	construction	typeconge
\.


--
-- TOC entry 4992 (class 0 OID 16938)
-- Dependencies: 218
-- Data for Name: django_migrations; Type: TABLE DATA; Schema: public; Owner: michpi
--

COPY public.django_migrations (id, app, name, applied) FROM stdin;
1	contenttypes	0001_initial	2025-01-02 10:55:43.790579+03
2	auth	0001_initial	2025-01-02 10:55:43.874451+03
3	admin	0001_initial	2025-01-02 10:55:43.896764+03
4	admin	0002_logentry_remove_auto_add	2025-01-02 10:55:43.903576+03
5	admin	0003_logentry_add_action_flag_choices	2025-01-02 10:55:43.931949+03
6	contenttypes	0002_remove_content_type_name	2025-01-02 10:55:43.949418+03
7	auth	0002_alter_permission_name_max_length	2025-01-02 10:55:43.958358+03
8	auth	0003_alter_user_email_max_length	2025-01-02 10:55:43.968008+03
9	auth	0004_alter_user_username_opts	2025-01-02 10:55:43.973281+03
10	auth	0005_alter_user_last_login_null	2025-01-02 10:55:43.984903+03
11	auth	0006_require_contenttypes_0002	2025-01-02 10:55:43.986409+03
12	auth	0007_alter_validators_add_error_messages	2025-01-02 10:55:43.99423+03
13	auth	0008_alter_user_username_max_length	2025-01-02 10:55:44.008273+03
14	auth	0009_alter_user_last_name_max_length	2025-01-02 10:55:44.020043+03
15	auth	0010_alter_group_name_max_length	2025-01-02 10:55:44.0301+03
16	auth	0011_update_proxy_permissions	2025-01-02 10:55:44.038529+03
17	auth	0012_alter_user_first_name_max_length	2025-01-02 10:55:44.047544+03
18	construction	0001_initial	2025-01-02 10:55:44.073613+03
19	sessions	0001_initial	2025-01-02 10:55:44.085493+03
20	construction	0002_commune	2025-01-02 12:18:14.930727+03
21	construction	0003_alter_commune_create_on_alter_district_create_on_and_more	2025-01-02 15:42:14.57221+03
22	construction	0004_marche	2025-01-02 16:41:31.817141+03
23	construction	0005_avancement	2025-01-02 17:23:12.017634+03
24	construction	0006_avancement_photo1_avancement_photo2_and_more	2025-01-03 11:56:17.526878+03
25	construction	0007_remove_avancement_anneeachevement_and_more	2025-01-03 12:03:34.991491+03
26	construction	0008_alter_avancement_annee_achevement	2025-01-04 14:53:18.021222+03
28	construction	0009_personnel_typeconge_conge_quotaannuel	2025-01-14 12:50:02.85702+03
29	construction	0010_remove_personnel_typeetab	2025-01-14 12:51:35.123176+03
\.


--
-- TOC entry 5015 (class 0 OID 17104)
-- Dependencies: 241
-- Data for Name: django_session; Type: TABLE DATA; Schema: public; Owner: michpi
--

COPY public.django_session (session_key, session_data, expire_date) FROM stdin;
43br3dhhfrji5vu1miqbctv4vzjomhdr	.eJxVjDEPgjAQRv9LZ0MKFEvddHPQGGeT5no9BMViaGEh_HeLYdDtcu99b2IahlDrwVOvG8t2LGWb358BfJJbgH2Au3cJdi70jUkWJVmpT06dpfawun-BGnwd1wLIcABDBSgJIkdpczRQKImZRVRVViggzFMOmTBUYQq54KbcSlFKKasYrZo2UO_ZbmLvvhsbh7SEeUQUIMT7rPdY03gbOCdF34mDqL3ILfh6ObJ5_gBen0_R:1tXJ0b:D2EMSeyOnf6Vj_pSs6bJVy0GMEceFgY8sH9yjz8FCxw	2025-01-27 14:53:29.64276+03
d5o072epq5kyjbaef6lir7js4lek3i45	.eJxVjMEOwiAQBf-FsyGwQAGP3v0GwrIgVUOT0p6M_64kPej1zcx7sRD3rYa95zXMxM4M2Ol3w5geuQ1A99huC09L29YZ-VD4QTu_LpSfl8P9O6ix12-tpJ2UKxNYKQG8ASGMdsajlx5BGxnzoJQ0WVvQKYrGKyeKzgAGJXt_AJTSNlw:1tXdFj:5lWxrIUeeoY2W94rhiRmBGSz58TheiKCcvGsAdwUjJ4	2025-01-28 12:30:27.783637+03
mcfznsll3b0dkbgd8h9gvnhq9ncc096u	.eJxVjMEOwiAQBf-FsyGwQAGP3v0GwrIgVUOT0p6M_64kPej1zcx7sRD3rYa95zXMxM4M2Ol3w5geuQ1A99huC09L29YZ-VD4QTu_LpSfl8P9O6ix12-tpJ2UKxNYKQG8ASGMdsajlx5BGxnzoJQ0WVvQKYrGKyeKzgAGJXt_AJTSNlw:1tXzqO:JzxKKm5Ju-5mRjZ88oiXlaGVZcRiD9UjbwlBuA3YsKQ	2025-01-29 12:37:48.413443+03
\.


--
-- TOC entry 5037 (class 0 OID 0)
-- Dependencies: 223
-- Name: auth_group_id_seq; Type: SEQUENCE SET; Schema: public; Owner: michpi
--

SELECT pg_catalog.setval('public.auth_group_id_seq', 1, false);


--
-- TOC entry 5038 (class 0 OID 0)
-- Dependencies: 225
-- Name: auth_group_permissions_id_seq; Type: SEQUENCE SET; Schema: public; Owner: michpi
--

SELECT pg_catalog.setval('public.auth_group_permissions_id_seq', 1, false);


--
-- TOC entry 5039 (class 0 OID 0)
-- Dependencies: 221
-- Name: auth_permission_id_seq; Type: SEQUENCE SET; Schema: public; Owner: michpi
--

SELECT pg_catalog.setval('public.auth_permission_id_seq', 68, true);


--
-- TOC entry 5040 (class 0 OID 0)
-- Dependencies: 229
-- Name: auth_user_groups_id_seq; Type: SEQUENCE SET; Schema: public; Owner: michpi
--

SELECT pg_catalog.setval('public.auth_user_groups_id_seq', 1, false);


--
-- TOC entry 5041 (class 0 OID 0)
-- Dependencies: 227
-- Name: auth_user_id_seq; Type: SEQUENCE SET; Schema: public; Owner: michpi
--

SELECT pg_catalog.setval('public.auth_user_id_seq', 2, true);


--
-- TOC entry 5042 (class 0 OID 0)
-- Dependencies: 231
-- Name: auth_user_user_permissions_id_seq; Type: SEQUENCE SET; Schema: public; Owner: michpi
--

SELECT pg_catalog.setval('public.auth_user_user_permissions_id_seq', 1, false);


--
-- TOC entry 5043 (class 0 OID 0)
-- Dependencies: 248
-- Name: construction_avancement_id_seq; Type: SEQUENCE SET; Schema: public; Owner: michpi
--

SELECT pg_catalog.setval('public.construction_avancement_id_seq', 1294, true);


--
-- TOC entry 5044 (class 0 OID 0)
-- Dependencies: 242
-- Name: construction_commune_id_seq; Type: SEQUENCE SET; Schema: public; Owner: michpi
--

SELECT pg_catalog.setval('public.construction_commune_id_seq', 5872, true);


--
-- TOC entry 5045 (class 0 OID 0)
-- Dependencies: 254
-- Name: construction_conge_id_seq; Type: SEQUENCE SET; Schema: public; Owner: michpi
--

SELECT pg_catalog.setval('public.construction_conge_id_seq', 7, true);


--
-- TOC entry 5046 (class 0 OID 0)
-- Dependencies: 239
-- Name: construction_district_id_seq; Type: SEQUENCE SET; Schema: public; Owner: michpi
--

SELECT pg_catalog.setval('public.construction_district_id_seq', 602, true);


--
-- TOC entry 5047 (class 0 OID 0)
-- Dependencies: 246
-- Name: construction_marche_id_seq; Type: SEQUENCE SET; Schema: public; Owner: michpi
--

SELECT pg_catalog.setval('public.construction_marche_id_seq', 2873, true);


--
-- TOC entry 5048 (class 0 OID 0)
-- Dependencies: 250
-- Name: construction_personnel_id_seq; Type: SEQUENCE SET; Schema: public; Owner: michpi
--

SELECT pg_catalog.setval('public.construction_personnel_id_seq', 4, true);


--
-- TOC entry 5049 (class 0 OID 0)
-- Dependencies: 235
-- Name: construction_province_id_seq; Type: SEQUENCE SET; Schema: public; Owner: michpi
--

SELECT pg_catalog.setval('public.construction_province_id_seq', 42, true);


--
-- TOC entry 5050 (class 0 OID 0)
-- Dependencies: 256
-- Name: construction_quotaannuel_id_seq; Type: SEQUENCE SET; Schema: public; Owner: michpi
--

SELECT pg_catalog.setval('public.construction_quotaannuel_id_seq', 2, true);


--
-- TOC entry 5051 (class 0 OID 0)
-- Dependencies: 237
-- Name: construction_region_id_seq; Type: SEQUENCE SET; Schema: public; Owner: michpi
--

SELECT pg_catalog.setval('public.construction_region_id_seq', 143, true);


--
-- TOC entry 5052 (class 0 OID 0)
-- Dependencies: 244
-- Name: construction_site_id_seq; Type: SEQUENCE SET; Schema: public; Owner: michpi
--

SELECT pg_catalog.setval('public.construction_site_id_seq', 3758, true);


--
-- TOC entry 5053 (class 0 OID 0)
-- Dependencies: 252
-- Name: construction_typeconge_id_seq; Type: SEQUENCE SET; Schema: public; Owner: michpi
--

SELECT pg_catalog.setval('public.construction_typeconge_id_seq', 1, true);


--
-- TOC entry 5054 (class 0 OID 0)
-- Dependencies: 233
-- Name: django_admin_log_id_seq; Type: SEQUENCE SET; Schema: public; Owner: michpi
--

SELECT pg_catalog.setval('public.django_admin_log_id_seq', 678, true);


--
-- TOC entry 5055 (class 0 OID 0)
-- Dependencies: 219
-- Name: django_content_type_id_seq; Type: SEQUENCE SET; Schema: public; Owner: michpi
--

SELECT pg_catalog.setval('public.django_content_type_id_seq', 17, true);


--
-- TOC entry 5056 (class 0 OID 0)
-- Dependencies: 217
-- Name: django_migrations_id_seq; Type: SEQUENCE SET; Schema: public; Owner: michpi
--

SELECT pg_catalog.setval('public.django_migrations_id_seq', 29, true);


--
-- TOC entry 4758 (class 2606 OID 17072)
-- Name: auth_group auth_group_name_key; Type: CONSTRAINT; Schema: public; Owner: michpi
--

ALTER TABLE ONLY public.auth_group
    ADD CONSTRAINT auth_group_name_key UNIQUE (name);


--
-- TOC entry 4763 (class 2606 OID 17003)
-- Name: auth_group_permissions auth_group_permissions_group_id_permission_id_0cd325b0_uniq; Type: CONSTRAINT; Schema: public; Owner: michpi
--

ALTER TABLE ONLY public.auth_group_permissions
    ADD CONSTRAINT auth_group_permissions_group_id_permission_id_0cd325b0_uniq UNIQUE (group_id, permission_id);


--
-- TOC entry 4766 (class 2606 OID 16972)
-- Name: auth_group_permissions auth_group_permissions_pkey; Type: CONSTRAINT; Schema: public; Owner: michpi
--

ALTER TABLE ONLY public.auth_group_permissions
    ADD CONSTRAINT auth_group_permissions_pkey PRIMARY KEY (id);


--
-- TOC entry 4760 (class 2606 OID 16964)
-- Name: auth_group auth_group_pkey; Type: CONSTRAINT; Schema: public; Owner: michpi
--

ALTER TABLE ONLY public.auth_group
    ADD CONSTRAINT auth_group_pkey PRIMARY KEY (id);


--
-- TOC entry 4753 (class 2606 OID 16994)
-- Name: auth_permission auth_permission_content_type_id_codename_01ab375a_uniq; Type: CONSTRAINT; Schema: public; Owner: michpi
--

ALTER TABLE ONLY public.auth_permission
    ADD CONSTRAINT auth_permission_content_type_id_codename_01ab375a_uniq UNIQUE (content_type_id, codename);


--
-- TOC entry 4755 (class 2606 OID 16958)
-- Name: auth_permission auth_permission_pkey; Type: CONSTRAINT; Schema: public; Owner: michpi
--

ALTER TABLE ONLY public.auth_permission
    ADD CONSTRAINT auth_permission_pkey PRIMARY KEY (id);


--
-- TOC entry 4774 (class 2606 OID 16986)
-- Name: auth_user_groups auth_user_groups_pkey; Type: CONSTRAINT; Schema: public; Owner: michpi
--

ALTER TABLE ONLY public.auth_user_groups
    ADD CONSTRAINT auth_user_groups_pkey PRIMARY KEY (id);


--
-- TOC entry 4777 (class 2606 OID 17018)
-- Name: auth_user_groups auth_user_groups_user_id_group_id_94350c0c_uniq; Type: CONSTRAINT; Schema: public; Owner: michpi
--

ALTER TABLE ONLY public.auth_user_groups
    ADD CONSTRAINT auth_user_groups_user_id_group_id_94350c0c_uniq UNIQUE (user_id, group_id);


--
-- TOC entry 4768 (class 2606 OID 16978)
-- Name: auth_user auth_user_pkey; Type: CONSTRAINT; Schema: public; Owner: michpi
--

ALTER TABLE ONLY public.auth_user
    ADD CONSTRAINT auth_user_pkey PRIMARY KEY (id);


--
-- TOC entry 4780 (class 2606 OID 16992)
-- Name: auth_user_user_permissions auth_user_user_permissions_pkey; Type: CONSTRAINT; Schema: public; Owner: michpi
--

ALTER TABLE ONLY public.auth_user_user_permissions
    ADD CONSTRAINT auth_user_user_permissions_pkey PRIMARY KEY (id);


--
-- TOC entry 4783 (class 2606 OID 17032)
-- Name: auth_user_user_permissions auth_user_user_permissions_user_id_permission_id_14a6b632_uniq; Type: CONSTRAINT; Schema: public; Owner: michpi
--

ALTER TABLE ONLY public.auth_user_user_permissions
    ADD CONSTRAINT auth_user_user_permissions_user_id_permission_id_14a6b632_uniq UNIQUE (user_id, permission_id);


--
-- TOC entry 4771 (class 2606 OID 17067)
-- Name: auth_user auth_user_username_key; Type: CONSTRAINT; Schema: public; Owner: michpi
--

ALTER TABLE ONLY public.auth_user
    ADD CONSTRAINT auth_user_username_key UNIQUE (username);


--
-- TOC entry 4810 (class 2606 OID 17238)
-- Name: construction_avancement construction_avancement_pkey; Type: CONSTRAINT; Schema: public; Owner: michpi
--

ALTER TABLE ONLY public.construction_avancement
    ADD CONSTRAINT construction_avancement_pkey PRIMARY KEY (id);


--
-- TOC entry 4802 (class 2606 OID 17118)
-- Name: construction_commune construction_commune_pkey; Type: CONSTRAINT; Schema: public; Owner: michpi
--

ALTER TABLE ONLY public.construction_commune
    ADD CONSTRAINT construction_commune_pkey PRIMARY KEY (id);


--
-- TOC entry 4820 (class 2606 OID 33400)
-- Name: construction_conge construction_conge_pkey; Type: CONSTRAINT; Schema: public; Owner: michpi
--

ALTER TABLE ONLY public.construction_conge
    ADD CONSTRAINT construction_conge_pkey PRIMARY KEY (id);


--
-- TOC entry 4794 (class 2606 OID 17091)
-- Name: construction_district construction_district_pkey; Type: CONSTRAINT; Schema: public; Owner: michpi
--

ALTER TABLE ONLY public.construction_district
    ADD CONSTRAINT construction_district_pkey PRIMARY KEY (id);


--
-- TOC entry 4807 (class 2606 OID 17199)
-- Name: construction_marche construction_marche_pkey; Type: CONSTRAINT; Schema: public; Owner: michpi
--

ALTER TABLE ONLY public.construction_marche
    ADD CONSTRAINT construction_marche_pkey PRIMARY KEY (id);


--
-- TOC entry 4814 (class 2606 OID 33383)
-- Name: construction_personnel construction_personnel_im_key; Type: CONSTRAINT; Schema: public; Owner: michpi
--

ALTER TABLE ONLY public.construction_personnel
    ADD CONSTRAINT construction_personnel_im_key UNIQUE (im);


--
-- TOC entry 4816 (class 2606 OID 33381)
-- Name: construction_personnel construction_personnel_pkey; Type: CONSTRAINT; Schema: public; Owner: michpi
--

ALTER TABLE ONLY public.construction_personnel
    ADD CONSTRAINT construction_personnel_pkey PRIMARY KEY (id);


--
-- TOC entry 4789 (class 2606 OID 17079)
-- Name: construction_province construction_province_pkey; Type: CONSTRAINT; Schema: public; Owner: michpi
--

ALTER TABLE ONLY public.construction_province
    ADD CONSTRAINT construction_province_pkey PRIMARY KEY (id);


--
-- TOC entry 4824 (class 2606 OID 33409)
-- Name: construction_quotaannuel construction_quotaannuel_pkey; Type: CONSTRAINT; Schema: public; Owner: michpi
--

ALTER TABLE ONLY public.construction_quotaannuel
    ADD CONSTRAINT construction_quotaannuel_pkey PRIMARY KEY (id);


--
-- TOC entry 4827 (class 2606 OID 33424)
-- Name: construction_quotaannuel construction_quotaannuel_utilisateur_id_annee_f8985662_uniq; Type: CONSTRAINT; Schema: public; Owner: michpi
--

ALTER TABLE ONLY public.construction_quotaannuel
    ADD CONSTRAINT construction_quotaannuel_utilisateur_id_annee_f8985662_uniq UNIQUE (utilisateur_id, annee);


--
-- TOC entry 4791 (class 2606 OID 17085)
-- Name: construction_region construction_region_pkey; Type: CONSTRAINT; Schema: public; Owner: michpi
--

ALTER TABLE ONLY public.construction_region
    ADD CONSTRAINT construction_region_pkey PRIMARY KEY (id);


--
-- TOC entry 4805 (class 2606 OID 17165)
-- Name: construction_site construction_site_pkey; Type: CONSTRAINT; Schema: public; Owner: michpi
--

ALTER TABLE ONLY public.construction_site
    ADD CONSTRAINT construction_site_pkey PRIMARY KEY (id);


--
-- TOC entry 4818 (class 2606 OID 33391)
-- Name: construction_typeconge construction_typeconge_pkey; Type: CONSTRAINT; Schema: public; Owner: michpi
--

ALTER TABLE ONLY public.construction_typeconge
    ADD CONSTRAINT construction_typeconge_pkey PRIMARY KEY (id);


--
-- TOC entry 4786 (class 2606 OID 17053)
-- Name: django_admin_log django_admin_log_pkey; Type: CONSTRAINT; Schema: public; Owner: michpi
--

ALTER TABLE ONLY public.django_admin_log
    ADD CONSTRAINT django_admin_log_pkey PRIMARY KEY (id);


--
-- TOC entry 4748 (class 2606 OID 16952)
-- Name: django_content_type django_content_type_app_label_model_76bd3d3b_uniq; Type: CONSTRAINT; Schema: public; Owner: michpi
--

ALTER TABLE ONLY public.django_content_type
    ADD CONSTRAINT django_content_type_app_label_model_76bd3d3b_uniq UNIQUE (app_label, model);


--
-- TOC entry 4750 (class 2606 OID 16950)
-- Name: django_content_type django_content_type_pkey; Type: CONSTRAINT; Schema: public; Owner: michpi
--

ALTER TABLE ONLY public.django_content_type
    ADD CONSTRAINT django_content_type_pkey PRIMARY KEY (id);


--
-- TOC entry 4746 (class 2606 OID 16944)
-- Name: django_migrations django_migrations_pkey; Type: CONSTRAINT; Schema: public; Owner: michpi
--

ALTER TABLE ONLY public.django_migrations
    ADD CONSTRAINT django_migrations_pkey PRIMARY KEY (id);


--
-- TOC entry 4798 (class 2606 OID 17110)
-- Name: django_session django_session_pkey; Type: CONSTRAINT; Schema: public; Owner: michpi
--

ALTER TABLE ONLY public.django_session
    ADD CONSTRAINT django_session_pkey PRIMARY KEY (session_key);


--
-- TOC entry 4756 (class 1259 OID 17073)
-- Name: auth_group_name_a6ea08ec_like; Type: INDEX; Schema: public; Owner: michpi
--

CREATE INDEX auth_group_name_a6ea08ec_like ON public.auth_group USING btree (name varchar_pattern_ops);


--
-- TOC entry 4761 (class 1259 OID 17014)
-- Name: auth_group_permissions_group_id_b120cbf9; Type: INDEX; Schema: public; Owner: michpi
--

CREATE INDEX auth_group_permissions_group_id_b120cbf9 ON public.auth_group_permissions USING btree (group_id);


--
-- TOC entry 4764 (class 1259 OID 17015)
-- Name: auth_group_permissions_permission_id_84c5c92e; Type: INDEX; Schema: public; Owner: michpi
--

CREATE INDEX auth_group_permissions_permission_id_84c5c92e ON public.auth_group_permissions USING btree (permission_id);


--
-- TOC entry 4751 (class 1259 OID 17000)
-- Name: auth_permission_content_type_id_2f476e4b; Type: INDEX; Schema: public; Owner: michpi
--

CREATE INDEX auth_permission_content_type_id_2f476e4b ON public.auth_permission USING btree (content_type_id);


--
-- TOC entry 4772 (class 1259 OID 17030)
-- Name: auth_user_groups_group_id_97559544; Type: INDEX; Schema: public; Owner: michpi
--

CREATE INDEX auth_user_groups_group_id_97559544 ON public.auth_user_groups USING btree (group_id);


--
-- TOC entry 4775 (class 1259 OID 17029)
-- Name: auth_user_groups_user_id_6a12ed8b; Type: INDEX; Schema: public; Owner: michpi
--

CREATE INDEX auth_user_groups_user_id_6a12ed8b ON public.auth_user_groups USING btree (user_id);


--
-- TOC entry 4778 (class 1259 OID 17044)
-- Name: auth_user_user_permissions_permission_id_1fbb5f2c; Type: INDEX; Schema: public; Owner: michpi
--

CREATE INDEX auth_user_user_permissions_permission_id_1fbb5f2c ON public.auth_user_user_permissions USING btree (permission_id);


--
-- TOC entry 4781 (class 1259 OID 17043)
-- Name: auth_user_user_permissions_user_id_a95ead1b; Type: INDEX; Schema: public; Owner: michpi
--

CREATE INDEX auth_user_user_permissions_user_id_a95ead1b ON public.auth_user_user_permissions USING btree (user_id);


--
-- TOC entry 4769 (class 1259 OID 17068)
-- Name: auth_user_username_6821ab7c_like; Type: INDEX; Schema: public; Owner: michpi
--

CREATE INDEX auth_user_username_6821ab7c_like ON public.auth_user USING btree (username varchar_pattern_ops);


--
-- TOC entry 4811 (class 1259 OID 17244)
-- Name: construction_avancement_site_id_3946dc67; Type: INDEX; Schema: public; Owner: michpi
--

CREATE INDEX construction_avancement_site_id_3946dc67 ON public.construction_avancement USING btree (site_id);


--
-- TOC entry 4800 (class 1259 OID 17124)
-- Name: construction_commune_district_id_1efc4895; Type: INDEX; Schema: public; Owner: michpi
--

CREATE INDEX construction_commune_district_id_1efc4895 ON public.construction_commune USING btree (district_id);


--
-- TOC entry 4821 (class 1259 OID 33422)
-- Name: construction_conge_type_conge_id_d2c4ac3a; Type: INDEX; Schema: public; Owner: michpi
--

CREATE INDEX construction_conge_type_conge_id_d2c4ac3a ON public.construction_conge USING btree (type_conge_id);


--
-- TOC entry 4822 (class 1259 OID 33421)
-- Name: construction_conge_utilisateur_id_4736996e; Type: INDEX; Schema: public; Owner: michpi
--

CREATE INDEX construction_conge_utilisateur_id_4736996e ON public.construction_conge USING btree (utilisateur_id);


--
-- TOC entry 4795 (class 1259 OID 17103)
-- Name: construction_district_region_id_73b10a35; Type: INDEX; Schema: public; Owner: michpi
--

CREATE INDEX construction_district_region_id_73b10a35 ON public.construction_district USING btree (region_id);


--
-- TOC entry 4808 (class 1259 OID 17205)
-- Name: construction_marche_site_id_793dfb67; Type: INDEX; Schema: public; Owner: michpi
--

CREATE INDEX construction_marche_site_id_793dfb67 ON public.construction_marche USING btree (site_id);


--
-- TOC entry 4812 (class 1259 OID 33410)
-- Name: construction_personnel_im_32180012_like; Type: INDEX; Schema: public; Owner: michpi
--

CREATE INDEX construction_personnel_im_32180012_like ON public.construction_personnel USING btree (im varchar_pattern_ops);


--
-- TOC entry 4825 (class 1259 OID 33430)
-- Name: construction_quotaannuel_utilisateur_id_795267c3; Type: INDEX; Schema: public; Owner: michpi
--

CREATE INDEX construction_quotaannuel_utilisateur_id_795267c3 ON public.construction_quotaannuel USING btree (utilisateur_id);


--
-- TOC entry 4792 (class 1259 OID 17097)
-- Name: construction_region_province_id_2988d2fa; Type: INDEX; Schema: public; Owner: michpi
--

CREATE INDEX construction_region_province_id_2988d2fa ON public.construction_region USING btree (province_id);


--
-- TOC entry 4803 (class 1259 OID 17171)
-- Name: construction_site_commune_id_9c3a7f76; Type: INDEX; Schema: public; Owner: michpi
--

CREATE INDEX construction_site_commune_id_9c3a7f76 ON public.construction_site USING btree (commune_id);


--
-- TOC entry 4784 (class 1259 OID 17064)
-- Name: django_admin_log_content_type_id_c4bce8eb; Type: INDEX; Schema: public; Owner: michpi
--

CREATE INDEX django_admin_log_content_type_id_c4bce8eb ON public.django_admin_log USING btree (content_type_id);


--
-- TOC entry 4787 (class 1259 OID 17065)
-- Name: django_admin_log_user_id_c564eba6; Type: INDEX; Schema: public; Owner: michpi
--

CREATE INDEX django_admin_log_user_id_c564eba6 ON public.django_admin_log USING btree (user_id);


--
-- TOC entry 4796 (class 1259 OID 17112)
-- Name: django_session_expire_date_a5c62663; Type: INDEX; Schema: public; Owner: michpi
--

CREATE INDEX django_session_expire_date_a5c62663 ON public.django_session USING btree (expire_date);


--
-- TOC entry 4799 (class 1259 OID 17111)
-- Name: django_session_session_key_c0390e0f_like; Type: INDEX; Schema: public; Owner: michpi
--

CREATE INDEX django_session_session_key_c0390e0f_like ON public.django_session USING btree (session_key varchar_pattern_ops);


--
-- TOC entry 4829 (class 2606 OID 17009)
-- Name: auth_group_permissions auth_group_permissio_permission_id_84c5c92e_fk_auth_perm; Type: FK CONSTRAINT; Schema: public; Owner: michpi
--

ALTER TABLE ONLY public.auth_group_permissions
    ADD CONSTRAINT auth_group_permissio_permission_id_84c5c92e_fk_auth_perm FOREIGN KEY (permission_id) REFERENCES public.auth_permission(id) DEFERRABLE INITIALLY DEFERRED;


--
-- TOC entry 4830 (class 2606 OID 17004)
-- Name: auth_group_permissions auth_group_permissions_group_id_b120cbf9_fk_auth_group_id; Type: FK CONSTRAINT; Schema: public; Owner: michpi
--

ALTER TABLE ONLY public.auth_group_permissions
    ADD CONSTRAINT auth_group_permissions_group_id_b120cbf9_fk_auth_group_id FOREIGN KEY (group_id) REFERENCES public.auth_group(id) DEFERRABLE INITIALLY DEFERRED;


--
-- TOC entry 4828 (class 2606 OID 16995)
-- Name: auth_permission auth_permission_content_type_id_2f476e4b_fk_django_co; Type: FK CONSTRAINT; Schema: public; Owner: michpi
--

ALTER TABLE ONLY public.auth_permission
    ADD CONSTRAINT auth_permission_content_type_id_2f476e4b_fk_django_co FOREIGN KEY (content_type_id) REFERENCES public.django_content_type(id) DEFERRABLE INITIALLY DEFERRED;


--
-- TOC entry 4831 (class 2606 OID 17024)
-- Name: auth_user_groups auth_user_groups_group_id_97559544_fk_auth_group_id; Type: FK CONSTRAINT; Schema: public; Owner: michpi
--

ALTER TABLE ONLY public.auth_user_groups
    ADD CONSTRAINT auth_user_groups_group_id_97559544_fk_auth_group_id FOREIGN KEY (group_id) REFERENCES public.auth_group(id) DEFERRABLE INITIALLY DEFERRED;


--
-- TOC entry 4832 (class 2606 OID 17019)
-- Name: auth_user_groups auth_user_groups_user_id_6a12ed8b_fk_auth_user_id; Type: FK CONSTRAINT; Schema: public; Owner: michpi
--

ALTER TABLE ONLY public.auth_user_groups
    ADD CONSTRAINT auth_user_groups_user_id_6a12ed8b_fk_auth_user_id FOREIGN KEY (user_id) REFERENCES public.auth_user(id) DEFERRABLE INITIALLY DEFERRED;


--
-- TOC entry 4833 (class 2606 OID 17038)
-- Name: auth_user_user_permissions auth_user_user_permi_permission_id_1fbb5f2c_fk_auth_perm; Type: FK CONSTRAINT; Schema: public; Owner: michpi
--

ALTER TABLE ONLY public.auth_user_user_permissions
    ADD CONSTRAINT auth_user_user_permi_permission_id_1fbb5f2c_fk_auth_perm FOREIGN KEY (permission_id) REFERENCES public.auth_permission(id) DEFERRABLE INITIALLY DEFERRED;


--
-- TOC entry 4834 (class 2606 OID 17033)
-- Name: auth_user_user_permissions auth_user_user_permissions_user_id_a95ead1b_fk_auth_user_id; Type: FK CONSTRAINT; Schema: public; Owner: michpi
--

ALTER TABLE ONLY public.auth_user_user_permissions
    ADD CONSTRAINT auth_user_user_permissions_user_id_a95ead1b_fk_auth_user_id FOREIGN KEY (user_id) REFERENCES public.auth_user(id) DEFERRABLE INITIALLY DEFERRED;


--
-- TOC entry 4842 (class 2606 OID 17239)
-- Name: construction_avancement construction_avancem_site_id_3946dc67_fk_construct; Type: FK CONSTRAINT; Schema: public; Owner: michpi
--

ALTER TABLE ONLY public.construction_avancement
    ADD CONSTRAINT construction_avancem_site_id_3946dc67_fk_construct FOREIGN KEY (site_id) REFERENCES public.construction_site(id) DEFERRABLE INITIALLY DEFERRED;


--
-- TOC entry 4839 (class 2606 OID 17119)
-- Name: construction_commune construction_commune_district_id_1efc4895_fk_construct; Type: FK CONSTRAINT; Schema: public; Owner: michpi
--

ALTER TABLE ONLY public.construction_commune
    ADD CONSTRAINT construction_commune_district_id_1efc4895_fk_construct FOREIGN KEY (district_id) REFERENCES public.construction_district(id) DEFERRABLE INITIALLY DEFERRED;


--
-- TOC entry 4843 (class 2606 OID 33416)
-- Name: construction_conge construction_conge_type_conge_id_d2c4ac3a_fk_construct; Type: FK CONSTRAINT; Schema: public; Owner: michpi
--

ALTER TABLE ONLY public.construction_conge
    ADD CONSTRAINT construction_conge_type_conge_id_d2c4ac3a_fk_construct FOREIGN KEY (type_conge_id) REFERENCES public.construction_typeconge(id) DEFERRABLE INITIALLY DEFERRED;


--
-- TOC entry 4844 (class 2606 OID 33411)
-- Name: construction_conge construction_conge_utilisateur_id_4736996e_fk_construct; Type: FK CONSTRAINT; Schema: public; Owner: michpi
--

ALTER TABLE ONLY public.construction_conge
    ADD CONSTRAINT construction_conge_utilisateur_id_4736996e_fk_construct FOREIGN KEY (utilisateur_id) REFERENCES public.construction_personnel(id) DEFERRABLE INITIALLY DEFERRED;


--
-- TOC entry 4838 (class 2606 OID 17098)
-- Name: construction_district construction_distric_region_id_73b10a35_fk_construct; Type: FK CONSTRAINT; Schema: public; Owner: michpi
--

ALTER TABLE ONLY public.construction_district
    ADD CONSTRAINT construction_distric_region_id_73b10a35_fk_construct FOREIGN KEY (region_id) REFERENCES public.construction_region(id) DEFERRABLE INITIALLY DEFERRED;


--
-- TOC entry 4841 (class 2606 OID 17200)
-- Name: construction_marche construction_marche_site_id_793dfb67_fk_construction_site_id; Type: FK CONSTRAINT; Schema: public; Owner: michpi
--

ALTER TABLE ONLY public.construction_marche
    ADD CONSTRAINT construction_marche_site_id_793dfb67_fk_construction_site_id FOREIGN KEY (site_id) REFERENCES public.construction_site(id) DEFERRABLE INITIALLY DEFERRED;


--
-- TOC entry 4845 (class 2606 OID 33425)
-- Name: construction_quotaannuel construction_quotaan_utilisateur_id_795267c3_fk_construct; Type: FK CONSTRAINT; Schema: public; Owner: michpi
--

ALTER TABLE ONLY public.construction_quotaannuel
    ADD CONSTRAINT construction_quotaan_utilisateur_id_795267c3_fk_construct FOREIGN KEY (utilisateur_id) REFERENCES public.construction_personnel(id) DEFERRABLE INITIALLY DEFERRED;


--
-- TOC entry 4837 (class 2606 OID 17092)
-- Name: construction_region construction_region_province_id_2988d2fa_fk_construct; Type: FK CONSTRAINT; Schema: public; Owner: michpi
--

ALTER TABLE ONLY public.construction_region
    ADD CONSTRAINT construction_region_province_id_2988d2fa_fk_construct FOREIGN KEY (province_id) REFERENCES public.construction_province(id) DEFERRABLE INITIALLY DEFERRED;


--
-- TOC entry 4840 (class 2606 OID 17166)
-- Name: construction_site construction_site_commune_id_9c3a7f76_fk_construct; Type: FK CONSTRAINT; Schema: public; Owner: michpi
--

ALTER TABLE ONLY public.construction_site
    ADD CONSTRAINT construction_site_commune_id_9c3a7f76_fk_construct FOREIGN KEY (commune_id) REFERENCES public.construction_commune(id) DEFERRABLE INITIALLY DEFERRED;


--
-- TOC entry 4835 (class 2606 OID 17054)
-- Name: django_admin_log django_admin_log_content_type_id_c4bce8eb_fk_django_co; Type: FK CONSTRAINT; Schema: public; Owner: michpi
--

ALTER TABLE ONLY public.django_admin_log
    ADD CONSTRAINT django_admin_log_content_type_id_c4bce8eb_fk_django_co FOREIGN KEY (content_type_id) REFERENCES public.django_content_type(id) DEFERRABLE INITIALLY DEFERRED;


--
-- TOC entry 4836 (class 2606 OID 17059)
-- Name: django_admin_log django_admin_log_user_id_c564eba6_fk_auth_user_id; Type: FK CONSTRAINT; Schema: public; Owner: michpi
--

ALTER TABLE ONLY public.django_admin_log
    ADD CONSTRAINT django_admin_log_user_id_c564eba6_fk_auth_user_id FOREIGN KEY (user_id) REFERENCES public.auth_user(id) DEFERRABLE INITIALLY DEFERRED;


-- Completed on 2025-01-15 13:22:05

--
-- PostgreSQL database dump complete
--

